2026-09-12T11:52:47.744-03:00  INFO 2448 --- [backend] [main] com.duoc.backend.BackendApplication      : Starting BackendApplication using Java 21.0.12.1 with PID 2448 (C:\Users\afro8\Downloads\JAVA CLOUD\Codigo Base\target\classes started by afro8 in C:\Users\afro8\Downloads\JAVA CLOUD\Codigo Base)
2026-09-12T11:52:47.756-03:00 DEBUG 2448 --- [backend] [main] com.duoc.backend.BackendApplication      : Running with Spring Boot v3.4.4, Spring v6.2.5
2026-09-12T11:52:47.759-03:00  INFO 2448 --- [backend] [main] com.duoc.backend.BackendApplication      : No active profile set, falling back to 1 default profile: "default"
2026-09-12T11:52:49.576-03:00  INFO 2448 --- [backend] [main] .s.d.r.c.RepositoryConfigurationDelegate : Bootstrapping Spring Data JPA repositories in DEFAULT mode.
2026-09-12T11:52:49.800-03:00  INFO 2448 --- [backend] [main] .s.d.r.c.RepositoryConfigurationDelegate : Finished Spring Data repository scanning in 203 ms. Found 6 JPA repository interfaces.
2026-09-12T11:52:51.020-03:00  INFO 2448 --- [backend] [main] o.s.b.w.embedded.tomcat.TomcatWebServer  : Tomcat initialized with port 8180 (http)
2026-09-12T11:52:51.048-03:00  INFO 2448 --- [backend] [main] o.apache.catalina.core.StandardService   : Starting service [Tomcat]
2026-09-12T11:52:51.049-03:00  INFO 2448 --- [backend] [main] o.apache.catalina.core.StandardEngine    : Starting Servlet engine: [Apache Tomcat/10.1.39]
2026-09-12T11:52:51.235-03:00  INFO 2448 --- [backend] [main] o.a.c.c.C.[Tomcat].[localhost].[/]       : Initializing Spring embedded WebApplicationContext
2026-09-12T11:52:51.236-03:00  INFO 2448 --- [backend] [main] w.s.c.ServletWebServerApplicationContext : Root WebApplicationContext: initialization completed in 3353 ms
2026-09-12T11:52:51.335-03:00 DEBUG 2448 --- [backend] [main] c.duoc.backend.JWTAuthorizationFilter    : Filter 'JWTAuthorizationFilter' configured for use
2026-09-12T11:52:51.370-03:00 DEBUG 2448 --- [backend] [main] com.zaxxer.hikari.HikariConfig           : Driver class com.mysql.cj.jdbc.Driver found in Thread context class loader jdk.internal.loader.ClassLoaders$AppClassLoader@33909752
2026-09-12T11:52:51.551-03:00 DEBUG 2448 --- [backend] [main] o.hibernate.jpa.internal.util.LogHelper  : PersistenceUnitInfo [
	name: default
	persistence provider classname: null
	classloader: jdk.internal.loader.ClassLoaders$AppClassLoader@33909752
	excludeUnlistedClasses: true
	JTA datasource: null
	Non JTA datasource: HikariDataSource (null)
	Transaction type: RESOURCE_LOCAL
	PU root URL: file:/C:/Users/afro8/Downloads/JAVA%20CLOUD/Codigo%20Base/target/classes/
	Shared Cache Mode: UNSPECIFIED
	Validation Mode: AUTO
	Jar files URLs []
	Managed classes names [
		com.duoc.backend.Appointment.Appointment
		com.duoc.backend.Care.Care
		com.duoc.backend.Invoice.Invoice
		com.duoc.backend.Medication.Medication
		com.duoc.backend.Patient.Patient
		com.duoc.backend.User]
	Mapping files names []
	Properties []
2026-09-12T11:52:51.568-03:00 DEBUG 2448 --- [backend] [main] o.h.i.internal.IntegratorServiceImpl     : Adding Integrator [org.hibernate.boot.beanvalidation.BeanValidationIntegrator].
2026-09-12T11:52:51.576-03:00 DEBUG 2448 --- [backend] [main] o.h.i.internal.IntegratorServiceImpl     : Adding Integrator [org.hibernate.cache.internal.CollectionCacheInvalidator].
2026-09-12T11:52:51.605-03:00 TRACE 2448 --- [backend] [main] o.h.b.r.s.internal.StrategySelectorImpl  : Registering named strategy selector [org.hibernate.resource.transaction.spi.TransactionCoordinatorBuilder] : [jdbc] -> [org.hibernate.resource.transaction.backend.jdbc.internal.JdbcResourceLocalTransactionCoordinatorBuilderImpl]
2026-09-12T11:52:51.608-03:00 TRACE 2448 --- [backend] [main] o.h.b.r.s.internal.StrategySelectorImpl  : Registering named strategy selector [org.hibernate.resource.transaction.spi.TransactionCoordinatorBuilder] : [jta] -> [org.hibernate.resource.transaction.backend.jta.internal.JtaTransactionCoordinatorBuilderImpl]
2026-09-12T11:52:51.609-03:00 TRACE 2448 --- [backend] [main] o.h.b.r.s.internal.StrategySelectorImpl  : Registering named strategy selector [org.hibernate.resource.transaction.spi.TransactionCoordinatorBuilder] : [org.hibernate.transaction.JDBCTransactionFactory] -> [org.hibernate.resource.transaction.backend.jdbc.internal.JdbcResourceLocalTransactionCoordinatorBuilderImpl]
2026-09-12T11:52:51.609-03:00 TRACE 2448 --- [backend] [main] o.h.b.r.s.internal.StrategySelectorImpl  : Registering named strategy selector [org.hibernate.resource.transaction.spi.TransactionCoordinatorBuilder] : [org.hibernate.transaction.JTATransactionFactory] -> [org.hibernate.resource.transaction.backend.jta.internal.JtaTransactionCoordinatorBuilderImpl]
2026-09-12T11:52:51.610-03:00 TRACE 2448 --- [backend] [main] o.h.b.r.s.internal.StrategySelectorImpl  : Registering named strategy selector [org.hibernate.resource.transaction.spi.TransactionCoordinatorBuilder] : [org.hibernate.transaction.CMTTransactionFactory] -> [org.hibernate.resource.transaction.backend.jta.internal.JtaTransactionCoordinatorBuilderImpl]
2026-09-12T11:52:51.613-03:00 TRACE 2448 --- [backend] [main] o.h.b.r.s.internal.StrategySelectorImpl  : Registering named strategy selector [org.hibernate.query.sqm.mutation.spi.SqmMultiTableInsertStrategy] : [cte] -> [org.hibernate.query.sqm.mutation.internal.cte.CteInsertStrategy]
2026-09-12T11:52:51.620-03:00 TRACE 2448 --- [backend] [main] o.h.b.r.s.internal.StrategySelectorImpl  : Registering named strategy selector [org.hibernate.query.sqm.mutation.spi.SqmMultiTableInsertStrategy] : [global_temporary] -> [org.hibernate.query.sqm.mutation.internal.temptable.GlobalTemporaryTableInsertStrategy]
2026-09-12T11:52:51.623-03:00 TRACE 2448 --- [backend] [main] o.h.b.r.s.internal.StrategySelectorImpl  : Registering named strategy selector [org.hibernate.query.sqm.mutation.spi.SqmMultiTableInsertStrategy] : [local_temporary] -> [org.hibernate.query.sqm.mutation.internal.temptable.LocalTemporaryTableInsertStrategy]
2026-09-12T11:52:51.629-03:00 TRACE 2448 --- [backend] [main] o.h.b.r.s.internal.StrategySelectorImpl  : Registering named strategy selector [org.hibernate.query.sqm.mutation.spi.SqmMultiTableInsertStrategy] : [persistent] -> [org.hibernate.query.sqm.mutation.internal.temptable.PersistentTableInsertStrategy]
2026-09-12T11:52:51.632-03:00 TRACE 2448 --- [backend] [main] o.h.b.r.s.internal.StrategySelectorImpl  : Registering named strategy selector [org.hibernate.query.sqm.mutation.spi.SqmMultiTableMutationStrategy] : [cte] -> [org.hibernate.query.sqm.mutation.internal.cte.CteMutationStrategy]
2026-09-12T11:52:51.637-03:00 TRACE 2448 --- [backend] [main] o.h.b.r.s.internal.StrategySelectorImpl  : Registering named strategy selector [org.hibernate.query.sqm.mutation.spi.SqmMultiTableMutationStrategy] : [global_temporary] -> [org.hibernate.query.sqm.mutation.internal.temptable.GlobalTemporaryTableMutationStrategy]
2026-09-12T11:52:51.639-03:00 TRACE 2448 --- [backend] [main] o.h.b.r.s.internal.StrategySelectorImpl  : Registering named strategy selector [org.hibernate.query.sqm.mutation.spi.SqmMultiTableMutationStrategy] : [local_temporary] -> [org.hibernate.query.sqm.mutation.internal.temptable.LocalTemporaryTableMutationStrategy]
2026-09-12T11:52:51.641-03:00 TRACE 2448 --- [backend] [main] o.h.b.r.s.internal.StrategySelectorImpl  : Registering named strategy selector [org.hibernate.query.sqm.mutation.spi.SqmMultiTableMutationStrategy] : [persistent] -> [org.hibernate.query.sqm.mutation.internal.temptable.PersistentTableMutationStrategy]
2026-09-12T11:52:51.643-03:00 TRACE 2448 --- [backend] [main] o.h.b.r.s.internal.StrategySelectorImpl  : Registering named strategy selector [org.hibernate.boot.model.naming.ImplicitNamingStrategy] : [default] -> [org.hibernate.boot.model.naming.ImplicitNamingStrategyJpaCompliantImpl]
2026-09-12T11:52:51.644-03:00 TRACE 2448 --- [backend] [main] o.h.b.r.s.internal.StrategySelectorImpl  : Registering named strategy selector [org.hibernate.boot.model.naming.ImplicitNamingStrategy] : [jpa] -> [org.hibernate.boot.model.naming.ImplicitNamingStrategyJpaCompliantImpl]
2026-09-12T11:52:51.649-03:00 TRACE 2448 --- [backend] [main] o.h.b.r.s.internal.StrategySelectorImpl  : Registering named strategy selector [org.hibernate.boot.model.naming.ImplicitNamingStrategy] : [legacy-jpa] -> [org.hibernate.boot.model.naming.ImplicitNamingStrategyLegacyJpaImpl]
2026-09-12T11:52:51.652-03:00 TRACE 2448 --- [backend] [main] o.h.b.r.s.internal.StrategySelectorImpl  : Registering named strategy selector [org.hibernate.boot.model.naming.ImplicitNamingStrategy] : [legacy-hbm] -> [org.hibernate.boot.model.naming.ImplicitNamingStrategyLegacyHbmImpl]
2026-09-12T11:52:51.654-03:00 TRACE 2448 --- [backend] [main] o.h.b.r.s.internal.StrategySelectorImpl  : Registering named strategy selector [org.hibernate.boot.model.naming.ImplicitNamingStrategy] : [component-path] -> [org.hibernate.boot.model.naming.ImplicitNamingStrategyComponentPathImpl]
2026-09-12T11:52:51.659-03:00 TRACE 2448 --- [backend] [main] o.h.b.r.s.internal.StrategySelectorImpl  : Registering named strategy selector [org.hibernate.id.enhanced.ImplicitDatabaseObjectNamingStrategy] : [standard] -> [org.hibernate.id.enhanced.StandardNamingStrategy]
2026-09-12T11:52:51.661-03:00 TRACE 2448 --- [backend] [main] o.h.b.r.s.internal.StrategySelectorImpl  : Registering named strategy selector [org.hibernate.id.enhanced.ImplicitDatabaseObjectNamingStrategy] : [single] -> [org.hibernate.id.enhanced.SingleNamingStrategy]
2026-09-12T11:52:51.666-03:00 TRACE 2448 --- [backend] [main] o.h.b.r.s.internal.StrategySelectorImpl  : Registering named strategy selector [org.hibernate.id.enhanced.ImplicitDatabaseObjectNamingStrategy] : [legacy] -> [org.hibernate.id.enhanced.LegacyNamingStrategy]
2026-09-12T11:52:51.670-03:00 TRACE 2448 --- [backend] [main] o.h.b.r.s.internal.StrategySelectorImpl  : Registering named strategy selector [org.hibernate.boot.model.relational.ColumnOrderingStrategy] : [default] -> [org.hibernate.boot.model.relational.ColumnOrderingStrategyStandard]
2026-09-12T11:52:51.672-03:00 TRACE 2448 --- [backend] [main] o.h.b.r.s.internal.StrategySelectorImpl  : Registering named strategy selector [org.hibernate.boot.model.relational.ColumnOrderingStrategy] : [legacy] -> [org.hibernate.boot.model.relational.ColumnOrderingStrategyLegacy]
2026-09-12T11:52:51.676-03:00 TRACE 2448 --- [backend] [main] o.h.b.r.s.internal.StrategySelectorImpl  : Registering named strategy selector [org.hibernate.cache.spi.CacheKeysFactory] : [default] -> [org.hibernate.cache.internal.DefaultCacheKeysFactory]
2026-09-12T11:52:51.678-03:00 TRACE 2448 --- [backend] [main] o.h.b.r.s.internal.StrategySelectorImpl  : Registering named strategy selector [org.hibernate.cache.spi.CacheKeysFactory] : [simple] -> [org.hibernate.cache.internal.SimpleCacheKeysFactory]
2026-09-12T11:52:51.686-03:00 TRACE 2448 --- [backend] [main] o.h.b.r.s.internal.StrategySelectorImpl  : Registering named strategy selector [org.hibernate.type.format.FormatMapper] : [jackson] -> [org.hibernate.type.format.jackson.JacksonJsonFormatMapper]
2026-09-12T11:52:51.688-03:00 TRACE 2448 --- [backend] [main] o.h.b.r.s.internal.StrategySelectorImpl  : Registering named strategy selector [org.hibernate.type.format.FormatMapper] : [jsonb] -> [org.hibernate.type.format.jakartajson.JsonBJsonFormatMapper]
2026-09-12T11:52:51.690-03:00 TRACE 2448 --- [backend] [main] o.h.b.r.s.internal.StrategySelectorImpl  : Registering named strategy selector [org.hibernate.type.format.FormatMapper] : [jackson-xml] -> [org.hibernate.type.format.jackson.JacksonXmlFormatMapper]
2026-09-12T11:52:51.696-03:00 TRACE 2448 --- [backend] [main] o.h.b.r.s.internal.StrategySelectorImpl  : Registering named strategy selector [org.hibernate.type.format.FormatMapper] : [jaxb] -> [org.hibernate.type.format.jaxb.JaxbXmlFormatMapper]
2026-09-12T11:52:51.771-03:00  INFO 2448 --- [backend] [main] org.hibernate.Version                    : HHH000412: Hibernate ORM core version 6.6.11.Final
2026-09-12T11:52:51.775-03:00 DEBUG 2448 --- [backend] [main] org.hibernate.cfg.Environment            : HHH000206: 'hibernate.properties' not found
2026-09-12T11:52:51.818-03:00 TRACE 2448 --- [backend] [main] o.h.s.i.AbstractServiceRegistryImpl      : Initializing service [role=org.hibernate.id.factory.IdentifierGeneratorFactory]
2026-09-12T11:52:51.825-03:00 TRACE 2448 --- [backend] [main] o.h.s.i.AbstractServiceRegistryImpl      : Initializing service [role=org.hibernate.engine.config.spi.ConfigurationService]
2026-09-12T11:52:51.832-03:00 TRACE 2448 --- [backend] [main] o.h.s.i.AbstractServiceRegistryImpl      : Initializing service [role=org.hibernate.resource.beans.spi.ManagedBeanRegistry]
2026-09-12T11:52:51.844-03:00 DEBUG 2448 --- [backend] [main] org.hibernate.orm.idgen.factory          : Registering IdentifierGenerator strategy [uuid2] -> [org.hibernate.id.UUIDGenerator]
2026-09-12T11:52:51.846-03:00 DEBUG 2448 --- [backend] [main] org.hibernate.orm.idgen.factory          : Registering IdentifierGenerator strategy [guid] -> [org.hibernate.id.GUIDGenerator]
2026-09-12T11:52:51.848-03:00 DEBUG 2448 --- [backend] [main] org.hibernate.orm.idgen.factory          : Registering IdentifierGenerator strategy [uuid] -> [org.hibernate.id.UUIDHexGenerator]
2026-09-12T11:52:51.848-03:00 DEBUG 2448 --- [backend] [main] org.hibernate.orm.idgen.factory          : Registering IdentifierGenerator strategy [uuid.hex] -> [org.hibernate.id.UUIDHexGenerator]
2026-09-12T11:52:51.849-03:00 DEBUG 2448 --- [backend] [main] org.hibernate.orm.idgen.factory          : Registering IdentifierGenerator strategy [assigned] -> [org.hibernate.id.Assigned]
2026-09-12T11:52:51.852-03:00 DEBUG 2448 --- [backend] [main] org.hibernate.orm.idgen.factory          : Registering IdentifierGenerator strategy [identity] -> [org.hibernate.id.IdentityGenerator]
2026-09-12T11:52:51.853-03:00 DEBUG 2448 --- [backend] [main] org.hibernate.orm.idgen.factory          : Registering IdentifierGenerator strategy [select] -> [org.hibernate.id.SelectGenerator]
2026-09-12T11:52:51.856-03:00 DEBUG 2448 --- [backend] [main] org.hibernate.orm.idgen.factory          : Registering IdentifierGenerator strategy [sequence] -> [org.hibernate.id.enhanced.SequenceStyleGenerator]
2026-09-12T11:52:51.862-03:00 DEBUG 2448 --- [backend] [main] org.hibernate.orm.idgen.factory          : Registering IdentifierGenerator strategy [increment] -> [org.hibernate.id.IncrementGenerator]
2026-09-12T11:52:51.863-03:00 DEBUG 2448 --- [backend] [main] org.hibernate.orm.idgen.factory          : Registering IdentifierGenerator strategy [foreign] -> [org.hibernate.id.ForeignGenerator]
2026-09-12T11:52:51.864-03:00 DEBUG 2448 --- [backend] [main] org.hibernate.orm.idgen.factory          : Registering IdentifierGenerator strategy [enhanced-sequence] -> [org.hibernate.id.enhanced.SequenceStyleGenerator]
2026-09-12T11:52:51.867-03:00 DEBUG 2448 --- [backend] [main] org.hibernate.orm.idgen.factory          : Registering IdentifierGenerator strategy [enhanced-table] -> [org.hibernate.id.enhanced.TableGenerator]
2026-09-12T11:52:51.883-03:00 TRACE 2448 --- [backend] [main] o.h.s.i.AbstractServiceRegistryImpl      : Initializing service [role=org.hibernate.engine.jdbc.connections.spi.MultiTenantConnectionProvider]
2026-09-12T11:52:51.885-03:00 TRACE 2448 --- [backend] [main] o.h.s.i.AbstractServiceRegistryImpl      : Initializing service [role=org.hibernate.cache.spi.RegionFactory]
2026-09-12T11:52:51.886-03:00 DEBUG 2448 --- [backend] [main] o.h.c.internal.RegionFactoryInitiator    : Cannot default RegionFactory based on registered strategies as `[]` RegionFactory strategies were registered
2026-09-12T11:52:51.889-03:00  INFO 2448 --- [backend] [main] o.h.c.internal.RegionFactoryInitiator    : HHH000026: Second-level cache disabled
2026-09-12T11:52:52.027-03:00 DEBUG 2448 --- [backend] [main] org.hibernate.type.BasicTypeRegistry     : Adding type registration boolean -> org.hibernate.type.BasicTypeReference@517704
2026-09-12T11:52:52.027-03:00 DEBUG 2448 --- [backend] [main] org.hibernate.type.BasicTypeRegistry     : Adding type registration boolean -> org.hibernate.type.BasicTypeReference@517704
2026-09-12T11:52:52.028-03:00 DEBUG 2448 --- [backend] [main] org.hibernate.type.BasicTypeRegistry     : Adding type registration java.lang.Boolean -> org.hibernate.type.BasicTypeReference@517704
2026-09-12T11:52:52.028-03:00 DEBUG 2448 --- [backend] [main] org.hibernate.type.BasicTypeRegistry     : Adding type registration numeric_boolean -> org.hibernate.type.BasicTypeReference@77cca767
2026-09-12T11:52:52.028-03:00 DEBUG 2448 --- [backend] [main] org.hibernate.type.BasicTypeRegistry     : Adding type registration org.hibernate.type.NumericBooleanConverter -> org.hibernate.type.BasicTypeReference@77cca767
2026-09-12T11:52:52.029-03:00 DEBUG 2448 --- [backend] [main] org.hibernate.type.BasicTypeRegistry     : Adding type registration true_false -> org.hibernate.type.BasicTypeReference@4b195203
2026-09-12T11:52:52.029-03:00 DEBUG 2448 --- [backend] [main] org.hibernate.type.BasicTypeRegistry     : Adding type registration org.hibernate.type.TrueFalseConverter -> org.hibernate.type.BasicTypeReference@4b195203
2026-09-12T11:52:52.029-03:00 DEBUG 2448 --- [backend] [main] org.hibernate.type.BasicTypeRegistry     : Adding type registration yes_no -> org.hibernate.type.BasicTypeReference@28a6e171
2026-09-12T11:52:52.030-03:00 DEBUG 2448 --- [backend] [main] org.hibernate.type.BasicTypeRegistry     : Adding type registration org.hibernate.type.YesNoConverter -> org.hibernate.type.BasicTypeReference@28a6e171
2026-09-12T11:52:52.030-03:00 DEBUG 2448 --- [backend] [main] org.hibernate.type.BasicTypeRegistry     : Adding type registration byte -> org.hibernate.type.BasicTypeReference@23444a36
2026-09-12T11:52:52.030-03:00 DEBUG 2448 --- [backend] [main] org.hibernate.type.BasicTypeRegistry     : Adding type registration byte -> org.hibernate.type.BasicTypeReference@23444a36
2026-09-12T11:52:52.031-03:00 DEBUG 2448 --- [backend] [main] org.hibernate.type.BasicTypeRegistry     : Adding type registration java.lang.Byte -> org.hibernate.type.BasicTypeReference@23444a36
2026-09-12T11:52:52.031-03:00 DEBUG 2448 --- [backend] [main] org.hibernate.type.BasicTypeRegistry     : Adding type registration binary -> org.hibernate.type.BasicTypeReference@31a136a6
2026-09-12T11:52:52.031-03:00 DEBUG 2448 --- [backend] [main] org.hibernate.type.BasicTypeRegistry     : Adding type registration byte[] -> org.hibernate.type.BasicTypeReference@31a136a6
2026-09-12T11:52:52.031-03:00 DEBUG 2448 --- [backend] [main] org.hibernate.type.BasicTypeRegistry     : Adding type registration [B -> org.hibernate.type.BasicTypeReference@31a136a6
2026-09-12T11:52:52.032-03:00 DEBUG 2448 --- [backend] [main] org.hibernate.type.BasicTypeRegistry     : Adding type registration binary_wrapper -> org.hibernate.type.BasicTypeReference@30a9e3db
2026-09-12T11:52:52.036-03:00 DEBUG 2448 --- [backend] [main] org.hibernate.type.BasicTypeRegistry     : Adding type registration wrapper-binary -> org.hibernate.type.BasicTypeReference@30a9e3db
2026-09-12T11:52:52.037-03:00 DEBUG 2448 --- [backend] [main] org.hibernate.type.BasicTypeRegistry     : Adding type registration image -> org.hibernate.type.BasicTypeReference@2f9b21d6
2026-09-12T11:52:52.039-03:00 DEBUG 2448 --- [backend] [main] org.hibernate.type.BasicTypeRegistry     : Adding type registration blob -> org.hibernate.type.BasicTypeReference@2e0fdbe9
2026-09-12T11:52:52.040-03:00 DEBUG 2448 --- [backend] [main] org.hibernate.type.BasicTypeRegistry     : Adding type registration java.sql.Blob -> org.hibernate.type.BasicTypeReference@2e0fdbe9
2026-09-12T11:52:52.043-03:00 DEBUG 2448 --- [backend] [main] org.hibernate.type.BasicTypeRegistry     : Adding type registration materialized_blob -> org.hibernate.type.BasicTypeReference@16a3cc88
2026-09-12T11:52:52.046-03:00 DEBUG 2448 --- [backend] [main] org.hibernate.type.BasicTypeRegistry     : Adding type registration materialized_blob_wrapper -> org.hibernate.type.BasicTypeReference@696b52bc
2026-09-12T11:52:52.047-03:00 DEBUG 2448 --- [backend] [main] org.hibernate.type.BasicTypeRegistry     : Adding type registration short -> org.hibernate.type.BasicTypeReference@1f884bd6
2026-09-12T11:52:52.048-03:00 DEBUG 2448 --- [backend] [main] org.hibernate.type.BasicTypeRegistry     : Adding type registration short -> org.hibernate.type.BasicTypeReference@1f884bd6
2026-09-12T11:52:52.048-03:00 DEBUG 2448 --- [backend] [main] org.hibernate.type.BasicTypeRegistry     : Adding type registration java.lang.Short -> org.hibernate.type.BasicTypeReference@1f884bd6
2026-09-12T11:52:52.048-03:00 DEBUG 2448 --- [backend] [main] org.hibernate.type.BasicTypeRegistry     : Adding type registration integer -> org.hibernate.type.BasicTypeReference@4f081b5d
2026-09-12T11:52:52.048-03:00 DEBUG 2448 --- [backend] [main] org.hibernate.type.BasicTypeRegistry     : Adding type registration int -> org.hibernate.type.BasicTypeReference@4f081b5d
2026-09-12T11:52:52.048-03:00 DEBUG 2448 --- [backend] [main] org.hibernate.type.BasicTypeRegistry     : Adding type registration java.lang.Integer -> org.hibernate.type.BasicTypeReference@4f081b5d
2026-09-12T11:52:52.049-03:00 DEBUG 2448 --- [backend] [main] org.hibernate.type.BasicTypeRegistry     : Adding type registration long -> org.hibernate.type.BasicTypeReference@474749b8
2026-09-12T11:52:52.049-03:00 DEBUG 2448 --- [backend] [main] org.hibernate.type.BasicTypeRegistry     : Adding type registration long -> org.hibernate.type.BasicTypeReference@474749b8
2026-09-12T11:52:52.049-03:00 DEBUG 2448 --- [backend] [main] org.hibernate.type.BasicTypeRegistry     : Adding type registration java.lang.Long -> org.hibernate.type.BasicTypeReference@474749b8
2026-09-12T11:52:52.050-03:00 DEBUG 2448 --- [backend] [main] org.hibernate.type.BasicTypeRegistry     : Adding type registration float -> org.hibernate.type.BasicTypeReference@740a0d5e
2026-09-12T11:52:52.050-03:00 DEBUG 2448 --- [backend] [main] org.hibernate.type.BasicTypeRegistry     : Adding type registration float -> org.hibernate.type.BasicTypeReference@740a0d5e
2026-09-12T11:52:52.050-03:00 DEBUG 2448 --- [backend] [main] org.hibernate.type.BasicTypeRegistry     : Adding type registration java.lang.Float -> org.hibernate.type.BasicTypeReference@740a0d5e
2026-09-12T11:52:52.051-03:00 DEBUG 2448 --- [backend] [main] org.hibernate.type.BasicTypeRegistry     : Adding type registration double -> org.hibernate.type.BasicTypeReference@29013ef2
2026-09-12T11:52:52.051-03:00 DEBUG 2448 --- [backend] [main] org.hibernate.type.BasicTypeRegistry     : Adding type registration double -> org.hibernate.type.BasicTypeReference@29013ef2
2026-09-12T11:52:52.052-03:00 DEBUG 2448 --- [backend] [main] org.hibernate.type.BasicTypeRegistry     : Adding type registration java.lang.Double -> org.hibernate.type.BasicTypeReference@29013ef2
2026-09-12T11:52:52.052-03:00 DEBUG 2448 --- [backend] [main] org.hibernate.type.BasicTypeRegistry     : Adding type registration big_integer -> org.hibernate.type.BasicTypeReference@265c1a7c
2026-09-12T11:52:52.052-03:00 DEBUG 2448 --- [backend] [main] org.hibernate.type.BasicTypeRegistry     : Adding type registration java.math.BigInteger -> org.hibernate.type.BasicTypeReference@265c1a7c
2026-09-12T11:52:52.052-03:00 DEBUG 2448 --- [backend] [main] org.hibernate.type.BasicTypeRegistry     : Adding type registration big_decimal -> org.hibernate.type.BasicTypeReference@5b2b8d86
2026-09-12T11:52:52.053-03:00 DEBUG 2448 --- [backend] [main] org.hibernate.type.BasicTypeRegistry     : Adding type registration java.math.BigDecimal -> org.hibernate.type.BasicTypeReference@5b2b8d86
2026-09-12T11:52:52.053-03:00 DEBUG 2448 --- [backend] [main] org.hibernate.type.BasicTypeRegistry     : Adding type registration character -> org.hibernate.type.BasicTypeReference@7fef0b40
2026-09-12T11:52:52.053-03:00 DEBUG 2448 --- [backend] [main] org.hibernate.type.BasicTypeRegistry     : Adding type registration char -> org.hibernate.type.BasicTypeReference@7fef0b40
2026-09-12T11:52:52.055-03:00 DEBUG 2448 --- [backend] [main] org.hibernate.type.BasicTypeRegistry     : Adding type registration java.lang.Character -> org.hibernate.type.BasicTypeReference@7fef0b40
2026-09-12T11:52:52.055-03:00 DEBUG 2448 --- [backend] [main] org.hibernate.type.BasicTypeRegistry     : Adding type registration character_nchar -> org.hibernate.type.BasicTypeReference@5f395ce1
2026-09-12T11:52:52.055-03:00 DEBUG 2448 --- [backend] [main] org.hibernate.type.BasicTypeRegistry     : Adding type registration string -> org.hibernate.type.BasicTypeReference@19f02280
2026-09-12T11:52:52.055-03:00 DEBUG 2448 --- [backend] [main] org.hibernate.type.BasicTypeRegistry     : Adding type registration java.lang.String -> org.hibernate.type.BasicTypeReference@19f02280
2026-09-12T11:52:52.056-03:00 DEBUG 2448 --- [backend] [main] org.hibernate.type.BasicTypeRegistry     : Adding type registration nstring -> org.hibernate.type.BasicTypeReference@1e30db85
2026-09-12T11:52:52.056-03:00 DEBUG 2448 --- [backend] [main] org.hibernate.type.BasicTypeRegistry     : Adding type registration characters -> org.hibernate.type.BasicTypeReference@19827608
2026-09-12T11:52:52.057-03:00 DEBUG 2448 --- [backend] [main] org.hibernate.type.BasicTypeRegistry     : Adding type registration char[] -> org.hibernate.type.BasicTypeReference@19827608
2026-09-12T11:52:52.057-03:00 DEBUG 2448 --- [backend] [main] org.hibernate.type.BasicTypeRegistry     : Adding type registration [C -> org.hibernate.type.BasicTypeReference@19827608
2026-09-12T11:52:52.058-03:00 DEBUG 2448 --- [backend] [main] org.hibernate.type.BasicTypeRegistry     : Adding type registration wrapper-characters -> org.hibernate.type.BasicTypeReference@cc9ef8d
2026-09-12T11:52:52.058-03:00 DEBUG 2448 --- [backend] [main] org.hibernate.type.BasicTypeRegistry     : Adding type registration text -> org.hibernate.type.BasicTypeReference@14b528b6
2026-09-12T11:52:52.058-03:00 DEBUG 2448 --- [backend] [main] org.hibernate.type.BasicTypeRegistry     : Adding type registration ntext -> org.hibernate.type.BasicTypeReference@c412556
2026-09-12T11:52:52.059-03:00 DEBUG 2448 --- [backend] [main] org.hibernate.type.BasicTypeRegistry     : Adding type registration clob -> org.hibernate.type.BasicTypeReference@6f930e0
2026-09-12T11:52:52.060-03:00 DEBUG 2448 --- [backend] [main] org.hibernate.type.BasicTypeRegistry     : Adding type registration java.sql.Clob -> org.hibernate.type.BasicTypeReference@6f930e0
2026-09-12T11:52:52.062-03:00 DEBUG 2448 --- [backend] [main] org.hibernate.type.BasicTypeRegistry     : Adding type registration nclob -> org.hibernate.type.BasicTypeReference@450f0235
2026-09-12T11:52:52.063-03:00 DEBUG 2448 --- [backend] [main] org.hibernate.type.BasicTypeRegistry     : Adding type registration java.sql.NClob -> org.hibernate.type.BasicTypeReference@450f0235
2026-09-12T11:52:52.065-03:00 DEBUG 2448 --- [backend] [main] org.hibernate.type.BasicTypeRegistry     : Adding type registration materialized_clob -> org.hibernate.type.BasicTypeReference@78c262ba
2026-09-12T11:52:52.065-03:00 DEBUG 2448 --- [backend] [main] org.hibernate.type.BasicTypeRegistry     : Adding type registration materialized_clob_char_array -> org.hibernate.type.BasicTypeReference@7d2c9361
2026-09-12T11:52:52.065-03:00 DEBUG 2448 --- [backend] [main] org.hibernate.type.BasicTypeRegistry     : Adding type registration materialized_clob_character_array -> org.hibernate.type.BasicTypeReference@329dc214
2026-09-12T11:52:52.066-03:00 DEBUG 2448 --- [backend] [main] org.hibernate.type.BasicTypeRegistry     : Adding type registration materialized_nclob -> org.hibernate.type.BasicTypeReference@fbe70d8
2026-09-12T11:52:52.066-03:00 DEBUG 2448 --- [backend] [main] org.hibernate.type.BasicTypeRegistry     : Adding type registration materialized_nclob_character_array -> org.hibernate.type.BasicTypeReference@64021427
2026-09-12T11:52:52.066-03:00 DEBUG 2448 --- [backend] [main] org.hibernate.type.BasicTypeRegistry     : Adding type registration materialized_nclob_char_array -> org.hibernate.type.BasicTypeReference@7d2c345d
2026-09-12T11:52:52.067-03:00 DEBUG 2448 --- [backend] [main] org.hibernate.type.BasicTypeRegistry     : Adding type registration Duration -> org.hibernate.type.BasicTypeReference@217dc48e
2026-09-12T11:52:52.068-03:00 DEBUG 2448 --- [backend] [main] org.hibernate.type.BasicTypeRegistry     : Adding type registration java.time.Duration -> org.hibernate.type.BasicTypeReference@217dc48e
2026-09-12T11:52:52.068-03:00 DEBUG 2448 --- [backend] [main] org.hibernate.type.BasicTypeRegistry     : Adding type registration LocalDateTime -> org.hibernate.type.BasicTypeReference@5db948c9
2026-09-12T11:52:52.068-03:00 DEBUG 2448 --- [backend] [main] org.hibernate.type.BasicTypeRegistry     : Adding type registration java.time.LocalDateTime -> org.hibernate.type.BasicTypeReference@5db948c9
2026-09-12T11:52:52.068-03:00 DEBUG 2448 --- [backend] [main] org.hibernate.type.BasicTypeRegistry     : Adding type registration LocalDate -> org.hibernate.type.BasicTypeReference@296edc75
2026-09-12T11:52:52.068-03:00 DEBUG 2448 --- [backend] [main] org.hibernate.type.BasicTypeRegistry     : Adding type registration java.time.LocalDate -> org.hibernate.type.BasicTypeReference@296edc75
2026-09-12T11:52:52.068-03:00 DEBUG 2448 --- [backend] [main] org.hibernate.type.BasicTypeRegistry     : Adding type registration LocalTime -> org.hibernate.type.BasicTypeReference@357c9bd9
2026-09-12T11:52:52.069-03:00 DEBUG 2448 --- [backend] [main] org.hibernate.type.BasicTypeRegistry     : Adding type registration java.time.LocalTime -> org.hibernate.type.BasicTypeReference@357c9bd9
2026-09-12T11:52:52.069-03:00 DEBUG 2448 --- [backend] [main] org.hibernate.type.BasicTypeRegistry     : Adding type registration OffsetDateTime -> org.hibernate.type.BasicTypeReference@7aea704c
2026-09-12T11:52:52.070-03:00 DEBUG 2448 --- [backend] [main] org.hibernate.type.BasicTypeRegistry     : Adding type registration java.time.OffsetDateTime -> org.hibernate.type.BasicTypeReference@7aea704c
2026-09-12T11:52:52.071-03:00 DEBUG 2448 --- [backend] [main] org.hibernate.type.BasicTypeRegistry     : Adding type registration OffsetDateTimeWithTimezone -> org.hibernate.type.BasicTypeReference@6d0290d8
2026-09-12T11:52:52.072-03:00 DEBUG 2448 --- [backend] [main] org.hibernate.type.BasicTypeRegistry     : Adding type registration OffsetDateTimeWithoutTimezone -> org.hibernate.type.BasicTypeReference@632383b9
2026-09-12T11:52:52.072-03:00 DEBUG 2448 --- [backend] [main] org.hibernate.type.BasicTypeRegistry     : Adding type registration OffsetTime -> org.hibernate.type.BasicTypeReference@4ae2e781
2026-09-12T11:52:52.072-03:00 DEBUG 2448 --- [backend] [main] org.hibernate.type.BasicTypeRegistry     : Adding type registration java.time.OffsetTime -> org.hibernate.type.BasicTypeReference@4ae2e781
2026-09-12T11:52:52.072-03:00 DEBUG 2448 --- [backend] [main] org.hibernate.type.BasicTypeRegistry     : Adding type registration OffsetTimeUtc -> org.hibernate.type.BasicTypeReference@339f3a55
2026-09-12T11:52:52.072-03:00 DEBUG 2448 --- [backend] [main] org.hibernate.type.BasicTypeRegistry     : Adding type registration OffsetTimeWithTimezone -> org.hibernate.type.BasicTypeReference@2dd63e3
2026-09-12T11:52:52.072-03:00 DEBUG 2448 --- [backend] [main] org.hibernate.type.BasicTypeRegistry     : Adding type registration OffsetTimeWithoutTimezone -> org.hibernate.type.BasicTypeReference@7d1c164a
2026-09-12T11:52:52.072-03:00 DEBUG 2448 --- [backend] [main] org.hibernate.type.BasicTypeRegistry     : Adding type registration ZonedDateTime -> org.hibernate.type.BasicTypeReference@209f3887
2026-09-12T11:52:52.072-03:00 DEBUG 2448 --- [backend] [main] org.hibernate.type.BasicTypeRegistry     : Adding type registration java.time.ZonedDateTime -> org.hibernate.type.BasicTypeReference@209f3887
2026-09-12T11:52:52.072-03:00 DEBUG 2448 --- [backend] [main] org.hibernate.type.BasicTypeRegistry     : Adding type registration ZonedDateTimeWithTimezone -> org.hibernate.type.BasicTypeReference@6a98f353
2026-09-12T11:52:52.072-03:00 DEBUG 2448 --- [backend] [main] org.hibernate.type.BasicTypeRegistry     : Adding type registration ZonedDateTimeWithoutTimezone -> org.hibernate.type.BasicTypeReference@3b35798
2026-09-12T11:52:52.072-03:00 DEBUG 2448 --- [backend] [main] org.hibernate.type.BasicTypeRegistry     : Adding type registration date -> org.hibernate.type.BasicTypeReference@1e00bfe2
2026-09-12T11:52:52.073-03:00 DEBUG 2448 --- [backend] [main] org.hibernate.type.BasicTypeRegistry     : Adding type registration java.sql.Date -> org.hibernate.type.BasicTypeReference@1e00bfe2
2026-09-12T11:52:52.074-03:00 DEBUG 2448 --- [backend] [main] org.hibernate.type.BasicTypeRegistry     : Adding type registration time -> org.hibernate.type.BasicTypeReference@4702e7a5
2026-09-12T11:52:52.076-03:00 DEBUG 2448 --- [backend] [main] org.hibernate.type.BasicTypeRegistry     : Adding type registration java.sql.Time -> org.hibernate.type.BasicTypeReference@4702e7a5
2026-09-12T11:52:52.076-03:00 DEBUG 2448 --- [backend] [main] org.hibernate.type.BasicTypeRegistry     : Adding type registration timestamp -> org.hibernate.type.BasicTypeReference@6a2d867d
2026-09-12T11:52:52.076-03:00 DEBUG 2448 --- [backend] [main] org.hibernate.type.BasicTypeRegistry     : Adding type registration java.sql.Timestamp -> org.hibernate.type.BasicTypeReference@6a2d867d
2026-09-12T11:52:52.077-03:00 DEBUG 2448 --- [backend] [main] org.hibernate.type.BasicTypeRegistry     : Adding type registration java.util.Date -> org.hibernate.type.BasicTypeReference@6a2d867d
2026-09-12T11:52:52.078-03:00 DEBUG 2448 --- [backend] [main] org.hibernate.type.BasicTypeRegistry     : Adding type registration calendar -> org.hibernate.type.BasicTypeReference@73bb1337
2026-09-12T11:52:52.078-03:00 DEBUG 2448 --- [backend] [main] org.hibernate.type.BasicTypeRegistry     : Adding type registration java.util.Calendar -> org.hibernate.type.BasicTypeReference@73bb1337
2026-09-12T11:52:52.078-03:00 DEBUG 2448 --- [backend] [main] org.hibernate.type.BasicTypeRegistry     : Adding type registration java.util.GregorianCalendar -> org.hibernate.type.BasicTypeReference@73bb1337
2026-09-12T11:52:52.078-03:00 DEBUG 2448 --- [backend] [main] org.hibernate.type.BasicTypeRegistry     : Adding type registration calendar_date -> org.hibernate.type.BasicTypeReference@685f5d0d
2026-09-12T11:52:52.078-03:00 DEBUG 2448 --- [backend] [main] org.hibernate.type.BasicTypeRegistry     : Adding type registration calendar_time -> org.hibernate.type.BasicTypeReference@3830b06c
2026-09-12T11:52:52.078-03:00 DEBUG 2448 --- [backend] [main] org.hibernate.type.BasicTypeRegistry     : Adding type registration instant -> org.hibernate.type.BasicTypeReference@3e28d779
2026-09-12T11:52:52.078-03:00 DEBUG 2448 --- [backend] [main] org.hibernate.type.BasicTypeRegistry     : Adding type registration java.time.Instant -> org.hibernate.type.BasicTypeReference@3e28d779
2026-09-12T11:52:52.079-03:00 DEBUG 2448 --- [backend] [main] org.hibernate.type.BasicTypeRegistry     : Adding type registration uuid -> org.hibernate.type.BasicTypeReference@15214920
2026-09-12T11:52:52.080-03:00 DEBUG 2448 --- [backend] [main] org.hibernate.type.BasicTypeRegistry     : Adding type registration java.util.UUID -> org.hibernate.type.BasicTypeReference@15214920
2026-09-12T11:52:52.080-03:00 DEBUG 2448 --- [backend] [main] org.hibernate.type.BasicTypeRegistry     : Adding type registration pg-uuid -> org.hibernate.type.BasicTypeReference@15214920
2026-09-12T11:52:52.080-03:00 DEBUG 2448 --- [backend] [main] org.hibernate.type.BasicTypeRegistry     : Adding type registration uuid-binary -> org.hibernate.type.BasicTypeReference@784d9bc
2026-09-12T11:52:52.080-03:00 DEBUG 2448 --- [backend] [main] org.hibernate.type.BasicTypeRegistry     : Adding type registration uuid-char -> org.hibernate.type.BasicTypeReference@3a0aaaf0
2026-09-12T11:52:52.081-03:00 DEBUG 2448 --- [backend] [main] org.hibernate.type.BasicTypeRegistry     : Adding type registration class -> org.hibernate.type.BasicTypeReference@426131d7
2026-09-12T11:52:52.082-03:00 DEBUG 2448 --- [backend] [main] org.hibernate.type.BasicTypeRegistry     : Adding type registration java.lang.Class -> org.hibernate.type.BasicTypeReference@426131d7
2026-09-12T11:52:52.082-03:00 DEBUG 2448 --- [backend] [main] org.hibernate.type.BasicTypeRegistry     : Adding type registration currency -> org.hibernate.type.BasicTypeReference@5d9618f2
2026-09-12T11:52:52.082-03:00 DEBUG 2448 --- [backend] [main] org.hibernate.type.BasicTypeRegistry     : Adding type registration Currency -> org.hibernate.type.BasicTypeReference@5d9618f2
2026-09-12T11:52:52.082-03:00 DEBUG 2448 --- [backend] [main] org.hibernate.type.BasicTypeRegistry     : Adding type registration java.util.Currency -> org.hibernate.type.BasicTypeReference@5d9618f2
2026-09-12T11:52:52.082-03:00 DEBUG 2448 --- [backend] [main] org.hibernate.type.BasicTypeRegistry     : Adding type registration locale -> org.hibernate.type.BasicTypeReference@7c7e73c5
2026-09-12T11:52:52.082-03:00 DEBUG 2448 --- [backend] [main] org.hibernate.type.BasicTypeRegistry     : Adding type registration java.util.Locale -> org.hibernate.type.BasicTypeReference@7c7e73c5
2026-09-12T11:52:52.083-03:00 DEBUG 2448 --- [backend] [main] org.hibernate.type.BasicTypeRegistry     : Adding type registration serializable -> org.hibernate.type.BasicTypeReference@13cc0b90
2026-09-12T11:52:52.083-03:00 DEBUG 2448 --- [backend] [main] org.hibernate.type.BasicTypeRegistry     : Adding type registration java.io.Serializable -> org.hibernate.type.BasicTypeReference@13cc0b90
2026-09-12T11:52:52.083-03:00 DEBUG 2448 --- [backend] [main] org.hibernate.type.BasicTypeRegistry     : Adding type registration timezone -> org.hibernate.type.BasicTypeReference@58687fb7
2026-09-12T11:52:52.083-03:00 DEBUG 2448 --- [backend] [main] org.hibernate.type.BasicTypeRegistry     : Adding type registration java.util.TimeZone -> org.hibernate.type.BasicTypeReference@58687fb7
2026-09-12T11:52:52.083-03:00 DEBUG 2448 --- [backend] [main] org.hibernate.type.BasicTypeRegistry     : Adding type registration ZoneOffset -> org.hibernate.type.BasicTypeReference@3554bdc0
2026-09-12T11:52:52.085-03:00 DEBUG 2448 --- [backend] [main] org.hibernate.type.BasicTypeRegistry     : Adding type registration java.time.ZoneOffset -> org.hibernate.type.BasicTypeReference@3554bdc0
2026-09-12T11:52:52.086-03:00 DEBUG 2448 --- [backend] [main] org.hibernate.type.BasicTypeRegistry     : Adding type registration url -> org.hibernate.type.BasicTypeReference@3a3b10f4
2026-09-12T11:52:52.086-03:00 DEBUG 2448 --- [backend] [main] org.hibernate.type.BasicTypeRegistry     : Adding type registration java.net.URL -> org.hibernate.type.BasicTypeReference@3a3b10f4
2026-09-12T11:52:52.086-03:00 DEBUG 2448 --- [backend] [main] org.hibernate.type.BasicTypeRegistry     : Adding type registration vector -> org.hibernate.type.BasicTypeReference@49580ca8
2026-09-12T11:52:52.087-03:00 DEBUG 2448 --- [backend] [main] org.hibernate.type.BasicTypeRegistry     : Adding type registration float_vector -> org.hibernate.type.BasicTypeReference@525647f3
2026-09-12T11:52:52.087-03:00 DEBUG 2448 --- [backend] [main] org.hibernate.type.BasicTypeRegistry     : Adding type registration double_vector -> org.hibernate.type.BasicTypeReference@42fc4ac4
2026-09-12T11:52:52.087-03:00 DEBUG 2448 --- [backend] [main] org.hibernate.type.BasicTypeRegistry     : Adding type registration byte_vector -> org.hibernate.type.BasicTypeReference@20a24edf
2026-09-12T11:52:52.087-03:00 DEBUG 2448 --- [backend] [main] org.hibernate.type.BasicTypeRegistry     : Adding type registration row_version -> org.hibernate.type.BasicTypeReference@29962b2f
2026-09-12T11:52:52.099-03:00 DEBUG 2448 --- [backend] [main] org.hibernate.type.BasicTypeRegistry     : Adding type registration object -> org.hibernate.type.JavaObjectType@646cd766
2026-09-12T11:52:52.100-03:00 DEBUG 2448 --- [backend] [main] org.hibernate.type.BasicTypeRegistry     : Adding type registration java.lang.Object -> org.hibernate.type.JavaObjectType@646cd766
2026-09-12T11:52:52.101-03:00 DEBUG 2448 --- [backend] [main] org.hibernate.type.BasicTypeRegistry     : Adding type registration null -> org.hibernate.type.NullType@53a50b0a
2026-09-12T11:52:52.102-03:00 DEBUG 2448 --- [backend] [main] org.hibernate.type.BasicTypeRegistry     : Adding type registration imm_date -> org.hibernate.type.BasicTypeReference@74ba6ff5
2026-09-12T11:52:52.102-03:00 DEBUG 2448 --- [backend] [main] org.hibernate.type.BasicTypeRegistry     : Adding type registration imm_time -> org.hibernate.type.BasicTypeReference@395f52ed
2026-09-12T11:52:52.103-03:00 DEBUG 2448 --- [backend] [main] org.hibernate.type.BasicTypeRegistry     : Adding type registration imm_timestamp -> org.hibernate.type.BasicTypeReference@7a84788f
2026-09-12T11:52:52.103-03:00 DEBUG 2448 --- [backend] [main] org.hibernate.type.BasicTypeRegistry     : Adding type registration imm_calendar -> org.hibernate.type.BasicTypeReference@102c18e
2026-09-12T11:52:52.103-03:00 DEBUG 2448 --- [backend] [main] org.hibernate.type.BasicTypeRegistry     : Adding type registration imm_calendar_date -> org.hibernate.type.BasicTypeReference@26e0d39c
2026-09-12T11:52:52.103-03:00 DEBUG 2448 --- [backend] [main] org.hibernate.type.BasicTypeRegistry     : Adding type registration imm_calendar_time -> org.hibernate.type.BasicTypeReference@65eb3597
2026-09-12T11:52:52.104-03:00 DEBUG 2448 --- [backend] [main] org.hibernate.type.BasicTypeRegistry     : Adding type registration imm_binary -> org.hibernate.type.BasicTypeReference@3c7279a5
2026-09-12T11:52:52.105-03:00 DEBUG 2448 --- [backend] [main] org.hibernate.type.BasicTypeRegistry     : Adding type registration imm_serializable -> org.hibernate.type.BasicTypeReference@2bebd114
2026-09-12T11:52:52.109-03:00 TRACE 2448 --- [backend] [main] o.h.q.sqm.function.SqmFunctionRegistry   : SqmFunctionRegistry created
2026-09-12T11:52:52.111-03:00 TRACE 2448 --- [backend] [main] o.h.s.i.AbstractServiceRegistryImpl      : Initializing service [role=org.hibernate.boot.cfgxml.spi.CfgXmlAccessService]
2026-09-12T11:52:52.116-03:00 DEBUG 2448 --- [backend] [main] o.h.boot.internal.BootstrapContextImpl   : Injecting JPA temp ClassLoader [org.springframework.instrument.classloading.SimpleThrowawayClassLoader@76c86567] into BootstrapContext; was [null]
2026-09-12T11:52:52.117-03:00 DEBUG 2448 --- [backend] [main] o.h.boot.internal.ClassLoaderAccessImpl  : ClassLoaderAccessImpl#injectTempClassLoader(org.springframework.instrument.classloading.SimpleThrowawayClassLoader@76c86567) [was null]
2026-09-12T11:52:52.118-03:00 DEBUG 2448 --- [backend] [main] o.h.boot.internal.BootstrapContextImpl   : Injecting ScanEnvironment [org.hibernate.jpa.boot.internal.StandardJpaScanEnvironmentImpl@3db65c0d] into BootstrapContext; was [null]
2026-09-12T11:52:52.119-03:00 DEBUG 2448 --- [backend] [main] o.h.boot.internal.BootstrapContextImpl   : Injecting ScanOptions [org.hibernate.boot.archive.scan.internal.StandardScanOptions@1edccfd4] into BootstrapContext; was [org.hibernate.boot.archive.scan.internal.StandardScanOptions@8c43966]
2026-09-12T11:52:52.148-03:00 DEBUG 2448 --- [backend] [main] o.h.j.b.i.PersistenceUnitInfoDescriptor  : Pushing class transformers for PU named 'default' on loading classloader jdk.internal.loader.ClassLoaders$AppClassLoader@33909752
2026-09-12T11:52:52.519-03:00  INFO 2448 --- [backend] [main] o.s.o.j.p.SpringPersistenceUnitInfo      : No LoadTimeWeaver setup: ignoring JPA class transformer
2026-09-12T11:52:52.520-03:00 DEBUG 2448 --- [backend] [main] o.h.boot.internal.BootstrapContextImpl   : Injecting JPA temp ClassLoader [null] into BootstrapContext; was [org.springframework.instrument.classloading.SimpleThrowawayClassLoader@76c86567]
2026-09-12T11:52:52.520-03:00 DEBUG 2448 --- [backend] [main] o.h.boot.internal.ClassLoaderAccessImpl  : ClassLoaderAccessImpl#injectTempClassLoader(null) [was org.springframework.instrument.classloading.SimpleThrowawayClassLoader@76c86567]
2026-09-12T11:52:52.551-03:00 TRACE 2448 --- [backend] [main] o.h.s.i.AbstractServiceRegistryImpl      : Initializing service [role=org.hibernate.engine.jdbc.env.spi.JdbcEnvironment]
2026-09-12T11:52:52.552-03:00 TRACE 2448 --- [backend] [main] o.h.s.i.AbstractServiceRegistryImpl      : Initializing service [role=org.hibernate.engine.jdbc.dialect.spi.DialectFactory]
2026-09-12T11:52:52.556-03:00 TRACE 2448 --- [backend] [main] o.h.s.i.AbstractServiceRegistryImpl      : Initializing service [role=org.hibernate.engine.jdbc.dialect.spi.DialectResolver]
2026-09-12T11:52:52.567-03:00 TRACE 2448 --- [backend] [main] o.h.s.i.AbstractServiceRegistryImpl      : Initializing service [role=org.hibernate.engine.jdbc.connections.spi.MultiTenantConnectionProvider]
2026-09-12T11:52:52.568-03:00 TRACE 2448 --- [backend] [main] o.h.s.i.AbstractServiceRegistryImpl      : Initializing service [role=org.hibernate.engine.jdbc.connections.spi.ConnectionProvider]
2026-09-12T11:52:52.569-03:00 TRACE 2448 --- [backend] [main] o.h.s.i.AbstractServiceRegistryImpl      : Initializing service [role=org.hibernate.engine.jdbc.connections.spi.MultiTenantConnectionProvider]
2026-09-12T11:52:52.572-03:00 TRACE 2448 --- [backend] [main] o.h.s.i.AbstractServiceRegistryImpl      : Initializing service [role=org.hibernate.engine.jndi.spi.JndiService]
2026-09-12T11:52:52.596-03:00 TRACE 2448 --- [backend] [main] o.h.s.i.AbstractServiceRegistryImpl      : Initializing service [role=org.hibernate.resource.transaction.spi.TransactionCoordinatorBuilder]
2026-09-12T11:52:52.612-03:00 DEBUG 2448 --- [backend] [main] com.zaxxer.hikari.HikariConfig           : HikariPool-1 - configuration:
2026-09-12T11:52:52.622-03:00 DEBUG 2448 --- [backend] [main] com.zaxxer.hikari.HikariConfig           : allowPoolSuspension.............false
2026-09-12T11:52:52.622-03:00 DEBUG 2448 --- [backend] [main] com.zaxxer.hikari.HikariConfig           : autoCommit......................true
2026-09-12T11:52:52.623-03:00 DEBUG 2448 --- [backend] [main] com.zaxxer.hikari.HikariConfig           : catalog.........................none
2026-09-12T11:52:52.626-03:00 DEBUG 2448 --- [backend] [main] com.zaxxer.hikari.HikariConfig           : connectionInitSql...............none
2026-09-12T11:52:52.627-03:00 DEBUG 2448 --- [backend] [main] com.zaxxer.hikari.HikariConfig           : connectionTestQuery.............none
2026-09-12T11:52:52.632-03:00 DEBUG 2448 --- [backend] [main] com.zaxxer.hikari.HikariConfig           : connectionTimeout...............30000
2026-09-12T11:52:52.633-03:00 DEBUG 2448 --- [backend] [main] com.zaxxer.hikari.HikariConfig           : dataSource......................none
2026-09-12T11:52:52.636-03:00 DEBUG 2448 --- [backend] [main] com.zaxxer.hikari.HikariConfig           : dataSourceClassName.............none
2026-09-12T11:52:52.637-03:00 DEBUG 2448 --- [backend] [main] com.zaxxer.hikari.HikariConfig           : dataSourceJNDI..................none
2026-09-12T11:52:52.639-03:00 DEBUG 2448 --- [backend] [main] com.zaxxer.hikari.HikariConfig           : dataSourceProperties............{password=<masked>}
2026-09-12T11:52:52.640-03:00 DEBUG 2448 --- [backend] [main] com.zaxxer.hikari.HikariConfig           : driverClassName................."com.mysql.cj.jdbc.Driver"
2026-09-12T11:52:52.641-03:00 DEBUG 2448 --- [backend] [main] com.zaxxer.hikari.HikariConfig           : exceptionOverrideClassName......none
2026-09-12T11:52:52.643-03:00 DEBUG 2448 --- [backend] [main] com.zaxxer.hikari.HikariConfig           : healthCheckProperties...........{}
2026-09-12T11:52:52.648-03:00 DEBUG 2448 --- [backend] [main] com.zaxxer.hikari.HikariConfig           : healthCheckRegistry.............none
2026-09-12T11:52:52.652-03:00 DEBUG 2448 --- [backend] [main] com.zaxxer.hikari.HikariConfig           : idleTimeout.....................600000
2026-09-12T11:52:52.653-03:00 DEBUG 2448 --- [backend] [main] com.zaxxer.hikari.HikariConfig           : initializationFailTimeout.......1
2026-09-12T11:52:52.655-03:00 DEBUG 2448 --- [backend] [main] com.zaxxer.hikari.HikariConfig           : isolateInternalQueries..........false
2026-09-12T11:52:52.657-03:00 DEBUG 2448 --- [backend] [main] com.zaxxer.hikari.HikariConfig           : jdbcUrl.........................jdbc:mysql://mysql-cdy2203:3306/mydatabase
2026-09-12T11:52:52.658-03:00 DEBUG 2448 --- [backend] [main] com.zaxxer.hikari.HikariConfig           : keepaliveTime...................0
2026-09-12T11:52:52.660-03:00 DEBUG 2448 --- [backend] [main] com.zaxxer.hikari.HikariConfig           : leakDetectionThreshold..........0
2026-09-12T11:52:52.662-03:00 DEBUG 2448 --- [backend] [main] com.zaxxer.hikari.HikariConfig           : maxLifetime.....................1800000
2026-09-12T11:52:52.664-03:00 DEBUG 2448 --- [backend] [main] com.zaxxer.hikari.HikariConfig           : maximumPoolSize.................10
2026-09-12T11:52:52.666-03:00 DEBUG 2448 --- [backend] [main] com.zaxxer.hikari.HikariConfig           : metricRegistry..................none
2026-09-12T11:52:52.666-03:00 DEBUG 2448 --- [backend] [main] com.zaxxer.hikari.HikariConfig           : metricsTrackerFactory...........none
2026-09-12T11:52:52.667-03:00 DEBUG 2448 --- [backend] [main] com.zaxxer.hikari.HikariConfig           : minimumIdle.....................10
2026-09-12T11:52:52.667-03:00 DEBUG 2448 --- [backend] [main] com.zaxxer.hikari.HikariConfig           : password........................<masked>
2026-09-12T11:52:52.667-03:00 DEBUG 2448 --- [backend] [main] com.zaxxer.hikari.HikariConfig           : poolName........................"HikariPool-1"
2026-09-12T11:52:52.669-03:00 DEBUG 2448 --- [backend] [main] com.zaxxer.hikari.HikariConfig           : readOnly........................false
2026-09-12T11:52:52.669-03:00 DEBUG 2448 --- [backend] [main] com.zaxxer.hikari.HikariConfig           : registerMbeans..................false
2026-09-12T11:52:52.670-03:00 DEBUG 2448 --- [backend] [main] com.zaxxer.hikari.HikariConfig           : scheduledExecutor...............none
2026-09-12T11:52:52.671-03:00 DEBUG 2448 --- [backend] [main] com.zaxxer.hikari.HikariConfig           : schema..........................none
2026-09-12T11:52:52.671-03:00 DEBUG 2448 --- [backend] [main] com.zaxxer.hikari.HikariConfig           : threadFactory...................internal
2026-09-12T11:52:52.672-03:00 DEBUG 2448 --- [backend] [main] com.zaxxer.hikari.HikariConfig           : transactionIsolation............default
2026-09-12T11:52:52.673-03:00 DEBUG 2448 --- [backend] [main] com.zaxxer.hikari.HikariConfig           : username........................"myuser"
2026-09-12T11:52:52.673-03:00 DEBUG 2448 --- [backend] [main] com.zaxxer.hikari.HikariConfig           : validationTimeout...............5000
2026-09-12T11:52:52.673-03:00  INFO 2448 --- [backend] [main] com.zaxxer.hikari.HikariDataSource       : HikariPool-1 - Starting...
2026-09-12T11:52:55.557-03:00 DEBUG 2448 --- [backend] [main] com.zaxxer.hikari.pool.PoolBase          : HikariPool-1 - Failed to create/setup connection: Communications link failure

The last packet sent successfully to the server was 0 milliseconds ago. The driver has not received any packets from the server.
2026-09-12T11:52:55.558-03:00 DEBUG 2448 --- [backend] [main] com.zaxxer.hikari.pool.HikariPool        : HikariPool-1 - Cannot acquire connection from data source

com.mysql.cj.jdbc.exceptions.CommunicationsException: Communications link failure

The last packet sent successfully to the server was 0 milliseconds ago. The driver has not received any packets from the server.
	at com.mysql.cj.jdbc.exceptions.SQLError.createCommunicationsException(SQLError.java:165) ~[mysql-connector-j-9.1.0.jar:9.1.0]
	at com.mysql.cj.jdbc.exceptions.SQLExceptionsMapping.translateException(SQLExceptionsMapping.java:55) ~[mysql-connector-j-9.1.0.jar:9.1.0]
	at com.mysql.cj.jdbc.ConnectionImpl.createNewIO(ConnectionImpl.java:837) ~[mysql-connector-j-9.1.0.jar:9.1.0]
	at com.mysql.cj.jdbc.ConnectionImpl.<init>(ConnectionImpl.java:420) ~[mysql-connector-j-9.1.0.jar:9.1.0]
	at com.mysql.cj.jdbc.ConnectionImpl.getInstance(ConnectionImpl.java:238) ~[mysql-connector-j-9.1.0.jar:9.1.0]
	at com.mysql.cj.jdbc.NonRegisteringDriver.connect(NonRegisteringDriver.java:180) ~[mysql-connector-j-9.1.0.jar:9.1.0]
	at com.zaxxer.hikari.util.DriverDataSource.getConnection(DriverDataSource.java:137) ~[HikariCP-5.1.0.jar:na]
	at com.zaxxer.hikari.pool.PoolBase.newConnection(PoolBase.java:360) ~[HikariCP-5.1.0.jar:na]
	at com.zaxxer.hikari.pool.PoolBase.newPoolEntry(PoolBase.java:202) ~[HikariCP-5.1.0.jar:na]
	at com.zaxxer.hikari.pool.HikariPool.createPoolEntry(HikariPool.java:461) ~[HikariCP-5.1.0.jar:na]
	at com.zaxxer.hikari.pool.HikariPool.checkFailFast(HikariPool.java:550) ~[HikariCP-5.1.0.jar:na]
	at com.zaxxer.hikari.pool.HikariPool.<init>(HikariPool.java:98) ~[HikariCP-5.1.0.jar:na]
	at com.zaxxer.hikari.HikariDataSource.getConnection(HikariDataSource.java:111) ~[HikariCP-5.1.0.jar:na]
	at org.hibernate.engine.jdbc.connections.internal.DatasourceConnectionProviderImpl.getConnection(DatasourceConnectionProviderImpl.java:126) ~[hibernate-core-6.6.11.Final.jar:6.6.11.Final]
	at org.hibernate.engine.jdbc.env.internal.JdbcEnvironmentInitiator$ConnectionProviderJdbcConnectionAccess.obtainConnection(JdbcEnvironmentInitiator.java:467) ~[hibernate-core-6.6.11.Final.jar:6.6.11.Final]
	at org.hibernate.resource.transaction.backend.jdbc.internal.JdbcIsolationDelegate.delegateWork(JdbcIsolationDelegate.java:61) ~[hibernate-core-6.6.11.Final.jar:6.6.11.Final]
	at org.hibernate.engine.jdbc.env.internal.JdbcEnvironmentInitiator.getJdbcEnvironmentUsingJdbcMetadata(JdbcEnvironmentInitiator.java:320) ~[hibernate-core-6.6.11.Final.jar:6.6.11.Final]
	at org.hibernate.engine.jdbc.env.internal.JdbcEnvironmentInitiator.initiateService(JdbcEnvironmentInitiator.java:129) ~[hibernate-core-6.6.11.Final.jar:6.6.11.Final]
	at org.hibernate.engine.jdbc.env.internal.JdbcEnvironmentInitiator.initiateService(JdbcEnvironmentInitiator.java:81) ~[hibernate-core-6.6.11.Final.jar:6.6.11.Final]
	at org.hibernate.boot.registry.internal.StandardServiceRegistryImpl.initiateService(StandardServiceRegistryImpl.java:130) ~[hibernate-core-6.6.11.Final.jar:6.6.11.Final]
	at org.hibernate.service.internal.AbstractServiceRegistryImpl.createService(AbstractServiceRegistryImpl.java:263) ~[hibernate-core-6.6.11.Final.jar:6.6.11.Final]
	at org.hibernate.service.internal.AbstractServiceRegistryImpl.initializeService(AbstractServiceRegistryImpl.java:238) ~[hibernate-core-6.6.11.Final.jar:6.6.11.Final]
	at org.hibernate.service.internal.AbstractServiceRegistryImpl.getService(AbstractServiceRegistryImpl.java:215) ~[hibernate-core-6.6.11.Final.jar:6.6.11.Final]
	at org.hibernate.boot.model.relational.Database.<init>(Database.java:45) ~[hibernate-core-6.6.11.Final.jar:6.6.11.Final]
	at org.hibernate.boot.internal.InFlightMetadataCollectorImpl.getDatabase(InFlightMetadataCollectorImpl.java:226) ~[hibernate-core-6.6.11.Final.jar:6.6.11.Final]
	at org.hibernate.boot.internal.InFlightMetadataCollectorImpl.<init>(InFlightMetadataCollectorImpl.java:194) ~[hibernate-core-6.6.11.Final.jar:6.6.11.Final]
	at org.hibernate.boot.model.process.spi.MetadataBuildingProcess.complete(MetadataBuildingProcess.java:171) ~[hibernate-core-6.6.11.Final.jar:6.6.11.Final]
	at org.hibernate.jpa.boot.internal.EntityManagerFactoryBuilderImpl.metadata(EntityManagerFactoryBuilderImpl.java:1442) ~[hibernate-core-6.6.11.Final.jar:6.6.11.Final]
	at org.hibernate.jpa.boot.internal.EntityManagerFactoryBuilderImpl.build(EntityManagerFactoryBuilderImpl.java:1513) ~[hibernate-core-6.6.11.Final.jar:6.6.11.Final]
	at org.springframework.orm.jpa.vendor.SpringHibernateJpaPersistenceProvider.createContainerEntityManagerFactory(SpringHibernateJpaPersistenceProvider.java:66) ~[spring-orm-6.2.5.jar:6.2.5]
	at org.springframework.orm.jpa.LocalContainerEntityManagerFactoryBean.createNativeEntityManagerFactory(LocalContainerEntityManagerFactoryBean.java:390) ~[spring-orm-6.2.5.jar:6.2.5]
	at org.springframework.orm.jpa.AbstractEntityManagerFactoryBean.buildNativeEntityManagerFactory(AbstractEntityManagerFactoryBean.java:419) ~[spring-orm-6.2.5.jar:6.2.5]
	at org.springframework.orm.jpa.AbstractEntityManagerFactoryBean.afterPropertiesSet(AbstractEntityManagerFactoryBean.java:400) ~[spring-orm-6.2.5.jar:6.2.5]
	at org.springframework.orm.jpa.LocalContainerEntityManagerFactoryBean.afterPropertiesSet(LocalContainerEntityManagerFactoryBean.java:366) ~[spring-orm-6.2.5.jar:6.2.5]
	at org.springframework.beans.factory.support.AbstractAutowireCapableBeanFactory.invokeInitMethods(AbstractAutowireCapableBeanFactory.java:1859) ~[spring-beans-6.2.5.jar:6.2.5]
	at org.springframework.beans.factory.support.AbstractAutowireCapableBeanFactory.initializeBean(AbstractAutowireCapableBeanFactory.java:1808) ~[spring-beans-6.2.5.jar:6.2.5]
	at org.springframework.beans.factory.support.AbstractAutowireCapableBeanFactory.doCreateBean(AbstractAutowireCapableBeanFactory.java:601) ~[spring-beans-6.2.5.jar:6.2.5]
	at org.springframework.beans.factory.support.AbstractAutowireCapableBeanFactory.createBean(AbstractAutowireCapableBeanFactory.java:523) ~[spring-beans-6.2.5.jar:6.2.5]
	at org.springframework.beans.factory.support.AbstractBeanFactory.lambda$doGetBean$0(AbstractBeanFactory.java:339) ~[spring-beans-6.2.5.jar:6.2.5]
	at org.springframework.beans.factory.support.DefaultSingletonBeanRegistry.getSingleton(DefaultSingletonBeanRegistry.java:347) ~[spring-beans-6.2.5.jar:6.2.5]
	at org.springframework.beans.factory.support.AbstractBeanFactory.doGetBean(AbstractBeanFactory.java:337) ~[spring-beans-6.2.5.jar:6.2.5]
	at org.springframework.beans.factory.support.AbstractBeanFactory.getBean(AbstractBeanFactory.java:207) ~[spring-beans-6.2.5.jar:6.2.5]
	at org.springframework.context.support.AbstractApplicationContext.finishBeanFactoryInitialization(AbstractApplicationContext.java:970) ~[spring-context-6.2.5.jar:6.2.5]
	at org.springframework.context.support.AbstractApplicationContext.refresh(AbstractApplicationContext.java:627) ~[spring-context-6.2.5.jar:6.2.5]
	at org.springframework.boot.web.servlet.context.ServletWebServerApplicationContext.refresh(ServletWebServerApplicationContext.java:146) ~[spring-boot-3.4.4.jar:3.4.4]
	at org.springframework.boot.SpringApplication.refresh(SpringApplication.java:752) ~[spring-boot-3.4.4.jar:3.4.4]
	at org.springframework.boot.SpringApplication.refreshContext(SpringApplication.java:439) ~[spring-boot-3.4.4.jar:3.4.4]
	at org.springframework.boot.SpringApplication.run(SpringApplication.java:318) ~[spring-boot-3.4.4.jar:3.4.4]
	at org.springframework.boot.SpringApplication.run(SpringApplication.java:1361) ~[spring-boot-3.4.4.jar:3.4.4]
	at org.springframework.boot.SpringApplication.run(SpringApplication.java:1350) ~[spring-boot-3.4.4.jar:3.4.4]
	at com.duoc.backend.BackendApplication.main(BackendApplication.java:10) ~[classes/:na]
Caused by: com.mysql.cj.exceptions.CJCommunicationsException: Communications link failure

The last packet sent successfully to the server was 0 milliseconds ago. The driver has not received any packets from the server.
	at java.base/jdk.internal.reflect.DirectConstructorHandleAccessor.newInstance(Unknown Source) ~[na:na]
	at java.base/java.lang.reflect.Constructor.newInstanceWithCaller(Unknown Source) ~[na:na]
	at java.base/java.lang.reflect.Constructor.newInstance(Unknown Source) ~[na:na]
	at com.mysql.cj.exceptions.ExceptionFactory.createException(ExceptionFactory.java:52) ~[mysql-connector-j-9.1.0.jar:9.1.0]
	at com.mysql.cj.exceptions.ExceptionFactory.createException(ExceptionFactory.java:95) ~[mysql-connector-j-9.1.0.jar:9.1.0]
	at com.mysql.cj.exceptions.ExceptionFactory.createException(ExceptionFactory.java:140) ~[mysql-connector-j-9.1.0.jar:9.1.0]
	at com.mysql.cj.exceptions.ExceptionFactory.createCommunicationsException(ExceptionFactory.java:156) ~[mysql-connector-j-9.1.0.jar:9.1.0]
	at com.mysql.cj.protocol.a.NativeSocketConnection.connect(NativeSocketConnection.java:79) ~[mysql-connector-j-9.1.0.jar:9.1.0]
	at com.mysql.cj.NativeSession.connect(NativeSession.java:142) ~[mysql-connector-j-9.1.0.jar:9.1.0]
	at com.mysql.cj.jdbc.ConnectionImpl.connectOneTryOnly(ConnectionImpl.java:961) ~[mysql-connector-j-9.1.0.jar:9.1.0]
	at com.mysql.cj.jdbc.ConnectionImpl.createNewIO(ConnectionImpl.java:825) ~[mysql-connector-j-9.1.0.jar:9.1.0]
	... 48 common frames omitted
Caused by: java.net.UnknownHostException: Host desconocido (mysql-cdy2203)
	at java.base/java.net.Inet6AddressImpl.lookupAllHostAddr(Native Method) ~[na:na]
	at java.base/java.net.Inet6AddressImpl.lookupAllHostAddr(Unknown Source) ~[na:na]
	at java.base/java.net.InetAddress$PlatformResolver.lookupByName(Unknown Source) ~[na:na]
	at java.base/java.net.InetAddress.getAddressesFromNameService(Unknown Source) ~[na:na]
	at java.base/java.net.InetAddress$NameServiceAddresses.get(Unknown Source) ~[na:na]
	at java.base/java.net.InetAddress.getAllByName0(Unknown Source) ~[na:na]
	at java.base/java.net.InetAddress.getAllByName(Unknown Source) ~[na:na]
	at com.mysql.cj.protocol.StandardSocketFactory.connect(StandardSocketFactory.java:121) ~[mysql-connector-j-9.1.0.jar:9.1.0]
	at com.mysql.cj.protocol.a.NativeSocketConnection.connect(NativeSocketConnection.java:53) ~[mysql-connector-j-9.1.0.jar:9.1.0]
	... 51 common frames omitted

2026-09-12T11:52:56.571-03:00 DEBUG 2448 --- [backend] [main] o.h.engine.jdbc.spi.SqlExceptionHelper   : unable to obtain isolated JDBC connection [n/a]

com.mysql.cj.jdbc.exceptions.CommunicationsException: Communications link failure

The last packet sent successfully to the server was 0 milliseconds ago. The driver has not received any packets from the server.
	at com.mysql.cj.jdbc.exceptions.SQLError.createCommunicationsException(SQLError.java:165) ~[mysql-connector-j-9.1.0.jar:9.1.0]
	at com.mysql.cj.jdbc.exceptions.SQLExceptionsMapping.translateException(SQLExceptionsMapping.java:55) ~[mysql-connector-j-9.1.0.jar:9.1.0]
	at com.mysql.cj.jdbc.ConnectionImpl.createNewIO(ConnectionImpl.java:837) ~[mysql-connector-j-9.1.0.jar:9.1.0]
	at com.mysql.cj.jdbc.ConnectionImpl.<init>(ConnectionImpl.java:420) ~[mysql-connector-j-9.1.0.jar:9.1.0]
	at com.mysql.cj.jdbc.ConnectionImpl.getInstance(ConnectionImpl.java:238) ~[mysql-connector-j-9.1.0.jar:9.1.0]
	at com.mysql.cj.jdbc.NonRegisteringDriver.connect(NonRegisteringDriver.java:180) ~[mysql-connector-j-9.1.0.jar:9.1.0]
	at com.zaxxer.hikari.util.DriverDataSource.getConnection(DriverDataSource.java:137) ~[HikariCP-5.1.0.jar:na]
	at com.zaxxer.hikari.pool.PoolBase.newConnection(PoolBase.java:360) ~[HikariCP-5.1.0.jar:na]
	at com.zaxxer.hikari.pool.PoolBase.newPoolEntry(PoolBase.java:202) ~[HikariCP-5.1.0.jar:na]
	at com.zaxxer.hikari.pool.HikariPool.createPoolEntry(HikariPool.java:461) ~[HikariCP-5.1.0.jar:na]
	at com.zaxxer.hikari.pool.HikariPool.checkFailFast(HikariPool.java:550) ~[HikariCP-5.1.0.jar:na]
	at com.zaxxer.hikari.pool.HikariPool.<init>(HikariPool.java:98) ~[HikariCP-5.1.0.jar:na]
	at com.zaxxer.hikari.HikariDataSource.getConnection(HikariDataSource.java:111) ~[HikariCP-5.1.0.jar:na]
	at org.hibernate.engine.jdbc.connections.internal.DatasourceConnectionProviderImpl.getConnection(DatasourceConnectionProviderImpl.java:126) ~[hibernate-core-6.6.11.Final.jar:6.6.11.Final]
	at org.hibernate.engine.jdbc.env.internal.JdbcEnvironmentInitiator$ConnectionProviderJdbcConnectionAccess.obtainConnection(JdbcEnvironmentInitiator.java:467) ~[hibernate-core-6.6.11.Final.jar:6.6.11.Final]
	at org.hibernate.resource.transaction.backend.jdbc.internal.JdbcIsolationDelegate.delegateWork(JdbcIsolationDelegate.java:61) ~[hibernate-core-6.6.11.Final.jar:6.6.11.Final]
	at org.hibernate.engine.jdbc.env.internal.JdbcEnvironmentInitiator.getJdbcEnvironmentUsingJdbcMetadata(JdbcEnvironmentInitiator.java:320) ~[hibernate-core-6.6.11.Final.jar:6.6.11.Final]
	at org.hibernate.engine.jdbc.env.internal.JdbcEnvironmentInitiator.initiateService(JdbcEnvironmentInitiator.java:129) ~[hibernate-core-6.6.11.Final.jar:6.6.11.Final]
	at org.hibernate.engine.jdbc.env.internal.JdbcEnvironmentInitiator.initiateService(JdbcEnvironmentInitiator.java:81) ~[hibernate-core-6.6.11.Final.jar:6.6.11.Final]
	at org.hibernate.boot.registry.internal.StandardServiceRegistryImpl.initiateService(StandardServiceRegistryImpl.java:130) ~[hibernate-core-6.6.11.Final.jar:6.6.11.Final]
	at org.hibernate.service.internal.AbstractServiceRegistryImpl.createService(AbstractServiceRegistryImpl.java:263) ~[hibernate-core-6.6.11.Final.jar:6.6.11.Final]
	at org.hibernate.service.internal.AbstractServiceRegistryImpl.initializeService(AbstractServiceRegistryImpl.java:238) ~[hibernate-core-6.6.11.Final.jar:6.6.11.Final]
	at org.hibernate.service.internal.AbstractServiceRegistryImpl.getService(AbstractServiceRegistryImpl.java:215) ~[hibernate-core-6.6.11.Final.jar:6.6.11.Final]
	at org.hibernate.boot.model.relational.Database.<init>(Database.java:45) ~[hibernate-core-6.6.11.Final.jar:6.6.11.Final]
	at org.hibernate.boot.internal.InFlightMetadataCollectorImpl.getDatabase(InFlightMetadataCollectorImpl.java:226) ~[hibernate-core-6.6.11.Final.jar:6.6.11.Final]
	at org.hibernate.boot.internal.InFlightMetadataCollectorImpl.<init>(InFlightMetadataCollectorImpl.java:194) ~[hibernate-core-6.6.11.Final.jar:6.6.11.Final]
	at org.hibernate.boot.model.process.spi.MetadataBuildingProcess.complete(MetadataBuildingProcess.java:171) ~[hibernate-core-6.6.11.Final.jar:6.6.11.Final]
	at org.hibernate.jpa.boot.internal.EntityManagerFactoryBuilderImpl.metadata(EntityManagerFactoryBuilderImpl.java:1442) ~[hibernate-core-6.6.11.Final.jar:6.6.11.Final]
	at org.hibernate.jpa.boot.internal.EntityManagerFactoryBuilderImpl.build(EntityManagerFactoryBuilderImpl.java:1513) ~[hibernate-core-6.6.11.Final.jar:6.6.11.Final]
	at org.springframework.orm.jpa.vendor.SpringHibernateJpaPersistenceProvider.createContainerEntityManagerFactory(SpringHibernateJpaPersistenceProvider.java:66) ~[spring-orm-6.2.5.jar:6.2.5]
	at org.springframework.orm.jpa.LocalContainerEntityManagerFactoryBean.createNativeEntityManagerFactory(LocalContainerEntityManagerFactoryBean.java:390) ~[spring-orm-6.2.5.jar:6.2.5]
	at org.springframework.orm.jpa.AbstractEntityManagerFactoryBean.buildNativeEntityManagerFactory(AbstractEntityManagerFactoryBean.java:419) ~[spring-orm-6.2.5.jar:6.2.5]
	at org.springframework.orm.jpa.AbstractEntityManagerFactoryBean.afterPropertiesSet(AbstractEntityManagerFactoryBean.java:400) ~[spring-orm-6.2.5.jar:6.2.5]
	at org.springframework.orm.jpa.LocalContainerEntityManagerFactoryBean.afterPropertiesSet(LocalContainerEntityManagerFactoryBean.java:366) ~[spring-orm-6.2.5.jar:6.2.5]
	at org.springframework.beans.factory.support.AbstractAutowireCapableBeanFactory.invokeInitMethods(AbstractAutowireCapableBeanFactory.java:1859) ~[spring-beans-6.2.5.jar:6.2.5]
	at org.springframework.beans.factory.support.AbstractAutowireCapableBeanFactory.initializeBean(AbstractAutowireCapableBeanFactory.java:1808) ~[spring-beans-6.2.5.jar:6.2.5]
	at org.springframework.beans.factory.support.AbstractAutowireCapableBeanFactory.doCreateBean(AbstractAutowireCapableBeanFactory.java:601) ~[spring-beans-6.2.5.jar:6.2.5]
	at org.springframework.beans.factory.support.AbstractAutowireCapableBeanFactory.createBean(AbstractAutowireCapableBeanFactory.java:523) ~[spring-beans-6.2.5.jar:6.2.5]
	at org.springframework.beans.factory.support.AbstractBeanFactory.lambda$doGetBean$0(AbstractBeanFactory.java:339) ~[spring-beans-6.2.5.jar:6.2.5]
	at org.springframework.beans.factory.support.DefaultSingletonBeanRegistry.getSingleton(DefaultSingletonBeanRegistry.java:347) ~[spring-beans-6.2.5.jar:6.2.5]
	at org.springframework.beans.factory.support.AbstractBeanFactory.doGetBean(AbstractBeanFactory.java:337) ~[spring-beans-6.2.5.jar:6.2.5]
	at org.springframework.beans.factory.support.AbstractBeanFactory.getBean(AbstractBeanFactory.java:207) ~[spring-beans-6.2.5.jar:6.2.5]
	at org.springframework.context.support.AbstractApplicationContext.finishBeanFactoryInitialization(AbstractApplicationContext.java:970) ~[spring-context-6.2.5.jar:6.2.5]
	at org.springframework.context.support.AbstractApplicationContext.refresh(AbstractApplicationContext.java:627) ~[spring-context-6.2.5.jar:6.2.5]
	at org.springframework.boot.web.servlet.context.ServletWebServerApplicationContext.refresh(ServletWebServerApplicationContext.java:146) ~[spring-boot-3.4.4.jar:3.4.4]
	at org.springframework.boot.SpringApplication.refresh(SpringApplication.java:752) ~[spring-boot-3.4.4.jar:3.4.4]
	at org.springframework.boot.SpringApplication.refreshContext(SpringApplication.java:439) ~[spring-boot-3.4.4.jar:3.4.4]
	at org.springframework.boot.SpringApplication.run(SpringApplication.java:318) ~[spring-boot-3.4.4.jar:3.4.4]
	at org.springframework.boot.SpringApplication.run(SpringApplication.java:1361) ~[spring-boot-3.4.4.jar:3.4.4]
	at org.springframework.boot.SpringApplication.run(SpringApplication.java:1350) ~[spring-boot-3.4.4.jar:3.4.4]
	at com.duoc.backend.BackendApplication.main(BackendApplication.java:10) ~[classes/:na]
Caused by: com.mysql.cj.exceptions.CJCommunicationsException: Communications link failure

The last packet sent successfully to the server was 0 milliseconds ago. The driver has not received any packets from the server.
	at java.base/jdk.internal.reflect.DirectConstructorHandleAccessor.newInstance(Unknown Source) ~[na:na]
	at java.base/java.lang.reflect.Constructor.newInstanceWithCaller(Unknown Source) ~[na:na]
	at java.base/java.lang.reflect.Constructor.newInstance(Unknown Source) ~[na:na]
	at com.mysql.cj.exceptions.ExceptionFactory.createException(ExceptionFactory.java:52) ~[mysql-connector-j-9.1.0.jar:9.1.0]
	at com.mysql.cj.exceptions.ExceptionFactory.createException(ExceptionFactory.java:95) ~[mysql-connector-j-9.1.0.jar:9.1.0]
	at com.mysql.cj.exceptions.ExceptionFactory.createException(ExceptionFactory.java:140) ~[mysql-connector-j-9.1.0.jar:9.1.0]
	at com.mysql.cj.exceptions.ExceptionFactory.createCommunicationsException(ExceptionFactory.java:156) ~[mysql-connector-j-9.1.0.jar:9.1.0]
	at com.mysql.cj.protocol.a.NativeSocketConnection.connect(NativeSocketConnection.java:79) ~[mysql-connector-j-9.1.0.jar:9.1.0]
	at com.mysql.cj.NativeSession.connect(NativeSession.java:142) ~[mysql-connector-j-9.1.0.jar:9.1.0]
	at com.mysql.cj.jdbc.ConnectionImpl.connectOneTryOnly(ConnectionImpl.java:961) ~[mysql-connector-j-9.1.0.jar:9.1.0]
	at com.mysql.cj.jdbc.ConnectionImpl.createNewIO(ConnectionImpl.java:825) ~[mysql-connector-j-9.1.0.jar:9.1.0]
	... 48 common frames omitted
Caused by: java.net.UnknownHostException: Host desconocido (mysql-cdy2203)
	at java.base/java.net.Inet6AddressImpl.lookupAllHostAddr(Native Method) ~[na:na]
	at java.base/java.net.Inet6AddressImpl.lookupAllHostAddr(Unknown Source) ~[na:na]
	at java.base/java.net.InetAddress$PlatformResolver.lookupByName(Unknown Source) ~[na:na]
	at java.base/java.net.InetAddress.getAddressesFromNameService(Unknown Source) ~[na:na]
	at java.base/java.net.InetAddress$NameServiceAddresses.get(Unknown Source) ~[na:na]
	at java.base/java.net.InetAddress.getAllByName0(Unknown Source) ~[na:na]
	at java.base/java.net.InetAddress.getAllByName(Unknown Source) ~[na:na]
	at com.mysql.cj.protocol.StandardSocketFactory.connect(StandardSocketFactory.java:121) ~[mysql-connector-j-9.1.0.jar:9.1.0]
	at com.mysql.cj.protocol.a.NativeSocketConnection.connect(NativeSocketConnection.java:53) ~[mysql-connector-j-9.1.0.jar:9.1.0]
	... 51 common frames omitted

2026-09-12T11:52:56.573-03:00  WARN 2448 --- [backend] [main] o.h.engine.jdbc.spi.SqlExceptionHelper   : SQL Error: 0, SQLState: 08S01
2026-09-12T11:52:56.573-03:00 ERROR 2448 --- [backend] [main] o.h.engine.jdbc.spi.SqlExceptionHelper   : Communications link failure

The last packet sent successfully to the server was 0 milliseconds ago. The driver has not received any packets from the server.
2026-09-12T11:52:56.575-03:00  WARN 2448 --- [backend] [main] o.h.e.j.e.i.JdbcEnvironmentInitiator     : HHH000342: Could not obtain connection to query metadata

org.hibernate.exception.JDBCConnectionException: unable to obtain isolated JDBC connection [Communications link failure

The last packet sent successfully to the server was 0 milliseconds ago. The driver has not received any packets from the server.] [n/a]
	at org.hibernate.exception.internal.SQLStateConversionDelegate.convert(SQLStateConversionDelegate.java:100) ~[hibernate-core-6.6.11.Final.jar:6.6.11.Final]
	at org.hibernate.exception.internal.StandardSQLExceptionConverter.convert(StandardSQLExceptionConverter.java:58) ~[hibernate-core-6.6.11.Final.jar:6.6.11.Final]
	at org.hibernate.engine.jdbc.spi.SqlExceptionHelper.convert(SqlExceptionHelper.java:108) ~[hibernate-core-6.6.11.Final.jar:6.6.11.Final]
	at org.hibernate.engine.jdbc.spi.SqlExceptionHelper.convert(SqlExceptionHelper.java:94) ~[hibernate-core-6.6.11.Final.jar:6.6.11.Final]
	at org.hibernate.resource.transaction.backend.jdbc.internal.JdbcIsolationDelegate.delegateWork(JdbcIsolationDelegate.java:116) ~[hibernate-core-6.6.11.Final.jar:6.6.11.Final]
	at org.hibernate.engine.jdbc.env.internal.JdbcEnvironmentInitiator.getJdbcEnvironmentUsingJdbcMetadata(JdbcEnvironmentInitiator.java:320) ~[hibernate-core-6.6.11.Final.jar:6.6.11.Final]
	at org.hibernate.engine.jdbc.env.internal.JdbcEnvironmentInitiator.initiateService(JdbcEnvironmentInitiator.java:129) ~[hibernate-core-6.6.11.Final.jar:6.6.11.Final]
	at org.hibernate.engine.jdbc.env.internal.JdbcEnvironmentInitiator.initiateService(JdbcEnvironmentInitiator.java:81) ~[hibernate-core-6.6.11.Final.jar:6.6.11.Final]
	at org.hibernate.boot.registry.internal.StandardServiceRegistryImpl.initiateService(StandardServiceRegistryImpl.java:130) ~[hibernate-core-6.6.11.Final.jar:6.6.11.Final]
	at org.hibernate.service.internal.AbstractServiceRegistryImpl.createService(AbstractServiceRegistryImpl.java:263) ~[hibernate-core-6.6.11.Final.jar:6.6.11.Final]
	at org.hibernate.service.internal.AbstractServiceRegistryImpl.initializeService(AbstractServiceRegistryImpl.java:238) ~[hibernate-core-6.6.11.Final.jar:6.6.11.Final]
	at org.hibernate.service.internal.AbstractServiceRegistryImpl.getService(AbstractServiceRegistryImpl.java:215) ~[hibernate-core-6.6.11.Final.jar:6.6.11.Final]
	at org.hibernate.boot.model.relational.Database.<init>(Database.java:45) ~[hibernate-core-6.6.11.Final.jar:6.6.11.Final]
	at org.hibernate.boot.internal.InFlightMetadataCollectorImpl.getDatabase(InFlightMetadataCollectorImpl.java:226) ~[hibernate-core-6.6.11.Final.jar:6.6.11.Final]
	at org.hibernate.boot.internal.InFlightMetadataCollectorImpl.<init>(InFlightMetadataCollectorImpl.java:194) ~[hibernate-core-6.6.11.Final.jar:6.6.11.Final]
	at org.hibernate.boot.model.process.spi.MetadataBuildingProcess.complete(MetadataBuildingProcess.java:171) ~[hibernate-core-6.6.11.Final.jar:6.6.11.Final]
	at org.hibernate.jpa.boot.internal.EntityManagerFactoryBuilderImpl.metadata(EntityManagerFactoryBuilderImpl.java:1442) ~[hibernate-core-6.6.11.Final.jar:6.6.11.Final]
	at org.hibernate.jpa.boot.internal.EntityManagerFactoryBuilderImpl.build(EntityManagerFactoryBuilderImpl.java:1513) ~[hibernate-core-6.6.11.Final.jar:6.6.11.Final]
	at org.springframework.orm.jpa.vendor.SpringHibernateJpaPersistenceProvider.createContainerEntityManagerFactory(SpringHibernateJpaPersistenceProvider.java:66) ~[spring-orm-6.2.5.jar:6.2.5]
	at org.springframework.orm.jpa.LocalContainerEntityManagerFactoryBean.createNativeEntityManagerFactory(LocalContainerEntityManagerFactoryBean.java:390) ~[spring-orm-6.2.5.jar:6.2.5]
	at org.springframework.orm.jpa.AbstractEntityManagerFactoryBean.buildNativeEntityManagerFactory(AbstractEntityManagerFactoryBean.java:419) ~[spring-orm-6.2.5.jar:6.2.5]
	at org.springframework.orm.jpa.AbstractEntityManagerFactoryBean.afterPropertiesSet(AbstractEntityManagerFactoryBean.java:400) ~[spring-orm-6.2.5.jar:6.2.5]
	at org.springframework.orm.jpa.LocalContainerEntityManagerFactoryBean.afterPropertiesSet(LocalContainerEntityManagerFactoryBean.java:366) ~[spring-orm-6.2.5.jar:6.2.5]
	at org.springframework.beans.factory.support.AbstractAutowireCapableBeanFactory.invokeInitMethods(AbstractAutowireCapableBeanFactory.java:1859) ~[spring-beans-6.2.5.jar:6.2.5]
	at org.springframework.beans.factory.support.AbstractAutowireCapableBeanFactory.initializeBean(AbstractAutowireCapableBeanFactory.java:1808) ~[spring-beans-6.2.5.jar:6.2.5]
	at org.springframework.beans.factory.support.AbstractAutowireCapableBeanFactory.doCreateBean(AbstractAutowireCapableBeanFactory.java:601) ~[spring-beans-6.2.5.jar:6.2.5]
	at org.springframework.beans.factory.support.AbstractAutowireCapableBeanFactory.createBean(AbstractAutowireCapableBeanFactory.java:523) ~[spring-beans-6.2.5.jar:6.2.5]
	at org.springframework.beans.factory.support.AbstractBeanFactory.lambda$doGetBean$0(AbstractBeanFactory.java:339) ~[spring-beans-6.2.5.jar:6.2.5]
	at org.springframework.beans.factory.support.DefaultSingletonBeanRegistry.getSingleton(DefaultSingletonBeanRegistry.java:347) ~[spring-beans-6.2.5.jar:6.2.5]
	at org.springframework.beans.factory.support.AbstractBeanFactory.doGetBean(AbstractBeanFactory.java:337) ~[spring-beans-6.2.5.jar:6.2.5]
	at org.springframework.beans.factory.support.AbstractBeanFactory.getBean(AbstractBeanFactory.java:207) ~[spring-beans-6.2.5.jar:6.2.5]
	at org.springframework.context.support.AbstractApplicationContext.finishBeanFactoryInitialization(AbstractApplicationContext.java:970) ~[spring-context-6.2.5.jar:6.2.5]
	at org.springframework.context.support.AbstractApplicationContext.refresh(AbstractApplicationContext.java:627) ~[spring-context-6.2.5.jar:6.2.5]
	at org.springframework.boot.web.servlet.context.ServletWebServerApplicationContext.refresh(ServletWebServerApplicationContext.java:146) ~[spring-boot-3.4.4.jar:3.4.4]
	at org.springframework.boot.SpringApplication.refresh(SpringApplication.java:752) ~[spring-boot-3.4.4.jar:3.4.4]
	at org.springframework.boot.SpringApplication.refreshContext(SpringApplication.java:439) ~[spring-boot-3.4.4.jar:3.4.4]
	at org.springframework.boot.SpringApplication.run(SpringApplication.java:318) ~[spring-boot-3.4.4.jar:3.4.4]
	at org.springframework.boot.SpringApplication.run(SpringApplication.java:1361) ~[spring-boot-3.4.4.jar:3.4.4]
	at org.springframework.boot.SpringApplication.run(SpringApplication.java:1350) ~[spring-boot-3.4.4.jar:3.4.4]
	at com.duoc.backend.BackendApplication.main(BackendApplication.java:10) ~[classes/:na]
Caused by: com.mysql.cj.jdbc.exceptions.CommunicationsException: Communications link failure

The last packet sent successfully to the server was 0 milliseconds ago. The driver has not received any packets from the server.
	at com.mysql.cj.jdbc.exceptions.SQLError.createCommunicationsException(SQLError.java:165) ~[mysql-connector-j-9.1.0.jar:9.1.0]
	at com.mysql.cj.jdbc.exceptions.SQLExceptionsMapping.translateException(SQLExceptionsMapping.java:55) ~[mysql-connector-j-9.1.0.jar:9.1.0]
	at com.mysql.cj.jdbc.ConnectionImpl.createNewIO(ConnectionImpl.java:837) ~[mysql-connector-j-9.1.0.jar:9.1.0]
	at com.mysql.cj.jdbc.ConnectionImpl.<init>(ConnectionImpl.java:420) ~[mysql-connector-j-9.1.0.jar:9.1.0]
	at com.mysql.cj.jdbc.ConnectionImpl.getInstance(ConnectionImpl.java:238) ~[mysql-connector-j-9.1.0.jar:9.1.0]
	at com.mysql.cj.jdbc.NonRegisteringDriver.connect(NonRegisteringDriver.java:180) ~[mysql-connector-j-9.1.0.jar:9.1.0]
	at com.zaxxer.hikari.util.DriverDataSource.getConnection(DriverDataSource.java:137) ~[HikariCP-5.1.0.jar:na]
	at com.zaxxer.hikari.pool.PoolBase.newConnection(PoolBase.java:360) ~[HikariCP-5.1.0.jar:na]
	at com.zaxxer.hikari.pool.PoolBase.newPoolEntry(PoolBase.java:202) ~[HikariCP-5.1.0.jar:na]
	at com.zaxxer.hikari.pool.HikariPool.createPoolEntry(HikariPool.java:461) ~[HikariCP-5.1.0.jar:na]
	at com.zaxxer.hikari.pool.HikariPool.checkFailFast(HikariPool.java:550) ~[HikariCP-5.1.0.jar:na]
	at com.zaxxer.hikari.pool.HikariPool.<init>(HikariPool.java:98) ~[HikariCP-5.1.0.jar:na]
	at com.zaxxer.hikari.HikariDataSource.getConnection(HikariDataSource.java:111) ~[HikariCP-5.1.0.jar:na]
	at org.hibernate.engine.jdbc.connections.internal.DatasourceConnectionProviderImpl.getConnection(DatasourceConnectionProviderImpl.java:126) ~[hibernate-core-6.6.11.Final.jar:6.6.11.Final]
	at org.hibernate.engine.jdbc.env.internal.JdbcEnvironmentInitiator$ConnectionProviderJdbcConnectionAccess.obtainConnection(JdbcEnvironmentInitiator.java:467) ~[hibernate-core-6.6.11.Final.jar:6.6.11.Final]
	at org.hibernate.resource.transaction.backend.jdbc.internal.JdbcIsolationDelegate.delegateWork(JdbcIsolationDelegate.java:61) ~[hibernate-core-6.6.11.Final.jar:6.6.11.Final]
	... 35 common frames omitted
Caused by: com.mysql.cj.exceptions.CJCommunicationsException: Communications link failure

The last packet sent successfully to the server was 0 milliseconds ago. The driver has not received any packets from the server.
	at java.base/jdk.internal.reflect.DirectConstructorHandleAccessor.newInstance(Unknown Source) ~[na:na]
	at java.base/java.lang.reflect.Constructor.newInstanceWithCaller(Unknown Source) ~[na:na]
	at java.base/java.lang.reflect.Constructor.newInstance(Unknown Source) ~[na:na]
	at com.mysql.cj.exceptions.ExceptionFactory.createException(ExceptionFactory.java:52) ~[mysql-connector-j-9.1.0.jar:9.1.0]
	at com.mysql.cj.exceptions.ExceptionFactory.createException(ExceptionFactory.java:95) ~[mysql-connector-j-9.1.0.jar:9.1.0]
	at com.mysql.cj.exceptions.ExceptionFactory.createException(ExceptionFactory.java:140) ~[mysql-connector-j-9.1.0.jar:9.1.0]
	at com.mysql.cj.exceptions.ExceptionFactory.createCommunicationsException(ExceptionFactory.java:156) ~[mysql-connector-j-9.1.0.jar:9.1.0]
	at com.mysql.cj.protocol.a.NativeSocketConnection.connect(NativeSocketConnection.java:79) ~[mysql-connector-j-9.1.0.jar:9.1.0]
	at com.mysql.cj.NativeSession.connect(NativeSession.java:142) ~[mysql-connector-j-9.1.0.jar:9.1.0]
	at com.mysql.cj.jdbc.ConnectionImpl.connectOneTryOnly(ConnectionImpl.java:961) ~[mysql-connector-j-9.1.0.jar:9.1.0]
	at com.mysql.cj.jdbc.ConnectionImpl.createNewIO(ConnectionImpl.java:825) ~[mysql-connector-j-9.1.0.jar:9.1.0]
	... 48 common frames omitted
Caused by: java.net.UnknownHostException: Host desconocido (mysql-cdy2203)
	at java.base/java.net.Inet6AddressImpl.lookupAllHostAddr(Native Method) ~[na:na]
	at java.base/java.net.Inet6AddressImpl.lookupAllHostAddr(Unknown Source) ~[na:na]
	at java.base/java.net.InetAddress$PlatformResolver.lookupByName(Unknown Source) ~[na:na]
	at java.base/java.net.InetAddress.getAddressesFromNameService(Unknown Source) ~[na:na]
	at java.base/java.net.InetAddress$NameServiceAddresses.get(Unknown Source) ~[na:na]
	at java.base/java.net.InetAddress.getAllByName0(Unknown Source) ~[na:na]
	at java.base/java.net.InetAddress.getAllByName(Unknown Source) ~[na:na]
	at com.mysql.cj.protocol.StandardSocketFactory.connect(StandardSocketFactory.java:121) ~[mysql-connector-j-9.1.0.jar:9.1.0]
	at com.mysql.cj.protocol.a.NativeSocketConnection.connect(NativeSocketConnection.java:53) ~[mysql-connector-j-9.1.0.jar:9.1.0]
	... 51 common frames omitted

2026-09-12T11:52:56.618-03:00  WARN 2448 --- [backend] [main] org.hibernate.orm.deprecation            : HHH90000025: MySQL8Dialect does not need to be specified explicitly using 'hibernate.dialect' (remove the property setting and it will be selected by default)
2026-09-12T11:52:56.620-03:00 DEBUG 2448 --- [backend] [main] org.hibernate.orm.dialect                : HHH035001: Using dialect: org.hibernate.dialect.MySQL8Dialect, version: 8.0
2026-09-12T11:52:56.621-03:00  WARN 2448 --- [backend] [main] org.hibernate.orm.deprecation            : HHH90000026: MySQL8Dialect has been deprecated; use org.hibernate.dialect.MySQLDialect instead
2026-09-12T11:52:56.626-03:00 DEBUG 2448 --- [backend] [main] o.h.e.j.env.spi.IdentifierHelperBuilder  : IdentifierCaseStrategy for both quoted and unquoted identifiers was set to the same strategy [MIXED]; that will likely lead to problems in schema update and validation if using quoted identifiers
2026-09-12T11:52:56.633-03:00 TRACE 2448 --- [backend] [main] .e.j.e.i.NormalizingIdentifierHelperImpl : Normalizing identifier quoting [null]
2026-09-12T11:52:56.636-03:00 DEBUG 2448 --- [backend] [main] org.hibernate.orm.jdbc.lob               : HHH10010002: Disabling contextual LOB creation as connection was null
2026-09-12T11:52:56.637-03:00 TRACE 2448 --- [backend] [main] o.h.s.i.AbstractServiceRegistryImpl      : Initializing service [role=org.hibernate.engine.jdbc.connections.spi.MultiTenantConnectionProvider]
2026-09-12T11:52:56.642-03:00  INFO 2448 --- [backend] [main] org.hibernate.orm.connections.pooling    : HHH10001005: Database info:
	Database JDBC URL [Connecting through datasource 'HikariDataSource (null)']
	Database driver: undefined/unknown
	Database version: 8.0
	Autocommit mode: undefined/unknown
	Isolation level: undefined/unknown
	Minimum pool size: undefined/unknown
	Maximum pool size: undefined/unknown
2026-09-12T11:52:56.643-03:00 TRACE 2448 --- [backend] [main] o.h.s.i.AbstractServiceRegistryImpl      : Initializing service [role=org.hibernate.engine.jdbc.spi.JdbcServices]
2026-09-12T11:52:56.643-03:00 TRACE 2448 --- [backend] [main] o.h.s.i.AbstractServiceRegistryImpl      : Initializing service [role=org.hibernate.engine.jdbc.spi.SqlStatementLogger]
2026-09-12T11:52:56.645-03:00 TRACE 2448 --- [backend] [main] o.h.s.i.AbstractServiceRegistryImpl      : Initializing service [role=org.hibernate.sql.ast.spi.ParameterMarkerStrategy]
2026-09-12T11:52:56.658-03:00 DEBUG 2448 --- [backend] [main] o.h.t.d.sql.spi.DdlTypeRegistry          : addDescriptor(12, org.hibernate.type.descriptor.sql.internal.CapacityDependentDdlType@77bb916f) replaced previous registration(org.hibernate.type.descriptor.sql.internal.CapacityDependentDdlType@5a48d186)
2026-09-12T11:52:56.658-03:00 DEBUG 2448 --- [backend] [main] o.h.t.d.sql.spi.DdlTypeRegistry          : addDescriptor(-9, org.hibernate.type.descriptor.sql.internal.CapacityDependentDdlType@521ba38f) replaced previous registration(org.hibernate.type.descriptor.sql.internal.CapacityDependentDdlType@2086d469)
2026-09-12T11:52:56.658-03:00 DEBUG 2448 --- [backend] [main] o.h.t.d.sql.spi.DdlTypeRegistry          : addDescriptor(-3, org.hibernate.type.descriptor.sql.internal.CapacityDependentDdlType@b1d19ff) replaced previous registration(org.hibernate.type.descriptor.sql.internal.CapacityDependentDdlType@17c53dfb)
2026-09-12T11:52:56.659-03:00 DEBUG 2448 --- [backend] [main] o.h.t.d.sql.spi.DdlTypeRegistry          : addDescriptor(4003, org.hibernate.type.descriptor.sql.internal.DdlTypeImpl@184de357) replaced previous registration(org.hibernate.type.descriptor.sql.internal.DdlTypeImpl@efe49ab)
2026-09-12T11:52:56.659-03:00 DEBUG 2448 --- [backend] [main] o.h.t.d.sql.spi.DdlTypeRegistry          : addDescriptor(4001, org.hibernate.type.descriptor.sql.internal.DdlTypeImpl@6dcf7b6a) replaced previous registration(org.hibernate.type.descriptor.sql.internal.DdlTypeImpl@53dba9cd)
2026-09-12T11:52:56.659-03:00 DEBUG 2448 --- [backend] [main] o.h.t.d.sql.spi.DdlTypeRegistry          : addDescriptor(4002, org.hibernate.type.descriptor.sql.internal.DdlTypeImpl@247bbfba) replaced previous registration(org.hibernate.type.descriptor.sql.internal.DdlTypeImpl@5834198f)
2026-09-12T11:52:56.659-03:00 DEBUG 2448 --- [backend] [main] o.h.t.d.sql.spi.DdlTypeRegistry          : addDescriptor(2004, org.hibernate.type.descriptor.sql.internal.CapacityDependentDdlType@4eb63dc8) replaced previous registration(org.hibernate.type.descriptor.sql.internal.DdlTypeImpl@402d6012)
2026-09-12T11:52:56.660-03:00 DEBUG 2448 --- [backend] [main] o.h.t.d.sql.spi.DdlTypeRegistry          : addDescriptor(2005, org.hibernate.type.descriptor.sql.internal.CapacityDependentDdlType@395281c2) replaced previous registration(org.hibernate.type.descriptor.sql.internal.DdlTypeImpl@41d20f06)
2026-09-12T11:52:56.660-03:00 DEBUG 2448 --- [backend] [main] o.h.t.d.sql.spi.DdlTypeRegistry          : addDescriptor(2011, org.hibernate.type.descriptor.sql.internal.CapacityDependentDdlType@3e753289) replaced previous registration(org.hibernate.type.descriptor.sql.internal.DdlTypeImpl@1573e8a5)
2026-09-12T11:52:56.665-03:00 DEBUG 2448 --- [backend] [main] o.h.t.d.jdbc.spi.JdbcTypeRegistry        : addDescriptor(NCharTypeDescriptor) replaced previous registration(CharTypeDescriptor)
2026-09-12T11:52:56.666-03:00 DEBUG 2448 --- [backend] [main] o.h.t.d.jdbc.spi.JdbcTypeRegistry        : addDescriptor(NVarcharTypeDescriptor) replaced previous registration(VarcharTypeDescriptor)
2026-09-12T11:52:56.667-03:00 DEBUG 2448 --- [backend] [main] o.h.t.d.jdbc.spi.JdbcTypeRegistry        : addDescriptor(LongNVarcharTypeDescriptor) replaced previous registration(LongVarcharTypeDescriptor)
2026-09-12T11:52:56.670-03:00 DEBUG 2448 --- [backend] [main] o.h.t.d.jdbc.spi.JdbcTypeRegistry        : addDescriptor(NClobTypeDescriptor(DEFAULT)) replaced previous registration(ClobTypeDescriptor(DEFAULT))
2026-09-12T11:52:56.674-03:00 DEBUG 2448 --- [backend] [main] org.hibernate.type.BasicTypeRegistry     : Adding type registration null -> org.hibernate.type.NullType@586728e8
2026-09-12T11:52:56.675-03:00 DEBUG 2448 --- [backend] [main] org.hibernate.type.BasicTypeRegistry     : Type registration key [null] overrode previous entry : `org.hibernate.type.NullType@53a50b0a`
2026-09-12T11:52:56.683-03:00 DEBUG 2448 --- [backend] [main] org.hibernate.type.BasicTypeRegistry     : Adding type registration org.hibernate.type.DurationType -> basicType@1(java.time.Duration,3015)
2026-09-12T11:52:56.684-03:00 DEBUG 2448 --- [backend] [main] org.hibernate.type.BasicTypeRegistry     : Adding type registration Duration -> basicType@1(java.time.Duration,3015)
2026-09-12T11:52:56.684-03:00 DEBUG 2448 --- [backend] [main] org.hibernate.type.BasicTypeRegistry     : Adding type registration java.time.Duration -> basicType@1(java.time.Duration,3015)
2026-09-12T11:52:56.689-03:00 DEBUG 2448 --- [backend] [main] org.hibernate.type.BasicTypeRegistry     : Adding type registration org.hibernate.type.OffsetDateTimeType -> basicType@2(java.time.OffsetDateTime,3003)
2026-09-12T11:52:56.690-03:00 DEBUG 2448 --- [backend] [main] org.hibernate.type.BasicTypeRegistry     : Adding type registration OffsetDateTime -> basicType@2(java.time.OffsetDateTime,3003)
2026-09-12T11:52:56.690-03:00 DEBUG 2448 --- [backend] [main] org.hibernate.type.BasicTypeRegistry     : Adding type registration java.time.OffsetDateTime -> basicType@2(java.time.OffsetDateTime,3003)
2026-09-12T11:52:56.690-03:00 DEBUG 2448 --- [backend] [main] org.hibernate.type.BasicTypeRegistry     : Adding type registration org.hibernate.type.ZonedDateTimeType -> basicType@3(java.time.ZonedDateTime,3003)
2026-09-12T11:52:56.690-03:00 DEBUG 2448 --- [backend] [main] org.hibernate.type.BasicTypeRegistry     : Adding type registration ZonedDateTime -> basicType@3(java.time.ZonedDateTime,3003)
2026-09-12T11:52:56.691-03:00 DEBUG 2448 --- [backend] [main] org.hibernate.type.BasicTypeRegistry     : Adding type registration java.time.ZonedDateTime -> basicType@3(java.time.ZonedDateTime,3003)
2026-09-12T11:52:56.691-03:00 DEBUG 2448 --- [backend] [main] org.hibernate.type.BasicTypeRegistry     : Adding type registration org.hibernate.type.OffsetTimeType -> basicType@4(java.time.OffsetTime,3007)
2026-09-12T11:52:56.693-03:00 DEBUG 2448 --- [backend] [main] org.hibernate.type.BasicTypeRegistry     : Adding type registration OffsetTime -> basicType@4(java.time.OffsetTime,3007)
2026-09-12T11:52:56.694-03:00 DEBUG 2448 --- [backend] [main] org.hibernate.type.BasicTypeRegistry     : Adding type registration java.time.OffsetTime -> basicType@4(java.time.OffsetTime,3007)
2026-09-12T11:52:56.699-03:00 DEBUG 2448 --- [backend] [main] o.h.type.spi.TypeConfiguration$Scope     : Scoping TypeConfiguration [org.hibernate.type.spi.TypeConfiguration@63c99f7] to MetadataBuildingContext [org.hibernate.boot.internal.MetadataBuildingContextRootImpl@7f012923]
2026-09-12T11:52:56.759-03:00 DEBUG 2448 --- [backend] [main] o.h.boot.model.relational.Namespace      : Created database namespace [logicalName=Name{catalog=null, schema=null}, physicalName=Name{catalog=null, schema=null}]
2026-09-12T11:52:56.800-03:00 DEBUG 2448 --- [backend] [main] o.h.boot.model.internal.EntityBinder     : Binding entity from annotated class: com.duoc.backend.Appointment.Appointment
2026-09-12T11:52:56.809-03:00 DEBUG 2448 --- [backend] [main] o.h.boot.model.internal.EntityBinder     : Import with entity name Appointment
2026-09-12T11:52:56.809-03:00 TRACE 2448 --- [backend] [main] o.h.b.i.InFlightMetadataCollectorImpl    : Import: Appointment -> com.duoc.backend.Appointment.Appointment
2026-09-12T11:52:56.809-03:00 TRACE 2448 --- [backend] [main] o.h.b.i.InFlightMetadataCollectorImpl    : Import: com.duoc.backend.Appointment.Appointment -> com.duoc.backend.Appointment.Appointment
2026-09-12T11:52:56.814-03:00 TRACE 2448 --- [backend] [main] .e.j.e.i.NormalizingIdentifierHelperImpl : Normalizing identifier quoting [Appointment]
2026-09-12T11:52:56.817-03:00 TRACE 2448 --- [backend] [main] .e.j.e.i.NormalizingIdentifierHelperImpl : Normalizing identifier quoting [Appointment]
2026-09-12T11:52:56.823-03:00 DEBUG 2448 --- [backend] [main] o.h.boot.model.internal.EntityBinder     : Bind entity com.duoc.backend.Appointment.Appointment on table appointment
2026-09-12T11:52:56.841-03:00 TRACE 2448 --- [backend] [main] .e.j.e.i.NormalizingIdentifierHelperImpl : Normalizing identifier quoting [DTYPE]
2026-09-12T11:52:56.842-03:00 DEBUG 2448 --- [backend] [main] o.h.boot.model.internal.AnnotatedColumn  : Binding column: AnnotatedDiscriminatorColumn(column='DTYPE')
2026-09-12T11:52:56.865-03:00 TRACE 2448 --- [backend] [main] o.h.boot.model.internal.PropertyBinder   : Processing annotations of com.duoc.backend.Appointment.Appointment.id
2026-09-12T11:52:56.874-03:00 TRACE 2448 --- [backend] [main] .e.j.e.i.NormalizingIdentifierHelperImpl : Normalizing identifier quoting [id]
2026-09-12T11:52:56.874-03:00 TRACE 2448 --- [backend] [main] .e.j.e.i.NormalizingIdentifierHelperImpl : Normalizing identifier quoting [id]
2026-09-12T11:52:56.875-03:00 DEBUG 2448 --- [backend] [main] o.h.boot.model.internal.AnnotatedColumn  : Binding column: AnnotatedColumn()
2026-09-12T11:52:56.876-03:00 DEBUG 2448 --- [backend] [main] o.h.boot.internal.ClassLoaderAccessImpl  : Not known whether passed class name [com.duoc.backend.Appointment.Appointment] is safe
2026-09-12T11:52:56.876-03:00 DEBUG 2448 --- [backend] [main] o.h.boot.internal.ClassLoaderAccessImpl  : No temp ClassLoader provided; using live ClassLoader for loading potentially unsafe class : com.duoc.backend.Appointment.Appointment
2026-09-12T11:52:56.884-03:00 DEBUG 2448 --- [backend] [main] o.h.boot.model.internal.PropertyBinder   : MetadataSourceProcessor property id with lazy=false
2026-09-12T11:52:56.889-03:00 DEBUG 2448 --- [backend] [main] o.h.b.m.internal.AbstractPropertyHolder  : Attempting to locate auto-apply AttributeConverter for property [com.duoc.backend.Appointment.Appointment:id]
2026-09-12T11:52:56.898-03:00 DEBUG 2448 --- [backend] [main] o.h.b.model.internal.BasicValueBinder    : building BasicValue for id
2026-09-12T11:52:56.902-03:00 DEBUG 2448 --- [backend] [main] org.hibernate.mapping.BasicValue         : Skipping column re-registration: appointment.id
2026-09-12T11:52:56.904-03:00 TRACE 2448 --- [backend] [main] .e.j.e.i.NormalizingIdentifierHelperImpl : Normalizing identifier quoting [id]
2026-09-12T11:52:56.904-03:00 TRACE 2448 --- [backend] [main] .e.j.e.i.NormalizingIdentifierHelperImpl : Normalizing identifier quoting [id]
2026-09-12T11:52:56.905-03:00 TRACE 2448 --- [backend] [main] .e.j.e.i.NormalizingIdentifierHelperImpl : Normalizing identifier quoting [id]
2026-09-12T11:52:56.906-03:00 DEBUG 2448 --- [backend] [main] o.h.boot.model.internal.PropertyBinder   : Building property id
2026-09-12T11:52:56.907-03:00 TRACE 2448 --- [backend] [main] o.h.boot.model.internal.PropertyBinder   : Cascading id with null
2026-09-12T11:52:56.911-03:00 DEBUG 2448 --- [backend] [main] o.h.boot.model.internal.BinderHelper     : #makeIdGenerator(BasicValue([Column(id)]), id, org.hibernate.id.enhanced.SequenceStyleGenerator, , ...)
2026-09-12T11:52:56.914-03:00 TRACE 2448 --- [backend] [main] o.h.boot.model.internal.PropertyBinder   : Bind @Id on id
2026-09-12T11:52:56.916-03:00 TRACE 2448 --- [backend] [main] o.h.boot.model.internal.PropertyBinder   : Processing annotations of com.duoc.backend.Appointment.Appointment.date
2026-09-12T11:52:56.917-03:00 TRACE 2448 --- [backend] [main] .e.j.e.i.NormalizingIdentifierHelperImpl : Normalizing identifier quoting [date]
2026-09-12T11:52:56.918-03:00 TRACE 2448 --- [backend] [main] .e.j.e.i.NormalizingIdentifierHelperImpl : Normalizing identifier quoting [date]
2026-09-12T11:52:56.918-03:00 DEBUG 2448 --- [backend] [main] o.h.boot.model.internal.AnnotatedColumn  : Binding column: AnnotatedColumn()
2026-09-12T11:52:56.919-03:00 DEBUG 2448 --- [backend] [main] o.h.boot.model.internal.PropertyBinder   : MetadataSourceProcessor property date with lazy=false
2026-09-12T11:52:56.919-03:00 DEBUG 2448 --- [backend] [main] o.h.b.m.internal.AbstractPropertyHolder  : Attempting to locate auto-apply AttributeConverter for property [com.duoc.backend.Appointment.Appointment:date]
2026-09-12T11:52:56.920-03:00 DEBUG 2448 --- [backend] [main] o.h.b.model.internal.BasicValueBinder    : building BasicValue for date
2026-09-12T11:52:56.920-03:00 DEBUG 2448 --- [backend] [main] org.hibernate.mapping.BasicValue         : Skipping column re-registration: appointment.date
2026-09-12T11:52:56.920-03:00 TRACE 2448 --- [backend] [main] .e.j.e.i.NormalizingIdentifierHelperImpl : Normalizing identifier quoting [date]
2026-09-12T11:52:56.921-03:00 TRACE 2448 --- [backend] [main] .e.j.e.i.NormalizingIdentifierHelperImpl : Normalizing identifier quoting [date]
2026-09-12T11:52:56.921-03:00 TRACE 2448 --- [backend] [main] .e.j.e.i.NormalizingIdentifierHelperImpl : Normalizing identifier quoting [date]
2026-09-12T11:52:56.921-03:00 DEBUG 2448 --- [backend] [main] o.h.boot.model.internal.PropertyBinder   : Building property date
2026-09-12T11:52:56.922-03:00 TRACE 2448 --- [backend] [main] o.h.boot.model.internal.PropertyBinder   : Cascading date with null
2026-09-12T11:52:56.922-03:00 TRACE 2448 --- [backend] [main] o.h.boot.model.internal.PropertyBinder   : Processing annotations of com.duoc.backend.Appointment.Appointment.reason
2026-09-12T11:52:56.922-03:00 TRACE 2448 --- [backend] [main] .e.j.e.i.NormalizingIdentifierHelperImpl : Normalizing identifier quoting [reason]
2026-09-12T11:52:56.923-03:00 TRACE 2448 --- [backend] [main] .e.j.e.i.NormalizingIdentifierHelperImpl : Normalizing identifier quoting [reason]
2026-09-12T11:52:56.923-03:00 DEBUG 2448 --- [backend] [main] o.h.boot.model.internal.AnnotatedColumn  : Binding column: AnnotatedColumn()
2026-09-12T11:52:56.923-03:00 DEBUG 2448 --- [backend] [main] o.h.boot.model.internal.PropertyBinder   : MetadataSourceProcessor property reason with lazy=false
2026-09-12T11:52:56.923-03:00 DEBUG 2448 --- [backend] [main] o.h.b.m.internal.AbstractPropertyHolder  : Attempting to locate auto-apply AttributeConverter for property [com.duoc.backend.Appointment.Appointment:reason]
2026-09-12T11:52:56.923-03:00 DEBUG 2448 --- [backend] [main] o.h.b.model.internal.BasicValueBinder    : building BasicValue for reason
2026-09-12T11:52:56.923-03:00 DEBUG 2448 --- [backend] [main] org.hibernate.mapping.BasicValue         : Skipping column re-registration: appointment.reason
2026-09-12T11:52:56.923-03:00 TRACE 2448 --- [backend] [main] .e.j.e.i.NormalizingIdentifierHelperImpl : Normalizing identifier quoting [reason]
2026-09-12T11:52:56.924-03:00 TRACE 2448 --- [backend] [main] .e.j.e.i.NormalizingIdentifierHelperImpl : Normalizing identifier quoting [reason]
2026-09-12T11:52:56.924-03:00 TRACE 2448 --- [backend] [main] .e.j.e.i.NormalizingIdentifierHelperImpl : Normalizing identifier quoting [reason]
2026-09-12T11:52:56.924-03:00 DEBUG 2448 --- [backend] [main] o.h.boot.model.internal.PropertyBinder   : Building property reason
2026-09-12T11:52:56.924-03:00 TRACE 2448 --- [backend] [main] o.h.boot.model.internal.PropertyBinder   : Cascading reason with null
2026-09-12T11:52:56.925-03:00 TRACE 2448 --- [backend] [main] o.h.boot.model.internal.PropertyBinder   : Processing annotations of com.duoc.backend.Appointment.Appointment.time
2026-09-12T11:52:56.925-03:00 TRACE 2448 --- [backend] [main] .e.j.e.i.NormalizingIdentifierHelperImpl : Normalizing identifier quoting [time]
2026-09-12T11:52:56.925-03:00 TRACE 2448 --- [backend] [main] .e.j.e.i.NormalizingIdentifierHelperImpl : Normalizing identifier quoting [time]
2026-09-12T11:52:56.926-03:00 DEBUG 2448 --- [backend] [main] o.h.boot.model.internal.AnnotatedColumn  : Binding column: AnnotatedColumn()
2026-09-12T11:52:56.927-03:00 DEBUG 2448 --- [backend] [main] o.h.boot.model.internal.PropertyBinder   : MetadataSourceProcessor property time with lazy=false
2026-09-12T11:52:56.927-03:00 DEBUG 2448 --- [backend] [main] o.h.b.m.internal.AbstractPropertyHolder  : Attempting to locate auto-apply AttributeConverter for property [com.duoc.backend.Appointment.Appointment:time]
2026-09-12T11:52:56.927-03:00 DEBUG 2448 --- [backend] [main] o.h.b.model.internal.BasicValueBinder    : building BasicValue for time
2026-09-12T11:52:56.928-03:00 DEBUG 2448 --- [backend] [main] org.hibernate.mapping.BasicValue         : Skipping column re-registration: appointment.time
2026-09-12T11:52:56.929-03:00 TRACE 2448 --- [backend] [main] .e.j.e.i.NormalizingIdentifierHelperImpl : Normalizing identifier quoting [time]
2026-09-12T11:52:56.930-03:00 TRACE 2448 --- [backend] [main] .e.j.e.i.NormalizingIdentifierHelperImpl : Normalizing identifier quoting [time]
2026-09-12T11:52:56.931-03:00 TRACE 2448 --- [backend] [main] .e.j.e.i.NormalizingIdentifierHelperImpl : Normalizing identifier quoting [time]
2026-09-12T11:52:56.931-03:00 DEBUG 2448 --- [backend] [main] o.h.boot.model.internal.PropertyBinder   : Building property time
2026-09-12T11:52:56.931-03:00 TRACE 2448 --- [backend] [main] o.h.boot.model.internal.PropertyBinder   : Cascading time with null
2026-09-12T11:52:56.932-03:00 TRACE 2448 --- [backend] [main] o.h.boot.model.internal.PropertyBinder   : Processing annotations of com.duoc.backend.Appointment.Appointment.veterinarian
2026-09-12T11:52:56.933-03:00 TRACE 2448 --- [backend] [main] .e.j.e.i.NormalizingIdentifierHelperImpl : Normalizing identifier quoting [veterinarian]
2026-09-12T11:52:56.933-03:00 TRACE 2448 --- [backend] [main] .e.j.e.i.NormalizingIdentifierHelperImpl : Normalizing identifier quoting [veterinarian]
2026-09-12T11:52:56.933-03:00 DEBUG 2448 --- [backend] [main] o.h.boot.model.internal.AnnotatedColumn  : Binding column: AnnotatedColumn()
2026-09-12T11:52:56.933-03:00 DEBUG 2448 --- [backend] [main] o.h.boot.model.internal.PropertyBinder   : MetadataSourceProcessor property veterinarian with lazy=false
2026-09-12T11:52:56.933-03:00 DEBUG 2448 --- [backend] [main] o.h.b.m.internal.AbstractPropertyHolder  : Attempting to locate auto-apply AttributeConverter for property [com.duoc.backend.Appointment.Appointment:veterinarian]
2026-09-12T11:52:56.933-03:00 DEBUG 2448 --- [backend] [main] o.h.b.model.internal.BasicValueBinder    : building BasicValue for veterinarian
2026-09-12T11:52:56.934-03:00 DEBUG 2448 --- [backend] [main] org.hibernate.mapping.BasicValue         : Skipping column re-registration: appointment.veterinarian
2026-09-12T11:52:56.934-03:00 TRACE 2448 --- [backend] [main] .e.j.e.i.NormalizingIdentifierHelperImpl : Normalizing identifier quoting [veterinarian]
2026-09-12T11:52:56.934-03:00 TRACE 2448 --- [backend] [main] .e.j.e.i.NormalizingIdentifierHelperImpl : Normalizing identifier quoting [veterinarian]
2026-09-12T11:52:56.934-03:00 TRACE 2448 --- [backend] [main] .e.j.e.i.NormalizingIdentifierHelperImpl : Normalizing identifier quoting [veterinarian]
2026-09-12T11:52:56.934-03:00 DEBUG 2448 --- [backend] [main] o.h.boot.model.internal.PropertyBinder   : Building property veterinarian
2026-09-12T11:52:56.934-03:00 TRACE 2448 --- [backend] [main] o.h.boot.model.internal.PropertyBinder   : Cascading veterinarian with null
2026-09-12T11:52:56.937-03:00 DEBUG 2448 --- [backend] [main] o.h.b.r.c.i.ClassLoaderServiceImpl       : HHH000194: Package not found or no package-info.java: com.duoc.backend.Appointment
2026-09-12T11:52:56.942-03:00 DEBUG 2448 --- [backend] [main] o.h.boot.model.internal.EntityBinder     : Binding entity from annotated class: com.duoc.backend.Care.Care
2026-09-12T11:52:56.943-03:00 DEBUG 2448 --- [backend] [main] o.h.boot.model.internal.EntityBinder     : Import with entity name Care
2026-09-12T11:52:56.943-03:00 TRACE 2448 --- [backend] [main] o.h.b.i.InFlightMetadataCollectorImpl    : Import: Care -> com.duoc.backend.Care.Care
2026-09-12T11:52:56.943-03:00 TRACE 2448 --- [backend] [main] o.h.b.i.InFlightMetadataCollectorImpl    : Import: com.duoc.backend.Care.Care -> com.duoc.backend.Care.Care
2026-09-12T11:52:56.944-03:00 TRACE 2448 --- [backend] [main] .e.j.e.i.NormalizingIdentifierHelperImpl : Normalizing identifier quoting [Care]
2026-09-12T11:52:56.946-03:00 TRACE 2448 --- [backend] [main] .e.j.e.i.NormalizingIdentifierHelperImpl : Normalizing identifier quoting [Care]
2026-09-12T11:52:56.946-03:00 DEBUG 2448 --- [backend] [main] o.h.boot.model.internal.EntityBinder     : Bind entity com.duoc.backend.Care.Care on table care
2026-09-12T11:52:56.946-03:00 TRACE 2448 --- [backend] [main] .e.j.e.i.NormalizingIdentifierHelperImpl : Normalizing identifier quoting [DTYPE]
2026-09-12T11:52:56.948-03:00 DEBUG 2448 --- [backend] [main] o.h.boot.model.internal.AnnotatedColumn  : Binding column: AnnotatedDiscriminatorColumn(column='DTYPE')
2026-09-12T11:52:56.950-03:00 TRACE 2448 --- [backend] [main] o.h.boot.model.internal.PropertyBinder   : Processing annotations of com.duoc.backend.Care.Care.id
2026-09-12T11:52:56.950-03:00 TRACE 2448 --- [backend] [main] .e.j.e.i.NormalizingIdentifierHelperImpl : Normalizing identifier quoting [id]
2026-09-12T11:52:56.950-03:00 TRACE 2448 --- [backend] [main] .e.j.e.i.NormalizingIdentifierHelperImpl : Normalizing identifier quoting [id]
2026-09-12T11:52:56.951-03:00 DEBUG 2448 --- [backend] [main] o.h.boot.model.internal.AnnotatedColumn  : Binding column: AnnotatedColumn()
2026-09-12T11:52:56.951-03:00 DEBUG 2448 --- [backend] [main] o.h.boot.internal.ClassLoaderAccessImpl  : Not known whether passed class name [com.duoc.backend.Care.Care] is safe
2026-09-12T11:52:56.951-03:00 DEBUG 2448 --- [backend] [main] o.h.boot.internal.ClassLoaderAccessImpl  : No temp ClassLoader provided; using live ClassLoader for loading potentially unsafe class : com.duoc.backend.Care.Care
2026-09-12T11:52:56.951-03:00 DEBUG 2448 --- [backend] [main] o.h.boot.model.internal.PropertyBinder   : MetadataSourceProcessor property id with lazy=false
2026-09-12T11:52:56.951-03:00 DEBUG 2448 --- [backend] [main] o.h.b.m.internal.AbstractPropertyHolder  : Attempting to locate auto-apply AttributeConverter for property [com.duoc.backend.Care.Care:id]
2026-09-12T11:52:56.951-03:00 DEBUG 2448 --- [backend] [main] o.h.b.model.internal.BasicValueBinder    : building BasicValue for id
2026-09-12T11:52:56.952-03:00 DEBUG 2448 --- [backend] [main] org.hibernate.mapping.BasicValue         : Skipping column re-registration: care.id
2026-09-12T11:52:56.952-03:00 TRACE 2448 --- [backend] [main] .e.j.e.i.NormalizingIdentifierHelperImpl : Normalizing identifier quoting [id]
2026-09-12T11:52:56.952-03:00 TRACE 2448 --- [backend] [main] .e.j.e.i.NormalizingIdentifierHelperImpl : Normalizing identifier quoting [id]
2026-09-12T11:52:56.952-03:00 TRACE 2448 --- [backend] [main] .e.j.e.i.NormalizingIdentifierHelperImpl : Normalizing identifier quoting [id]
2026-09-12T11:52:56.952-03:00 DEBUG 2448 --- [backend] [main] o.h.boot.model.internal.PropertyBinder   : Building property id
2026-09-12T11:52:56.953-03:00 TRACE 2448 --- [backend] [main] o.h.boot.model.internal.PropertyBinder   : Cascading id with null
2026-09-12T11:52:56.953-03:00 DEBUG 2448 --- [backend] [main] o.h.boot.model.internal.BinderHelper     : #makeIdGenerator(BasicValue([Column(id)]), id, org.hibernate.id.enhanced.SequenceStyleGenerator, , ...)
2026-09-12T11:52:56.954-03:00 TRACE 2448 --- [backend] [main] o.h.boot.model.internal.PropertyBinder   : Bind @Id on id
2026-09-12T11:52:56.954-03:00 TRACE 2448 --- [backend] [main] o.h.boot.model.internal.PropertyBinder   : Processing annotations of com.duoc.backend.Care.Care.cost
2026-09-12T11:52:56.954-03:00 TRACE 2448 --- [backend] [main] .e.j.e.i.NormalizingIdentifierHelperImpl : Normalizing identifier quoting [cost]
2026-09-12T11:52:56.954-03:00 TRACE 2448 --- [backend] [main] .e.j.e.i.NormalizingIdentifierHelperImpl : Normalizing identifier quoting [cost]
2026-09-12T11:52:56.955-03:00 DEBUG 2448 --- [backend] [main] o.h.boot.model.internal.AnnotatedColumn  : Binding column: AnnotatedColumn()
2026-09-12T11:52:56.955-03:00 DEBUG 2448 --- [backend] [main] o.h.boot.model.internal.PropertyBinder   : MetadataSourceProcessor property cost with lazy=false
2026-09-12T11:52:56.955-03:00 DEBUG 2448 --- [backend] [main] o.h.b.m.internal.AbstractPropertyHolder  : Attempting to locate auto-apply AttributeConverter for property [com.duoc.backend.Care.Care:cost]
2026-09-12T11:52:56.955-03:00 DEBUG 2448 --- [backend] [main] o.h.b.model.internal.BasicValueBinder    : building BasicValue for cost
2026-09-12T11:52:56.955-03:00 DEBUG 2448 --- [backend] [main] org.hibernate.mapping.BasicValue         : Skipping column re-registration: care.cost
2026-09-12T11:52:56.955-03:00 TRACE 2448 --- [backend] [main] .e.j.e.i.NormalizingIdentifierHelperImpl : Normalizing identifier quoting [cost]
2026-09-12T11:52:56.956-03:00 TRACE 2448 --- [backend] [main] .e.j.e.i.NormalizingIdentifierHelperImpl : Normalizing identifier quoting [cost]
2026-09-12T11:52:56.956-03:00 TRACE 2448 --- [backend] [main] .e.j.e.i.NormalizingIdentifierHelperImpl : Normalizing identifier quoting [cost]
2026-09-12T11:52:56.956-03:00 DEBUG 2448 --- [backend] [main] o.h.boot.model.internal.PropertyBinder   : Building property cost
2026-09-12T11:52:56.956-03:00 TRACE 2448 --- [backend] [main] o.h.boot.model.internal.PropertyBinder   : Cascading cost with null
2026-09-12T11:52:56.956-03:00 TRACE 2448 --- [backend] [main] o.h.boot.model.internal.PropertyBinder   : Processing annotations of com.duoc.backend.Care.Care.name
2026-09-12T11:52:56.956-03:00 TRACE 2448 --- [backend] [main] .e.j.e.i.NormalizingIdentifierHelperImpl : Normalizing identifier quoting [name]
2026-09-12T11:52:56.956-03:00 TRACE 2448 --- [backend] [main] .e.j.e.i.NormalizingIdentifierHelperImpl : Normalizing identifier quoting [name]
2026-09-12T11:52:56.956-03:00 DEBUG 2448 --- [backend] [main] o.h.boot.model.internal.AnnotatedColumn  : Binding column: AnnotatedColumn()
2026-09-12T11:52:56.957-03:00 DEBUG 2448 --- [backend] [main] o.h.boot.model.internal.PropertyBinder   : MetadataSourceProcessor property name with lazy=false
2026-09-12T11:52:56.957-03:00 DEBUG 2448 --- [backend] [main] o.h.b.m.internal.AbstractPropertyHolder  : Attempting to locate auto-apply AttributeConverter for property [com.duoc.backend.Care.Care:name]
2026-09-12T11:52:56.957-03:00 DEBUG 2448 --- [backend] [main] o.h.b.model.internal.BasicValueBinder    : building BasicValue for name
2026-09-12T11:52:56.957-03:00 DEBUG 2448 --- [backend] [main] org.hibernate.mapping.BasicValue         : Skipping column re-registration: care.name
2026-09-12T11:52:56.957-03:00 TRACE 2448 --- [backend] [main] .e.j.e.i.NormalizingIdentifierHelperImpl : Normalizing identifier quoting [name]
2026-09-12T11:52:56.957-03:00 TRACE 2448 --- [backend] [main] .e.j.e.i.NormalizingIdentifierHelperImpl : Normalizing identifier quoting [name]
2026-09-12T11:52:56.957-03:00 TRACE 2448 --- [backend] [main] .e.j.e.i.NormalizingIdentifierHelperImpl : Normalizing identifier quoting [name]
2026-09-12T11:52:56.957-03:00 DEBUG 2448 --- [backend] [main] o.h.boot.model.internal.PropertyBinder   : Building property name
2026-09-12T11:52:56.957-03:00 TRACE 2448 --- [backend] [main] o.h.boot.model.internal.PropertyBinder   : Cascading name with null
2026-09-12T11:52:56.958-03:00 DEBUG 2448 --- [backend] [main] o.h.b.r.c.i.ClassLoaderServiceImpl       : HHH000194: Package not found or no package-info.java: com.duoc.backend.Care
2026-09-12T11:52:56.959-03:00 DEBUG 2448 --- [backend] [main] o.h.boot.model.internal.EntityBinder     : Binding entity from annotated class: com.duoc.backend.Invoice.Invoice
2026-09-12T11:52:56.959-03:00 DEBUG 2448 --- [backend] [main] o.h.boot.model.internal.EntityBinder     : Import with entity name Invoice
2026-09-12T11:52:56.960-03:00 TRACE 2448 --- [backend] [main] o.h.b.i.InFlightMetadataCollectorImpl    : Import: Invoice -> com.duoc.backend.Invoice.Invoice
2026-09-12T11:52:56.960-03:00 TRACE 2448 --- [backend] [main] o.h.b.i.InFlightMetadataCollectorImpl    : Import: com.duoc.backend.Invoice.Invoice -> com.duoc.backend.Invoice.Invoice
2026-09-12T11:52:56.964-03:00 TRACE 2448 --- [backend] [main] .e.j.e.i.NormalizingIdentifierHelperImpl : Normalizing identifier quoting [Invoice]
2026-09-12T11:52:56.965-03:00 TRACE 2448 --- [backend] [main] .e.j.e.i.NormalizingIdentifierHelperImpl : Normalizing identifier quoting [Invoice]
2026-09-12T11:52:56.966-03:00 DEBUG 2448 --- [backend] [main] o.h.boot.model.internal.EntityBinder     : Bind entity com.duoc.backend.Invoice.Invoice on table invoice
2026-09-12T11:52:56.966-03:00 TRACE 2448 --- [backend] [main] .e.j.e.i.NormalizingIdentifierHelperImpl : Normalizing identifier quoting [DTYPE]
2026-09-12T11:52:56.966-03:00 DEBUG 2448 --- [backend] [main] o.h.boot.model.internal.AnnotatedColumn  : Binding column: AnnotatedDiscriminatorColumn(column='DTYPE')
2026-09-12T11:52:56.972-03:00 TRACE 2448 --- [backend] [main] o.h.boot.model.internal.PropertyBinder   : Processing annotations of com.duoc.backend.Invoice.Invoice.id
2026-09-12T11:52:56.974-03:00 TRACE 2448 --- [backend] [main] .e.j.e.i.NormalizingIdentifierHelperImpl : Normalizing identifier quoting [id]
2026-09-12T11:52:56.974-03:00 TRACE 2448 --- [backend] [main] .e.j.e.i.NormalizingIdentifierHelperImpl : Normalizing identifier quoting [id]
2026-09-12T11:52:56.975-03:00 DEBUG 2448 --- [backend] [main] o.h.boot.model.internal.AnnotatedColumn  : Binding column: AnnotatedColumn()
2026-09-12T11:52:56.975-03:00 DEBUG 2448 --- [backend] [main] o.h.boot.internal.ClassLoaderAccessImpl  : Not known whether passed class name [com.duoc.backend.Invoice.Invoice] is safe
2026-09-12T11:52:56.975-03:00 DEBUG 2448 --- [backend] [main] o.h.boot.internal.ClassLoaderAccessImpl  : No temp ClassLoader provided; using live ClassLoader for loading potentially unsafe class : com.duoc.backend.Invoice.Invoice
2026-09-12T11:52:56.975-03:00 DEBUG 2448 --- [backend] [main] o.h.boot.model.internal.PropertyBinder   : MetadataSourceProcessor property id with lazy=false
2026-09-12T11:52:56.976-03:00 DEBUG 2448 --- [backend] [main] o.h.b.m.internal.AbstractPropertyHolder  : Attempting to locate auto-apply AttributeConverter for property [com.duoc.backend.Invoice.Invoice:id]
2026-09-12T11:52:56.976-03:00 DEBUG 2448 --- [backend] [main] o.h.b.model.internal.BasicValueBinder    : building BasicValue for id
2026-09-12T11:52:56.976-03:00 DEBUG 2448 --- [backend] [main] org.hibernate.mapping.BasicValue         : Skipping column re-registration: invoice.id
2026-09-12T11:52:56.976-03:00 TRACE 2448 --- [backend] [main] .e.j.e.i.NormalizingIdentifierHelperImpl : Normalizing identifier quoting [id]
2026-09-12T11:52:56.977-03:00 TRACE 2448 --- [backend] [main] .e.j.e.i.NormalizingIdentifierHelperImpl : Normalizing identifier quoting [id]
2026-09-12T11:52:56.977-03:00 TRACE 2448 --- [backend] [main] .e.j.e.i.NormalizingIdentifierHelperImpl : Normalizing identifier quoting [id]
2026-09-12T11:52:56.978-03:00 DEBUG 2448 --- [backend] [main] o.h.boot.model.internal.PropertyBinder   : Building property id
2026-09-12T11:52:56.981-03:00 TRACE 2448 --- [backend] [main] o.h.boot.model.internal.PropertyBinder   : Cascading id with null
2026-09-12T11:52:56.981-03:00 DEBUG 2448 --- [backend] [main] o.h.boot.model.internal.BinderHelper     : #makeIdGenerator(BasicValue([Column(id)]), id, org.hibernate.id.enhanced.SequenceStyleGenerator, , ...)
2026-09-12T11:52:56.982-03:00 TRACE 2448 --- [backend] [main] o.h.boot.model.internal.PropertyBinder   : Bind @Id on id
2026-09-12T11:52:56.982-03:00 TRACE 2448 --- [backend] [main] o.h.boot.model.internal.PropertyBinder   : Processing annotations of com.duoc.backend.Invoice.Invoice.cares
2026-09-12T11:52:57.002-03:00 TRACE 2448 --- [backend] [main] .e.j.e.i.NormalizingIdentifierHelperImpl : Normalizing identifier quoting [cares_ORDER]
2026-09-12T11:52:57.003-03:00 DEBUG 2448 --- [backend] [main] o.h.boot.model.internal.AnnotatedColumn  : Binding column: IndexColumn(column='cares_ORDER')
2026-09-12T11:52:57.005-03:00 TRACE 2448 --- [backend] [main] .e.j.e.i.NormalizingIdentifierHelperImpl : Normalizing identifier quoting [element]
2026-09-12T11:52:57.006-03:00 TRACE 2448 --- [backend] [main] .e.j.e.i.NormalizingIdentifierHelperImpl : Normalizing identifier quoting [element]
2026-09-12T11:52:57.006-03:00 DEBUG 2448 --- [backend] [main] o.h.boot.model.internal.AnnotatedColumn  : Binding column: AnnotatedColumn()
2026-09-12T11:52:57.007-03:00 TRACE 2448 --- [backend] [main] .e.j.e.i.NormalizingIdentifierHelperImpl : Normalizing identifier quoting [cares_KEY]
2026-09-12T11:52:57.007-03:00 DEBUG 2448 --- [backend] [main] o.h.boot.model.internal.AnnotatedColumn  : Binding column: AnnotatedColumn(column='cares_KEY')
2026-09-12T11:52:57.010-03:00 TRACE 2448 --- [backend] [main] .e.j.e.i.NormalizingIdentifierHelperImpl : Normalizing identifier quoting [cares_KEY]
2026-09-12T11:52:57.011-03:00 DEBUG 2448 --- [backend] [main] o.h.boot.model.internal.AnnotatedColumn  : Binding column: AnnotatedJoinColumn(column='cares_KEY')
2026-09-12T11:52:57.014-03:00 TRACE 2448 --- [backend] [main] .e.j.e.i.NormalizingIdentifierHelperImpl : Normalizing identifier quoting [invoice_id]
2026-09-12T11:52:57.015-03:00 DEBUG 2448 --- [backend] [main] o.h.boot.model.internal.AnnotatedColumn  : Binding column: AnnotatedJoinColumn(column='invoice_id')
2026-09-12T11:52:57.015-03:00 TRACE 2448 --- [backend] [main] .e.j.e.i.NormalizingIdentifierHelperImpl : Normalizing identifier quoting [care_id]
2026-09-12T11:52:57.016-03:00 DEBUG 2448 --- [backend] [main] o.h.boot.model.internal.AnnotatedColumn  : Binding column: AnnotatedJoinColumn(column='care_id')
2026-09-12T11:52:57.020-03:00 DEBUG 2448 --- [backend] [main] o.h.b.model.internal.CollectionBinder    : Collection role: com.duoc.backend.Invoice.Invoice.cares
2026-09-12T11:52:57.023-03:00 DEBUG 2448 --- [backend] [main] o.h.boot.model.internal.PropertyBinder   : Building property cares
2026-09-12T11:52:57.023-03:00 TRACE 2448 --- [backend] [main] o.h.boot.model.internal.PropertyBinder   : Cascading cares with none
2026-09-12T11:52:57.024-03:00 TRACE 2448 --- [backend] [main] o.h.boot.model.internal.PropertyBinder   : Processing annotations of com.duoc.backend.Invoice.Invoice.date
2026-09-12T11:52:57.024-03:00 TRACE 2448 --- [backend] [main] .e.j.e.i.NormalizingIdentifierHelperImpl : Normalizing identifier quoting [date]
2026-09-12T11:52:57.024-03:00 TRACE 2448 --- [backend] [main] .e.j.e.i.NormalizingIdentifierHelperImpl : Normalizing identifier quoting [date]
2026-09-12T11:52:57.024-03:00 DEBUG 2448 --- [backend] [main] o.h.boot.model.internal.AnnotatedColumn  : Binding column: AnnotatedColumn()
2026-09-12T11:52:57.024-03:00 DEBUG 2448 --- [backend] [main] o.h.boot.model.internal.PropertyBinder   : MetadataSourceProcessor property date with lazy=false
2026-09-12T11:52:57.025-03:00 DEBUG 2448 --- [backend] [main] o.h.b.m.internal.AbstractPropertyHolder  : Attempting to locate auto-apply AttributeConverter for property [com.duoc.backend.Invoice.Invoice:date]
2026-09-12T11:52:57.025-03:00 DEBUG 2448 --- [backend] [main] o.h.b.model.internal.BasicValueBinder    : building BasicValue for date
2026-09-12T11:52:57.025-03:00 DEBUG 2448 --- [backend] [main] org.hibernate.mapping.BasicValue         : Skipping column re-registration: invoice.date
2026-09-12T11:52:57.025-03:00 TRACE 2448 --- [backend] [main] .e.j.e.i.NormalizingIdentifierHelperImpl : Normalizing identifier quoting [date]
2026-09-12T11:52:57.025-03:00 TRACE 2448 --- [backend] [main] .e.j.e.i.NormalizingIdentifierHelperImpl : Normalizing identifier quoting [date]
2026-09-12T11:52:57.025-03:00 TRACE 2448 --- [backend] [main] .e.j.e.i.NormalizingIdentifierHelperImpl : Normalizing identifier quoting [date]
2026-09-12T11:52:57.025-03:00 DEBUG 2448 --- [backend] [main] o.h.boot.model.internal.PropertyBinder   : Building property date
2026-09-12T11:52:57.025-03:00 TRACE 2448 --- [backend] [main] o.h.boot.model.internal.PropertyBinder   : Cascading date with null
2026-09-12T11:52:57.026-03:00 TRACE 2448 --- [backend] [main] o.h.boot.model.internal.PropertyBinder   : Processing annotations of com.duoc.backend.Invoice.Invoice.medications
2026-09-12T11:52:57.026-03:00 TRACE 2448 --- [backend] [main] .e.j.e.i.NormalizingIdentifierHelperImpl : Normalizing identifier quoting [medications_ORDER]
2026-09-12T11:52:57.026-03:00 DEBUG 2448 --- [backend] [main] o.h.boot.model.internal.AnnotatedColumn  : Binding column: IndexColumn(column='medications_ORDER')
2026-09-12T11:52:57.027-03:00 TRACE 2448 --- [backend] [main] .e.j.e.i.NormalizingIdentifierHelperImpl : Normalizing identifier quoting [element]
2026-09-12T11:52:57.027-03:00 TRACE 2448 --- [backend] [main] .e.j.e.i.NormalizingIdentifierHelperImpl : Normalizing identifier quoting [element]
2026-09-12T11:52:57.028-03:00 DEBUG 2448 --- [backend] [main] o.h.boot.model.internal.AnnotatedColumn  : Binding column: AnnotatedColumn()
2026-09-12T11:52:57.029-03:00 TRACE 2448 --- [backend] [main] .e.j.e.i.NormalizingIdentifierHelperImpl : Normalizing identifier quoting [medications_KEY]
2026-09-12T11:52:57.030-03:00 DEBUG 2448 --- [backend] [main] o.h.boot.model.internal.AnnotatedColumn  : Binding column: AnnotatedColumn(column='medications_KEY')
2026-09-12T11:52:57.031-03:00 TRACE 2448 --- [backend] [main] .e.j.e.i.NormalizingIdentifierHelperImpl : Normalizing identifier quoting [medications_KEY]
2026-09-12T11:52:57.033-03:00 DEBUG 2448 --- [backend] [main] o.h.boot.model.internal.AnnotatedColumn  : Binding column: AnnotatedJoinColumn(column='medications_KEY')
2026-09-12T11:52:57.034-03:00 TRACE 2448 --- [backend] [main] .e.j.e.i.NormalizingIdentifierHelperImpl : Normalizing identifier quoting [invoice_id]
2026-09-12T11:52:57.034-03:00 DEBUG 2448 --- [backend] [main] o.h.boot.model.internal.AnnotatedColumn  : Binding column: AnnotatedJoinColumn(column='invoice_id')
2026-09-12T11:52:57.034-03:00 TRACE 2448 --- [backend] [main] .e.j.e.i.NormalizingIdentifierHelperImpl : Normalizing identifier quoting [medication_id]
2026-09-12T11:52:57.034-03:00 DEBUG 2448 --- [backend] [main] o.h.boot.model.internal.AnnotatedColumn  : Binding column: AnnotatedJoinColumn(column='medication_id')
2026-09-12T11:52:57.034-03:00 DEBUG 2448 --- [backend] [main] o.h.b.model.internal.CollectionBinder    : Collection role: com.duoc.backend.Invoice.Invoice.medications
2026-09-12T11:52:57.034-03:00 DEBUG 2448 --- [backend] [main] o.h.boot.model.internal.PropertyBinder   : Building property medications
2026-09-12T11:52:57.035-03:00 TRACE 2448 --- [backend] [main] o.h.boot.model.internal.PropertyBinder   : Cascading medications with none
2026-09-12T11:52:57.035-03:00 TRACE 2448 --- [backend] [main] o.h.boot.model.internal.PropertyBinder   : Processing annotations of com.duoc.backend.Invoice.Invoice.patientName
2026-09-12T11:52:57.035-03:00 TRACE 2448 --- [backend] [main] .e.j.e.i.NormalizingIdentifierHelperImpl : Normalizing identifier quoting [patientName]
2026-09-12T11:52:57.035-03:00 TRACE 2448 --- [backend] [main] .e.j.e.i.NormalizingIdentifierHelperImpl : Normalizing identifier quoting [patientName]
2026-09-12T11:52:57.035-03:00 DEBUG 2448 --- [backend] [main] o.h.boot.model.internal.AnnotatedColumn  : Binding column: AnnotatedColumn()
2026-09-12T11:52:57.036-03:00 DEBUG 2448 --- [backend] [main] o.h.boot.model.internal.PropertyBinder   : MetadataSourceProcessor property patientName with lazy=false
2026-09-12T11:52:57.036-03:00 DEBUG 2448 --- [backend] [main] o.h.b.m.internal.AbstractPropertyHolder  : Attempting to locate auto-apply AttributeConverter for property [com.duoc.backend.Invoice.Invoice:patientName]
2026-09-12T11:52:57.036-03:00 DEBUG 2448 --- [backend] [main] o.h.b.model.internal.BasicValueBinder    : building BasicValue for patientName
2026-09-12T11:52:57.036-03:00 DEBUG 2448 --- [backend] [main] org.hibernate.mapping.BasicValue         : Skipping column re-registration: invoice.patient_name
2026-09-12T11:52:57.037-03:00 TRACE 2448 --- [backend] [main] .e.j.e.i.NormalizingIdentifierHelperImpl : Normalizing identifier quoting [patientName]
2026-09-12T11:52:57.037-03:00 TRACE 2448 --- [backend] [main] .e.j.e.i.NormalizingIdentifierHelperImpl : Normalizing identifier quoting [patientName]
2026-09-12T11:52:57.037-03:00 TRACE 2448 --- [backend] [main] .e.j.e.i.NormalizingIdentifierHelperImpl : Normalizing identifier quoting [patientName]
2026-09-12T11:52:57.037-03:00 DEBUG 2448 --- [backend] [main] o.h.boot.model.internal.PropertyBinder   : Building property patientName
2026-09-12T11:52:57.038-03:00 TRACE 2448 --- [backend] [main] o.h.boot.model.internal.PropertyBinder   : Cascading patientName with null
2026-09-12T11:52:57.038-03:00 TRACE 2448 --- [backend] [main] o.h.boot.model.internal.PropertyBinder   : Processing annotations of com.duoc.backend.Invoice.Invoice.time
2026-09-12T11:52:57.038-03:00 TRACE 2448 --- [backend] [main] .e.j.e.i.NormalizingIdentifierHelperImpl : Normalizing identifier quoting [time]
2026-09-12T11:52:57.038-03:00 TRACE 2448 --- [backend] [main] .e.j.e.i.NormalizingIdentifierHelperImpl : Normalizing identifier quoting [time]
2026-09-12T11:52:57.038-03:00 DEBUG 2448 --- [backend] [main] o.h.boot.model.internal.AnnotatedColumn  : Binding column: AnnotatedColumn()
2026-09-12T11:52:57.039-03:00 DEBUG 2448 --- [backend] [main] o.h.boot.model.internal.PropertyBinder   : MetadataSourceProcessor property time with lazy=false
2026-09-12T11:52:57.039-03:00 DEBUG 2448 --- [backend] [main] o.h.b.m.internal.AbstractPropertyHolder  : Attempting to locate auto-apply AttributeConverter for property [com.duoc.backend.Invoice.Invoice:time]
2026-09-12T11:52:57.039-03:00 DEBUG 2448 --- [backend] [main] o.h.b.model.internal.BasicValueBinder    : building BasicValue for time
2026-09-12T11:52:57.039-03:00 DEBUG 2448 --- [backend] [main] org.hibernate.mapping.BasicValue         : Skipping column re-registration: invoice.time
2026-09-12T11:52:57.039-03:00 TRACE 2448 --- [backend] [main] .e.j.e.i.NormalizingIdentifierHelperImpl : Normalizing identifier quoting [time]
2026-09-12T11:52:57.039-03:00 TRACE 2448 --- [backend] [main] .e.j.e.i.NormalizingIdentifierHelperImpl : Normalizing identifier quoting [time]
2026-09-12T11:52:57.040-03:00 TRACE 2448 --- [backend] [main] .e.j.e.i.NormalizingIdentifierHelperImpl : Normalizing identifier quoting [time]
2026-09-12T11:52:57.040-03:00 DEBUG 2448 --- [backend] [main] o.h.boot.model.internal.PropertyBinder   : Building property time
2026-09-12T11:52:57.040-03:00 TRACE 2448 --- [backend] [main] o.h.boot.model.internal.PropertyBinder   : Cascading time with null
2026-09-12T11:52:57.040-03:00 TRACE 2448 --- [backend] [main] o.h.boot.model.internal.PropertyBinder   : Processing annotations of com.duoc.backend.Invoice.Invoice.totalCost
2026-09-12T11:52:57.040-03:00 TRACE 2448 --- [backend] [main] .e.j.e.i.NormalizingIdentifierHelperImpl : Normalizing identifier quoting [totalCost]
2026-09-12T11:52:57.040-03:00 TRACE 2448 --- [backend] [main] .e.j.e.i.NormalizingIdentifierHelperImpl : Normalizing identifier quoting [totalCost]
2026-09-12T11:52:57.040-03:00 DEBUG 2448 --- [backend] [main] o.h.boot.model.internal.AnnotatedColumn  : Binding column: AnnotatedColumn()
2026-09-12T11:52:57.040-03:00 DEBUG 2448 --- [backend] [main] o.h.boot.model.internal.PropertyBinder   : MetadataSourceProcessor property totalCost with lazy=false
2026-09-12T11:52:57.041-03:00 DEBUG 2448 --- [backend] [main] o.h.b.m.internal.AbstractPropertyHolder  : Attempting to locate auto-apply AttributeConverter for property [com.duoc.backend.Invoice.Invoice:totalCost]
2026-09-12T11:52:57.041-03:00 DEBUG 2448 --- [backend] [main] o.h.b.model.internal.BasicValueBinder    : building BasicValue for totalCost
2026-09-12T11:52:57.041-03:00 DEBUG 2448 --- [backend] [main] org.hibernate.mapping.BasicValue         : Skipping column re-registration: invoice.total_cost
2026-09-12T11:52:57.041-03:00 TRACE 2448 --- [backend] [main] .e.j.e.i.NormalizingIdentifierHelperImpl : Normalizing identifier quoting [totalCost]
2026-09-12T11:52:57.042-03:00 TRACE 2448 --- [backend] [main] .e.j.e.i.NormalizingIdentifierHelperImpl : Normalizing identifier quoting [totalCost]
2026-09-12T11:52:57.042-03:00 TRACE 2448 --- [backend] [main] .e.j.e.i.NormalizingIdentifierHelperImpl : Normalizing identifier quoting [totalCost]
2026-09-12T11:52:57.042-03:00 DEBUG 2448 --- [backend] [main] o.h.boot.model.internal.PropertyBinder   : Building property totalCost
2026-09-12T11:52:57.042-03:00 TRACE 2448 --- [backend] [main] o.h.boot.model.internal.PropertyBinder   : Cascading totalCost with null
2026-09-12T11:52:57.044-03:00 DEBUG 2448 --- [backend] [main] o.h.b.r.c.i.ClassLoaderServiceImpl       : HHH000194: Package not found or no package-info.java: com.duoc.backend.Invoice
2026-09-12T11:52:57.046-03:00 DEBUG 2448 --- [backend] [main] o.h.boot.model.internal.EntityBinder     : Binding entity from annotated class: com.duoc.backend.Medication.Medication
2026-09-12T11:52:57.047-03:00 DEBUG 2448 --- [backend] [main] o.h.boot.model.internal.EntityBinder     : Import with entity name Medication
2026-09-12T11:52:57.048-03:00 TRACE 2448 --- [backend] [main] o.h.b.i.InFlightMetadataCollectorImpl    : Import: Medication -> com.duoc.backend.Medication.Medication
2026-09-12T11:52:57.049-03:00 TRACE 2448 --- [backend] [main] o.h.b.i.InFlightMetadataCollectorImpl    : Import: com.duoc.backend.Medication.Medication -> com.duoc.backend.Medication.Medication
2026-09-12T11:52:57.049-03:00 TRACE 2448 --- [backend] [main] .e.j.e.i.NormalizingIdentifierHelperImpl : Normalizing identifier quoting [Medication]
2026-09-12T11:52:57.049-03:00 TRACE 2448 --- [backend] [main] .e.j.e.i.NormalizingIdentifierHelperImpl : Normalizing identifier quoting [Medication]
2026-09-12T11:52:57.050-03:00 DEBUG 2448 --- [backend] [main] o.h.boot.model.internal.EntityBinder     : Bind entity com.duoc.backend.Medication.Medication on table medication
2026-09-12T11:52:57.050-03:00 TRACE 2448 --- [backend] [main] .e.j.e.i.NormalizingIdentifierHelperImpl : Normalizing identifier quoting [DTYPE]
2026-09-12T11:52:57.050-03:00 DEBUG 2448 --- [backend] [main] o.h.boot.model.internal.AnnotatedColumn  : Binding column: AnnotatedDiscriminatorColumn(column='DTYPE')
2026-09-12T11:52:57.051-03:00 TRACE 2448 --- [backend] [main] o.h.boot.model.internal.PropertyBinder   : Processing annotations of com.duoc.backend.Medication.Medication.id
2026-09-12T11:52:57.051-03:00 TRACE 2448 --- [backend] [main] .e.j.e.i.NormalizingIdentifierHelperImpl : Normalizing identifier quoting [id]
2026-09-12T11:52:57.051-03:00 TRACE 2448 --- [backend] [main] .e.j.e.i.NormalizingIdentifierHelperImpl : Normalizing identifier quoting [id]
2026-09-12T11:52:57.051-03:00 DEBUG 2448 --- [backend] [main] o.h.boot.model.internal.AnnotatedColumn  : Binding column: AnnotatedColumn()
2026-09-12T11:52:57.051-03:00 DEBUG 2448 --- [backend] [main] o.h.boot.internal.ClassLoaderAccessImpl  : Not known whether passed class name [com.duoc.backend.Medication.Medication] is safe
2026-09-12T11:52:57.051-03:00 DEBUG 2448 --- [backend] [main] o.h.boot.internal.ClassLoaderAccessImpl  : No temp ClassLoader provided; using live ClassLoader for loading potentially unsafe class : com.duoc.backend.Medication.Medication
2026-09-12T11:52:57.051-03:00 DEBUG 2448 --- [backend] [main] o.h.boot.model.internal.PropertyBinder   : MetadataSourceProcessor property id with lazy=false
2026-09-12T11:52:57.051-03:00 DEBUG 2448 --- [backend] [main] o.h.b.m.internal.AbstractPropertyHolder  : Attempting to locate auto-apply AttributeConverter for property [com.duoc.backend.Medication.Medication:id]
2026-09-12T11:52:57.052-03:00 DEBUG 2448 --- [backend] [main] o.h.b.model.internal.BasicValueBinder    : building BasicValue for id
2026-09-12T11:52:57.052-03:00 DEBUG 2448 --- [backend] [main] org.hibernate.mapping.BasicValue         : Skipping column re-registration: medication.id
2026-09-12T11:52:57.052-03:00 TRACE 2448 --- [backend] [main] .e.j.e.i.NormalizingIdentifierHelperImpl : Normalizing identifier quoting [id]
2026-09-12T11:52:57.052-03:00 TRACE 2448 --- [backend] [main] .e.j.e.i.NormalizingIdentifierHelperImpl : Normalizing identifier quoting [id]
2026-09-12T11:52:57.052-03:00 TRACE 2448 --- [backend] [main] .e.j.e.i.NormalizingIdentifierHelperImpl : Normalizing identifier quoting [id]
2026-09-12T11:52:57.052-03:00 DEBUG 2448 --- [backend] [main] o.h.boot.model.internal.PropertyBinder   : Building property id
2026-09-12T11:52:57.052-03:00 TRACE 2448 --- [backend] [main] o.h.boot.model.internal.PropertyBinder   : Cascading id with null
2026-09-12T11:52:57.052-03:00 DEBUG 2448 --- [backend] [main] o.h.boot.model.internal.BinderHelper     : #makeIdGenerator(BasicValue([Column(id)]), id, org.hibernate.id.enhanced.SequenceStyleGenerator, , ...)
2026-09-12T11:52:57.053-03:00 TRACE 2448 --- [backend] [main] o.h.boot.model.internal.PropertyBinder   : Bind @Id on id
2026-09-12T11:52:57.053-03:00 TRACE 2448 --- [backend] [main] o.h.boot.model.internal.PropertyBinder   : Processing annotations of com.duoc.backend.Medication.Medication.cost
2026-09-12T11:52:57.054-03:00 TRACE 2448 --- [backend] [main] .e.j.e.i.NormalizingIdentifierHelperImpl : Normalizing identifier quoting [cost]
2026-09-12T11:52:57.055-03:00 TRACE 2448 --- [backend] [main] .e.j.e.i.NormalizingIdentifierHelperImpl : Normalizing identifier quoting [cost]
2026-09-12T11:52:57.055-03:00 DEBUG 2448 --- [backend] [main] o.h.boot.model.internal.AnnotatedColumn  : Binding column: AnnotatedColumn()
2026-09-12T11:52:57.056-03:00 DEBUG 2448 --- [backend] [main] o.h.boot.model.internal.PropertyBinder   : MetadataSourceProcessor property cost with lazy=false
2026-09-12T11:52:57.056-03:00 DEBUG 2448 --- [backend] [main] o.h.b.m.internal.AbstractPropertyHolder  : Attempting to locate auto-apply AttributeConverter for property [com.duoc.backend.Medication.Medication:cost]
2026-09-12T11:52:57.056-03:00 DEBUG 2448 --- [backend] [main] o.h.b.model.internal.BasicValueBinder    : building BasicValue for cost
2026-09-12T11:52:57.056-03:00 DEBUG 2448 --- [backend] [main] org.hibernate.mapping.BasicValue         : Skipping column re-registration: medication.cost
2026-09-12T11:52:57.056-03:00 TRACE 2448 --- [backend] [main] .e.j.e.i.NormalizingIdentifierHelperImpl : Normalizing identifier quoting [cost]
2026-09-12T11:52:57.056-03:00 TRACE 2448 --- [backend] [main] .e.j.e.i.NormalizingIdentifierHelperImpl : Normalizing identifier quoting [cost]
2026-09-12T11:52:57.056-03:00 TRACE 2448 --- [backend] [main] .e.j.e.i.NormalizingIdentifierHelperImpl : Normalizing identifier quoting [cost]
2026-09-12T11:52:57.056-03:00 DEBUG 2448 --- [backend] [main] o.h.boot.model.internal.PropertyBinder   : Building property cost
2026-09-12T11:52:57.056-03:00 TRACE 2448 --- [backend] [main] o.h.boot.model.internal.PropertyBinder   : Cascading cost with null
2026-09-12T11:52:57.057-03:00 TRACE 2448 --- [backend] [main] o.h.boot.model.internal.PropertyBinder   : Processing annotations of com.duoc.backend.Medication.Medication.name
2026-09-12T11:52:57.057-03:00 TRACE 2448 --- [backend] [main] .e.j.e.i.NormalizingIdentifierHelperImpl : Normalizing identifier quoting [name]
2026-09-12T11:52:57.057-03:00 TRACE 2448 --- [backend] [main] .e.j.e.i.NormalizingIdentifierHelperImpl : Normalizing identifier quoting [name]
2026-09-12T11:52:57.057-03:00 DEBUG 2448 --- [backend] [main] o.h.boot.model.internal.AnnotatedColumn  : Binding column: AnnotatedColumn()
2026-09-12T11:52:57.058-03:00 DEBUG 2448 --- [backend] [main] o.h.boot.model.internal.PropertyBinder   : MetadataSourceProcessor property name with lazy=false
2026-09-12T11:52:57.058-03:00 DEBUG 2448 --- [backend] [main] o.h.b.m.internal.AbstractPropertyHolder  : Attempting to locate auto-apply AttributeConverter for property [com.duoc.backend.Medication.Medication:name]
2026-09-12T11:52:57.058-03:00 DEBUG 2448 --- [backend] [main] o.h.b.model.internal.BasicValueBinder    : building BasicValue for name
2026-09-12T11:52:57.058-03:00 DEBUG 2448 --- [backend] [main] org.hibernate.mapping.BasicValue         : Skipping column re-registration: medication.name
2026-09-12T11:52:57.058-03:00 TRACE 2448 --- [backend] [main] .e.j.e.i.NormalizingIdentifierHelperImpl : Normalizing identifier quoting [name]
2026-09-12T11:52:57.058-03:00 TRACE 2448 --- [backend] [main] .e.j.e.i.NormalizingIdentifierHelperImpl : Normalizing identifier quoting [name]
2026-09-12T11:52:57.058-03:00 TRACE 2448 --- [backend] [main] .e.j.e.i.NormalizingIdentifierHelperImpl : Normalizing identifier quoting [name]
2026-09-12T11:52:57.058-03:00 DEBUG 2448 --- [backend] [main] o.h.boot.model.internal.PropertyBinder   : Building property name
2026-09-12T11:52:57.059-03:00 TRACE 2448 --- [backend] [main] o.h.boot.model.internal.PropertyBinder   : Cascading name with null
2026-09-12T11:52:57.059-03:00 DEBUG 2448 --- [backend] [main] o.h.b.r.c.i.ClassLoaderServiceImpl       : HHH000194: Package not found or no package-info.java: com.duoc.backend.Medication
2026-09-12T11:52:57.061-03:00 DEBUG 2448 --- [backend] [main] o.h.boot.model.internal.EntityBinder     : Binding entity from annotated class: com.duoc.backend.Patient.Patient
2026-09-12T11:52:57.062-03:00 DEBUG 2448 --- [backend] [main] o.h.boot.model.internal.EntityBinder     : Import with entity name Patient
2026-09-12T11:52:57.062-03:00 TRACE 2448 --- [backend] [main] o.h.b.i.InFlightMetadataCollectorImpl    : Import: Patient -> com.duoc.backend.Patient.Patient
2026-09-12T11:52:57.064-03:00 TRACE 2448 --- [backend] [main] o.h.b.i.InFlightMetadataCollectorImpl    : Import: com.duoc.backend.Patient.Patient -> com.duoc.backend.Patient.Patient
2026-09-12T11:52:57.064-03:00 TRACE 2448 --- [backend] [main] .e.j.e.i.NormalizingIdentifierHelperImpl : Normalizing identifier quoting [Patient]
2026-09-12T11:52:57.064-03:00 TRACE 2448 --- [backend] [main] .e.j.e.i.NormalizingIdentifierHelperImpl : Normalizing identifier quoting [Patient]
2026-09-12T11:52:57.065-03:00 DEBUG 2448 --- [backend] [main] o.h.boot.model.internal.EntityBinder     : Bind entity com.duoc.backend.Patient.Patient on table patient
2026-09-12T11:52:57.066-03:00 TRACE 2448 --- [backend] [main] .e.j.e.i.NormalizingIdentifierHelperImpl : Normalizing identifier quoting [DTYPE]
2026-09-12T11:52:57.066-03:00 DEBUG 2448 --- [backend] [main] o.h.boot.model.internal.AnnotatedColumn  : Binding column: AnnotatedDiscriminatorColumn(column='DTYPE')
2026-09-12T11:52:57.067-03:00 TRACE 2448 --- [backend] [main] o.h.boot.model.internal.PropertyBinder   : Processing annotations of com.duoc.backend.Patient.Patient.id
2026-09-12T11:52:57.068-03:00 TRACE 2448 --- [backend] [main] .e.j.e.i.NormalizingIdentifierHelperImpl : Normalizing identifier quoting [id]
2026-09-12T11:52:57.068-03:00 TRACE 2448 --- [backend] [main] .e.j.e.i.NormalizingIdentifierHelperImpl : Normalizing identifier quoting [id]
2026-09-12T11:52:57.068-03:00 DEBUG 2448 --- [backend] [main] o.h.boot.model.internal.AnnotatedColumn  : Binding column: AnnotatedColumn()
2026-09-12T11:52:57.068-03:00 DEBUG 2448 --- [backend] [main] o.h.boot.internal.ClassLoaderAccessImpl  : Not known whether passed class name [com.duoc.backend.Patient.Patient] is safe
2026-09-12T11:52:57.069-03:00 DEBUG 2448 --- [backend] [main] o.h.boot.internal.ClassLoaderAccessImpl  : No temp ClassLoader provided; using live ClassLoader for loading potentially unsafe class : com.duoc.backend.Patient.Patient
2026-09-12T11:52:57.069-03:00 DEBUG 2448 --- [backend] [main] o.h.boot.model.internal.PropertyBinder   : MetadataSourceProcessor property id with lazy=false
2026-09-12T11:52:57.069-03:00 DEBUG 2448 --- [backend] [main] o.h.b.m.internal.AbstractPropertyHolder  : Attempting to locate auto-apply AttributeConverter for property [com.duoc.backend.Patient.Patient:id]
2026-09-12T11:52:57.069-03:00 DEBUG 2448 --- [backend] [main] o.h.b.model.internal.BasicValueBinder    : building BasicValue for id
2026-09-12T11:52:57.069-03:00 DEBUG 2448 --- [backend] [main] org.hibernate.mapping.BasicValue         : Skipping column re-registration: patient.id
2026-09-12T11:52:57.069-03:00 TRACE 2448 --- [backend] [main] .e.j.e.i.NormalizingIdentifierHelperImpl : Normalizing identifier quoting [id]
2026-09-12T11:52:57.069-03:00 TRACE 2448 --- [backend] [main] .e.j.e.i.NormalizingIdentifierHelperImpl : Normalizing identifier quoting [id]
2026-09-12T11:52:57.069-03:00 TRACE 2448 --- [backend] [main] .e.j.e.i.NormalizingIdentifierHelperImpl : Normalizing identifier quoting [id]
2026-09-12T11:52:57.070-03:00 DEBUG 2448 --- [backend] [main] o.h.boot.model.internal.PropertyBinder   : Building property id
2026-09-12T11:52:57.070-03:00 TRACE 2448 --- [backend] [main] o.h.boot.model.internal.PropertyBinder   : Cascading id with null
2026-09-12T11:52:57.070-03:00 DEBUG 2448 --- [backend] [main] o.h.boot.model.internal.BinderHelper     : #makeIdGenerator(BasicValue([Column(id)]), id, org.hibernate.id.enhanced.SequenceStyleGenerator, , ...)
2026-09-12T11:52:57.070-03:00 TRACE 2448 --- [backend] [main] o.h.boot.model.internal.PropertyBinder   : Bind @Id on id
2026-09-12T11:52:57.070-03:00 TRACE 2448 --- [backend] [main] o.h.boot.model.internal.PropertyBinder   : Processing annotations of com.duoc.backend.Patient.Patient.age
2026-09-12T11:52:57.071-03:00 TRACE 2448 --- [backend] [main] .e.j.e.i.NormalizingIdentifierHelperImpl : Normalizing identifier quoting [age]
2026-09-12T11:52:57.071-03:00 TRACE 2448 --- [backend] [main] .e.j.e.i.NormalizingIdentifierHelperImpl : Normalizing identifier quoting [age]
2026-09-12T11:52:57.071-03:00 DEBUG 2448 --- [backend] [main] o.h.boot.model.internal.AnnotatedColumn  : Binding column: AnnotatedColumn()
2026-09-12T11:52:57.072-03:00 DEBUG 2448 --- [backend] [main] o.h.boot.model.internal.PropertyBinder   : MetadataSourceProcessor property age with lazy=false
2026-09-12T11:52:57.072-03:00 DEBUG 2448 --- [backend] [main] o.h.b.m.internal.AbstractPropertyHolder  : Attempting to locate auto-apply AttributeConverter for property [com.duoc.backend.Patient.Patient:age]
2026-09-12T11:52:57.072-03:00 DEBUG 2448 --- [backend] [main] o.h.b.model.internal.BasicValueBinder    : building BasicValue for age
2026-09-12T11:52:57.072-03:00 DEBUG 2448 --- [backend] [main] org.hibernate.mapping.BasicValue         : Skipping column re-registration: patient.age
2026-09-12T11:52:57.072-03:00 TRACE 2448 --- [backend] [main] .e.j.e.i.NormalizingIdentifierHelperImpl : Normalizing identifier quoting [age]
2026-09-12T11:52:57.072-03:00 TRACE 2448 --- [backend] [main] .e.j.e.i.NormalizingIdentifierHelperImpl : Normalizing identifier quoting [age]
2026-09-12T11:52:57.073-03:00 TRACE 2448 --- [backend] [main] .e.j.e.i.NormalizingIdentifierHelperImpl : Normalizing identifier quoting [age]
2026-09-12T11:52:57.073-03:00 DEBUG 2448 --- [backend] [main] o.h.boot.model.internal.PropertyBinder   : Building property age
2026-09-12T11:52:57.073-03:00 TRACE 2448 --- [backend] [main] o.h.boot.model.internal.PropertyBinder   : Cascading age with null
2026-09-12T11:52:57.074-03:00 TRACE 2448 --- [backend] [main] o.h.boot.model.internal.PropertyBinder   : Processing annotations of com.duoc.backend.Patient.Patient.breed
2026-09-12T11:52:57.074-03:00 TRACE 2448 --- [backend] [main] .e.j.e.i.NormalizingIdentifierHelperImpl : Normalizing identifier quoting [breed]
2026-09-12T11:52:57.074-03:00 TRACE 2448 --- [backend] [main] .e.j.e.i.NormalizingIdentifierHelperImpl : Normalizing identifier quoting [breed]
2026-09-12T11:52:57.074-03:00 DEBUG 2448 --- [backend] [main] o.h.boot.model.internal.AnnotatedColumn  : Binding column: AnnotatedColumn()
2026-09-12T11:52:57.074-03:00 DEBUG 2448 --- [backend] [main] o.h.boot.model.internal.PropertyBinder   : MetadataSourceProcessor property breed with lazy=false
2026-09-12T11:52:57.074-03:00 DEBUG 2448 --- [backend] [main] o.h.b.m.internal.AbstractPropertyHolder  : Attempting to locate auto-apply AttributeConverter for property [com.duoc.backend.Patient.Patient:breed]
2026-09-12T11:52:57.075-03:00 DEBUG 2448 --- [backend] [main] o.h.b.model.internal.BasicValueBinder    : building BasicValue for breed
2026-09-12T11:52:57.075-03:00 DEBUG 2448 --- [backend] [main] org.hibernate.mapping.BasicValue         : Skipping column re-registration: patient.breed
2026-09-12T11:52:57.075-03:00 TRACE 2448 --- [backend] [main] .e.j.e.i.NormalizingIdentifierHelperImpl : Normalizing identifier quoting [breed]
2026-09-12T11:52:57.075-03:00 TRACE 2448 --- [backend] [main] .e.j.e.i.NormalizingIdentifierHelperImpl : Normalizing identifier quoting [breed]
2026-09-12T11:52:57.075-03:00 TRACE 2448 --- [backend] [main] .e.j.e.i.NormalizingIdentifierHelperImpl : Normalizing identifier quoting [breed]
2026-09-12T11:52:57.075-03:00 DEBUG 2448 --- [backend] [main] o.h.boot.model.internal.PropertyBinder   : Building property breed
2026-09-12T11:52:57.075-03:00 TRACE 2448 --- [backend] [main] o.h.boot.model.internal.PropertyBinder   : Cascading breed with null
2026-09-12T11:52:57.075-03:00 TRACE 2448 --- [backend] [main] o.h.boot.model.internal.PropertyBinder   : Processing annotations of com.duoc.backend.Patient.Patient.name
2026-09-12T11:52:57.076-03:00 TRACE 2448 --- [backend] [main] .e.j.e.i.NormalizingIdentifierHelperImpl : Normalizing identifier quoting [name]
2026-09-12T11:52:57.076-03:00 TRACE 2448 --- [backend] [main] .e.j.e.i.NormalizingIdentifierHelperImpl : Normalizing identifier quoting [name]
2026-09-12T11:52:57.076-03:00 DEBUG 2448 --- [backend] [main] o.h.boot.model.internal.AnnotatedColumn  : Binding column: AnnotatedColumn()
2026-09-12T11:52:57.076-03:00 DEBUG 2448 --- [backend] [main] o.h.boot.model.internal.PropertyBinder   : MetadataSourceProcessor property name with lazy=false
2026-09-12T11:52:57.077-03:00 DEBUG 2448 --- [backend] [main] o.h.b.m.internal.AbstractPropertyHolder  : Attempting to locate auto-apply AttributeConverter for property [com.duoc.backend.Patient.Patient:name]
2026-09-12T11:52:57.078-03:00 DEBUG 2448 --- [backend] [main] o.h.b.model.internal.BasicValueBinder    : building BasicValue for name
2026-09-12T11:52:57.080-03:00 DEBUG 2448 --- [backend] [main] org.hibernate.mapping.BasicValue         : Skipping column re-registration: patient.name
2026-09-12T11:52:57.080-03:00 TRACE 2448 --- [backend] [main] .e.j.e.i.NormalizingIdentifierHelperImpl : Normalizing identifier quoting [name]
2026-09-12T11:52:57.081-03:00 TRACE 2448 --- [backend] [main] .e.j.e.i.NormalizingIdentifierHelperImpl : Normalizing identifier quoting [name]
2026-09-12T11:52:57.081-03:00 TRACE 2448 --- [backend] [main] .e.j.e.i.NormalizingIdentifierHelperImpl : Normalizing identifier quoting [name]
2026-09-12T11:52:57.081-03:00 DEBUG 2448 --- [backend] [main] o.h.boot.model.internal.PropertyBinder   : Building property name
2026-09-12T11:52:57.081-03:00 TRACE 2448 --- [backend] [main] o.h.boot.model.internal.PropertyBinder   : Cascading name with null
2026-09-12T11:52:57.082-03:00 TRACE 2448 --- [backend] [main] o.h.boot.model.internal.PropertyBinder   : Processing annotations of com.duoc.backend.Patient.Patient.owner
2026-09-12T11:52:57.082-03:00 TRACE 2448 --- [backend] [main] .e.j.e.i.NormalizingIdentifierHelperImpl : Normalizing identifier quoting [owner]
2026-09-12T11:52:57.082-03:00 TRACE 2448 --- [backend] [main] .e.j.e.i.NormalizingIdentifierHelperImpl : Normalizing identifier quoting [owner]
2026-09-12T11:52:57.082-03:00 DEBUG 2448 --- [backend] [main] o.h.boot.model.internal.AnnotatedColumn  : Binding column: AnnotatedColumn()
2026-09-12T11:52:57.082-03:00 DEBUG 2448 --- [backend] [main] o.h.boot.model.internal.PropertyBinder   : MetadataSourceProcessor property owner with lazy=false
2026-09-12T11:52:57.082-03:00 DEBUG 2448 --- [backend] [main] o.h.b.m.internal.AbstractPropertyHolder  : Attempting to locate auto-apply AttributeConverter for property [com.duoc.backend.Patient.Patient:owner]
2026-09-12T11:52:57.082-03:00 DEBUG 2448 --- [backend] [main] o.h.b.model.internal.BasicValueBinder    : building BasicValue for owner
2026-09-12T11:52:57.084-03:00 DEBUG 2448 --- [backend] [main] org.hibernate.mapping.BasicValue         : Skipping column re-registration: patient.owner
2026-09-12T11:52:57.084-03:00 TRACE 2448 --- [backend] [main] .e.j.e.i.NormalizingIdentifierHelperImpl : Normalizing identifier quoting [owner]
2026-09-12T11:52:57.084-03:00 TRACE 2448 --- [backend] [main] .e.j.e.i.NormalizingIdentifierHelperImpl : Normalizing identifier quoting [owner]
2026-09-12T11:52:57.084-03:00 TRACE 2448 --- [backend] [main] .e.j.e.i.NormalizingIdentifierHelperImpl : Normalizing identifier quoting [owner]
2026-09-12T11:52:57.084-03:00 DEBUG 2448 --- [backend] [main] o.h.boot.model.internal.PropertyBinder   : Building property owner
2026-09-12T11:52:57.085-03:00 TRACE 2448 --- [backend] [main] o.h.boot.model.internal.PropertyBinder   : Cascading owner with null
2026-09-12T11:52:57.085-03:00 TRACE 2448 --- [backend] [main] o.h.boot.model.internal.PropertyBinder   : Processing annotations of com.duoc.backend.Patient.Patient.species
2026-09-12T11:52:57.085-03:00 TRACE 2448 --- [backend] [main] .e.j.e.i.NormalizingIdentifierHelperImpl : Normalizing identifier quoting [species]
2026-09-12T11:52:57.085-03:00 TRACE 2448 --- [backend] [main] .e.j.e.i.NormalizingIdentifierHelperImpl : Normalizing identifier quoting [species]
2026-09-12T11:52:57.085-03:00 DEBUG 2448 --- [backend] [main] o.h.boot.model.internal.AnnotatedColumn  : Binding column: AnnotatedColumn()
2026-09-12T11:52:57.085-03:00 DEBUG 2448 --- [backend] [main] o.h.boot.model.internal.PropertyBinder   : MetadataSourceProcessor property species with lazy=false
2026-09-12T11:52:57.085-03:00 DEBUG 2448 --- [backend] [main] o.h.b.m.internal.AbstractPropertyHolder  : Attempting to locate auto-apply AttributeConverter for property [com.duoc.backend.Patient.Patient:species]
2026-09-12T11:52:57.085-03:00 DEBUG 2448 --- [backend] [main] o.h.b.model.internal.BasicValueBinder    : building BasicValue for species
2026-09-12T11:52:57.085-03:00 DEBUG 2448 --- [backend] [main] org.hibernate.mapping.BasicValue         : Skipping column re-registration: patient.species
2026-09-12T11:52:57.086-03:00 TRACE 2448 --- [backend] [main] .e.j.e.i.NormalizingIdentifierHelperImpl : Normalizing identifier quoting [species]
2026-09-12T11:52:57.086-03:00 TRACE 2448 --- [backend] [main] .e.j.e.i.NormalizingIdentifierHelperImpl : Normalizing identifier quoting [species]
2026-09-12T11:52:57.086-03:00 TRACE 2448 --- [backend] [main] .e.j.e.i.NormalizingIdentifierHelperImpl : Normalizing identifier quoting [species]
2026-09-12T11:52:57.086-03:00 DEBUG 2448 --- [backend] [main] o.h.boot.model.internal.PropertyBinder   : Building property species
2026-09-12T11:52:57.086-03:00 TRACE 2448 --- [backend] [main] o.h.boot.model.internal.PropertyBinder   : Cascading species with null
2026-09-12T11:52:57.087-03:00 DEBUG 2448 --- [backend] [main] o.h.b.r.c.i.ClassLoaderServiceImpl       : HHH000194: Package not found or no package-info.java: com.duoc.backend.Patient
2026-09-12T11:52:57.087-03:00 DEBUG 2448 --- [backend] [main] o.h.boot.model.internal.EntityBinder     : Binding entity from annotated class: com.duoc.backend.User
2026-09-12T11:52:57.088-03:00 DEBUG 2448 --- [backend] [main] o.h.boot.model.internal.EntityBinder     : Import with entity name User
2026-09-12T11:52:57.088-03:00 TRACE 2448 --- [backend] [main] o.h.b.i.InFlightMetadataCollectorImpl    : Import: User -> com.duoc.backend.User
2026-09-12T11:52:57.088-03:00 TRACE 2448 --- [backend] [main] o.h.b.i.InFlightMetadataCollectorImpl    : Import: com.duoc.backend.User -> com.duoc.backend.User
2026-09-12T11:52:57.089-03:00 TRACE 2448 --- [backend] [main] .e.j.e.i.NormalizingIdentifierHelperImpl : Normalizing identifier quoting [User]
2026-09-12T11:52:57.089-03:00 TRACE 2448 --- [backend] [main] .e.j.e.i.NormalizingIdentifierHelperImpl : Normalizing identifier quoting [User]
2026-09-12T11:52:57.089-03:00 DEBUG 2448 --- [backend] [main] o.h.boot.model.internal.EntityBinder     : Bind entity com.duoc.backend.User on table user
2026-09-12T11:52:57.089-03:00 TRACE 2448 --- [backend] [main] .e.j.e.i.NormalizingIdentifierHelperImpl : Normalizing identifier quoting [DTYPE]
2026-09-12T11:52:57.089-03:00 DEBUG 2448 --- [backend] [main] o.h.boot.model.internal.AnnotatedColumn  : Binding column: AnnotatedDiscriminatorColumn(column='DTYPE')
2026-09-12T11:52:57.090-03:00 TRACE 2448 --- [backend] [main] o.h.boot.model.internal.PropertyBinder   : Processing annotations of com.duoc.backend.User.id
2026-09-12T11:52:57.090-03:00 TRACE 2448 --- [backend] [main] .e.j.e.i.NormalizingIdentifierHelperImpl : Normalizing identifier quoting [id]
2026-09-12T11:52:57.090-03:00 TRACE 2448 --- [backend] [main] .e.j.e.i.NormalizingIdentifierHelperImpl : Normalizing identifier quoting [id]
2026-09-12T11:52:57.090-03:00 DEBUG 2448 --- [backend] [main] o.h.boot.model.internal.AnnotatedColumn  : Binding column: AnnotatedColumn()
2026-09-12T11:52:57.091-03:00 DEBUG 2448 --- [backend] [main] o.h.boot.internal.ClassLoaderAccessImpl  : Not known whether passed class name [com.duoc.backend.User] is safe
2026-09-12T11:52:57.091-03:00 DEBUG 2448 --- [backend] [main] o.h.boot.internal.ClassLoaderAccessImpl  : No temp ClassLoader provided; using live ClassLoader for loading potentially unsafe class : com.duoc.backend.User
2026-09-12T11:52:57.091-03:00 DEBUG 2448 --- [backend] [main] o.h.boot.model.internal.PropertyBinder   : MetadataSourceProcessor property id with lazy=false
2026-09-12T11:52:57.091-03:00 DEBUG 2448 --- [backend] [main] o.h.b.m.internal.AbstractPropertyHolder  : Attempting to locate auto-apply AttributeConverter for property [com.duoc.backend.User:id]
2026-09-12T11:52:57.091-03:00 DEBUG 2448 --- [backend] [main] o.h.b.model.internal.BasicValueBinder    : building BasicValue for id
2026-09-12T11:52:57.091-03:00 DEBUG 2448 --- [backend] [main] org.hibernate.mapping.BasicValue         : Skipping column re-registration: user.id
2026-09-12T11:52:57.091-03:00 TRACE 2448 --- [backend] [main] .e.j.e.i.NormalizingIdentifierHelperImpl : Normalizing identifier quoting [id]
2026-09-12T11:52:57.092-03:00 TRACE 2448 --- [backend] [main] .e.j.e.i.NormalizingIdentifierHelperImpl : Normalizing identifier quoting [id]
2026-09-12T11:52:57.092-03:00 TRACE 2448 --- [backend] [main] .e.j.e.i.NormalizingIdentifierHelperImpl : Normalizing identifier quoting [id]
2026-09-12T11:52:57.092-03:00 DEBUG 2448 --- [backend] [main] o.h.boot.model.internal.PropertyBinder   : Building property id
2026-09-12T11:52:57.092-03:00 TRACE 2448 --- [backend] [main] o.h.boot.model.internal.PropertyBinder   : Cascading id with null
2026-09-12T11:52:57.092-03:00 DEBUG 2448 --- [backend] [main] o.h.boot.model.internal.BinderHelper     : #makeIdGenerator(BasicValue([Column(id)]), id, org.hibernate.id.enhanced.SequenceStyleGenerator, , ...)
2026-09-12T11:52:57.092-03:00 TRACE 2448 --- [backend] [main] o.h.boot.model.internal.PropertyBinder   : Bind @Id on id
2026-09-12T11:52:57.092-03:00 TRACE 2448 --- [backend] [main] o.h.boot.model.internal.PropertyBinder   : Processing annotations of com.duoc.backend.User.email
2026-09-12T11:52:57.093-03:00 TRACE 2448 --- [backend] [main] .e.j.e.i.NormalizingIdentifierHelperImpl : Normalizing identifier quoting [email]
2026-09-12T11:52:57.093-03:00 TRACE 2448 --- [backend] [main] .e.j.e.i.NormalizingIdentifierHelperImpl : Normalizing identifier quoting [email]
2026-09-12T11:52:57.093-03:00 DEBUG 2448 --- [backend] [main] o.h.boot.model.internal.AnnotatedColumn  : Binding column: AnnotatedColumn()
2026-09-12T11:52:57.093-03:00 DEBUG 2448 --- [backend] [main] o.h.boot.model.internal.PropertyBinder   : MetadataSourceProcessor property email with lazy=false
2026-09-12T11:52:57.093-03:00 DEBUG 2448 --- [backend] [main] o.h.b.m.internal.AbstractPropertyHolder  : Attempting to locate auto-apply AttributeConverter for property [com.duoc.backend.User:email]
2026-09-12T11:52:57.093-03:00 DEBUG 2448 --- [backend] [main] o.h.b.model.internal.BasicValueBinder    : building BasicValue for email
2026-09-12T11:52:57.093-03:00 DEBUG 2448 --- [backend] [main] org.hibernate.mapping.BasicValue         : Skipping column re-registration: user.email
2026-09-12T11:52:57.094-03:00 TRACE 2448 --- [backend] [main] .e.j.e.i.NormalizingIdentifierHelperImpl : Normalizing identifier quoting [email]
2026-09-12T11:52:57.097-03:00 TRACE 2448 --- [backend] [main] .e.j.e.i.NormalizingIdentifierHelperImpl : Normalizing identifier quoting [email]
2026-09-12T11:52:57.098-03:00 TRACE 2448 --- [backend] [main] .e.j.e.i.NormalizingIdentifierHelperImpl : Normalizing identifier quoting [email]
2026-09-12T11:52:57.098-03:00 DEBUG 2448 --- [backend] [main] o.h.boot.model.internal.PropertyBinder   : Building property email
2026-09-12T11:52:57.099-03:00 TRACE 2448 --- [backend] [main] o.h.boot.model.internal.PropertyBinder   : Cascading email with null
2026-09-12T11:52:57.100-03:00 TRACE 2448 --- [backend] [main] o.h.boot.model.internal.PropertyBinder   : Processing annotations of com.duoc.backend.User.password
2026-09-12T11:52:57.100-03:00 TRACE 2448 --- [backend] [main] .e.j.e.i.NormalizingIdentifierHelperImpl : Normalizing identifier quoting [password]
2026-09-12T11:52:57.101-03:00 TRACE 2448 --- [backend] [main] .e.j.e.i.NormalizingIdentifierHelperImpl : Normalizing identifier quoting [password]
2026-09-12T11:52:57.101-03:00 DEBUG 2448 --- [backend] [main] o.h.boot.model.internal.AnnotatedColumn  : Binding column: AnnotatedColumn()
2026-09-12T11:52:57.101-03:00 DEBUG 2448 --- [backend] [main] o.h.boot.model.internal.PropertyBinder   : MetadataSourceProcessor property password with lazy=false
2026-09-12T11:52:57.101-03:00 DEBUG 2448 --- [backend] [main] o.h.b.m.internal.AbstractPropertyHolder  : Attempting to locate auto-apply AttributeConverter for property [com.duoc.backend.User:password]
2026-09-12T11:52:57.101-03:00 DEBUG 2448 --- [backend] [main] o.h.b.model.internal.BasicValueBinder    : building BasicValue for password
2026-09-12T11:52:57.101-03:00 DEBUG 2448 --- [backend] [main] org.hibernate.mapping.BasicValue         : Skipping column re-registration: user.password
2026-09-12T11:52:57.101-03:00 TRACE 2448 --- [backend] [main] .e.j.e.i.NormalizingIdentifierHelperImpl : Normalizing identifier quoting [password]
2026-09-12T11:52:57.101-03:00 TRACE 2448 --- [backend] [main] .e.j.e.i.NormalizingIdentifierHelperImpl : Normalizing identifier quoting [password]
2026-09-12T11:52:57.102-03:00 TRACE 2448 --- [backend] [main] .e.j.e.i.NormalizingIdentifierHelperImpl : Normalizing identifier quoting [password]
2026-09-12T11:52:57.102-03:00 DEBUG 2448 --- [backend] [main] o.h.boot.model.internal.PropertyBinder   : Building property password
2026-09-12T11:52:57.102-03:00 TRACE 2448 --- [backend] [main] o.h.boot.model.internal.PropertyBinder   : Cascading password with null
2026-09-12T11:52:57.102-03:00 TRACE 2448 --- [backend] [main] o.h.boot.model.internal.PropertyBinder   : Processing annotations of com.duoc.backend.User.username
2026-09-12T11:52:57.102-03:00 TRACE 2448 --- [backend] [main] .e.j.e.i.NormalizingIdentifierHelperImpl : Normalizing identifier quoting [username]
2026-09-12T11:52:57.102-03:00 TRACE 2448 --- [backend] [main] .e.j.e.i.NormalizingIdentifierHelperImpl : Normalizing identifier quoting [username]
2026-09-12T11:52:57.103-03:00 DEBUG 2448 --- [backend] [main] o.h.boot.model.internal.AnnotatedColumn  : Binding column: AnnotatedColumn()
2026-09-12T11:52:57.103-03:00 DEBUG 2448 --- [backend] [main] o.h.boot.model.internal.PropertyBinder   : MetadataSourceProcessor property username with lazy=false
2026-09-12T11:52:57.103-03:00 DEBUG 2448 --- [backend] [main] o.h.b.m.internal.AbstractPropertyHolder  : Attempting to locate auto-apply AttributeConverter for property [com.duoc.backend.User:username]
2026-09-12T11:52:57.104-03:00 DEBUG 2448 --- [backend] [main] o.h.b.model.internal.BasicValueBinder    : building BasicValue for username
2026-09-12T11:52:57.104-03:00 DEBUG 2448 --- [backend] [main] org.hibernate.mapping.BasicValue         : Skipping column re-registration: user.username
2026-09-12T11:52:57.105-03:00 TRACE 2448 --- [backend] [main] .e.j.e.i.NormalizingIdentifierHelperImpl : Normalizing identifier quoting [username]
2026-09-12T11:52:57.105-03:00 TRACE 2448 --- [backend] [main] .e.j.e.i.NormalizingIdentifierHelperImpl : Normalizing identifier quoting [username]
2026-09-12T11:52:57.105-03:00 TRACE 2448 --- [backend] [main] .e.j.e.i.NormalizingIdentifierHelperImpl : Normalizing identifier quoting [username]
2026-09-12T11:52:57.105-03:00 DEBUG 2448 --- [backend] [main] o.h.boot.model.internal.PropertyBinder   : Building property username
2026-09-12T11:52:57.105-03:00 TRACE 2448 --- [backend] [main] o.h.boot.model.internal.PropertyBinder   : Cascading username with null
2026-09-12T11:52:57.106-03:00 DEBUG 2448 --- [backend] [main] o.h.b.r.c.i.ClassLoaderServiceImpl       : HHH000194: Package not found or no package-info.java: com.duoc.backend
2026-09-12T11:52:57.108-03:00 DEBUG 2448 --- [backend] [main] o.h.b.model.internal.BasicValueBinder    : Starting `BasicValueBinder#fillSimpleValue` for id
2026-09-12T11:52:57.109-03:00 DEBUG 2448 --- [backend] [main] o.h.b.model.internal.BasicValueBinder    : Starting `BasicValueBinder#fillSimpleValue` for date
2026-09-12T11:52:57.110-03:00 DEBUG 2448 --- [backend] [main] o.h.b.model.internal.BasicValueBinder    : Starting `BasicValueBinder#fillSimpleValue` for reason
2026-09-12T11:52:57.110-03:00 DEBUG 2448 --- [backend] [main] o.h.b.model.internal.BasicValueBinder    : Starting `BasicValueBinder#fillSimpleValue` for time
2026-09-12T11:52:57.110-03:00 DEBUG 2448 --- [backend] [main] o.h.b.model.internal.BasicValueBinder    : Starting `BasicValueBinder#fillSimpleValue` for veterinarian
2026-09-12T11:52:57.110-03:00 DEBUG 2448 --- [backend] [main] o.h.b.model.internal.BasicValueBinder    : Starting `BasicValueBinder#fillSimpleValue` for id
2026-09-12T11:52:57.110-03:00 DEBUG 2448 --- [backend] [main] o.h.b.model.internal.BasicValueBinder    : Starting `BasicValueBinder#fillSimpleValue` for cost
2026-09-12T11:52:57.110-03:00 DEBUG 2448 --- [backend] [main] o.h.b.model.internal.BasicValueBinder    : Starting `BasicValueBinder#fillSimpleValue` for name
2026-09-12T11:52:57.110-03:00 DEBUG 2448 --- [backend] [main] o.h.b.model.internal.BasicValueBinder    : Starting `BasicValueBinder#fillSimpleValue` for id
2026-09-12T11:52:57.111-03:00 DEBUG 2448 --- [backend] [main] o.h.b.model.internal.BasicValueBinder    : Starting `BasicValueBinder#fillSimpleValue` for date
2026-09-12T11:52:57.111-03:00 DEBUG 2448 --- [backend] [main] o.h.b.model.internal.BasicValueBinder    : Starting `BasicValueBinder#fillSimpleValue` for patientName
2026-09-12T11:52:57.114-03:00 DEBUG 2448 --- [backend] [main] o.h.b.model.internal.BasicValueBinder    : Starting `BasicValueBinder#fillSimpleValue` for time
2026-09-12T11:52:57.115-03:00 DEBUG 2448 --- [backend] [main] o.h.b.model.internal.BasicValueBinder    : Starting `BasicValueBinder#fillSimpleValue` for totalCost
2026-09-12T11:52:57.117-03:00 DEBUG 2448 --- [backend] [main] o.h.b.model.internal.BasicValueBinder    : Starting `BasicValueBinder#fillSimpleValue` for id
2026-09-12T11:52:57.118-03:00 DEBUG 2448 --- [backend] [main] o.h.b.model.internal.BasicValueBinder    : Starting `BasicValueBinder#fillSimpleValue` for cost
2026-09-12T11:52:57.119-03:00 DEBUG 2448 --- [backend] [main] o.h.b.model.internal.BasicValueBinder    : Starting `BasicValueBinder#fillSimpleValue` for name
2026-09-12T11:52:57.119-03:00 DEBUG 2448 --- [backend] [main] o.h.b.model.internal.BasicValueBinder    : Starting `BasicValueBinder#fillSimpleValue` for id
2026-09-12T11:52:57.120-03:00 DEBUG 2448 --- [backend] [main] o.h.b.model.internal.BasicValueBinder    : Starting `BasicValueBinder#fillSimpleValue` for age
2026-09-12T11:52:57.121-03:00 DEBUG 2448 --- [backend] [main] o.h.b.model.internal.BasicValueBinder    : Starting `BasicValueBinder#fillSimpleValue` for breed
2026-09-12T11:52:57.121-03:00 DEBUG 2448 --- [backend] [main] o.h.b.model.internal.BasicValueBinder    : Starting `BasicValueBinder#fillSimpleValue` for name
2026-09-12T11:52:57.121-03:00 DEBUG 2448 --- [backend] [main] o.h.b.model.internal.BasicValueBinder    : Starting `BasicValueBinder#fillSimpleValue` for owner
2026-09-12T11:52:57.121-03:00 DEBUG 2448 --- [backend] [main] o.h.b.model.internal.BasicValueBinder    : Starting `BasicValueBinder#fillSimpleValue` for species
2026-09-12T11:52:57.122-03:00 DEBUG 2448 --- [backend] [main] o.h.b.model.internal.BasicValueBinder    : Starting `BasicValueBinder#fillSimpleValue` for id
2026-09-12T11:52:57.122-03:00 DEBUG 2448 --- [backend] [main] o.h.b.model.internal.BasicValueBinder    : Starting `BasicValueBinder#fillSimpleValue` for email
2026-09-12T11:52:57.122-03:00 DEBUG 2448 --- [backend] [main] o.h.b.model.internal.BasicValueBinder    : Starting `BasicValueBinder#fillSimpleValue` for password
2026-09-12T11:52:57.122-03:00 DEBUG 2448 --- [backend] [main] o.h.b.model.internal.BasicValueBinder    : Starting `BasicValueBinder#fillSimpleValue` for username
2026-09-12T11:52:57.131-03:00 DEBUG 2448 --- [backend] [main] org.hibernate.mapping.PrimaryKey         : Forcing column [id] to be non-null as it is part of the primary key for table [appointment]
2026-09-12T11:52:57.131-03:00 DEBUG 2448 --- [backend] [main] org.hibernate.mapping.PrimaryKey         : Forcing column [id] to be non-null as it is part of the primary key for table [care]
2026-09-12T11:52:57.131-03:00 DEBUG 2448 --- [backend] [main] org.hibernate.mapping.PrimaryKey         : Forcing column [id] to be non-null as it is part of the primary key for table [invoice]
2026-09-12T11:52:57.131-03:00 DEBUG 2448 --- [backend] [main] org.hibernate.mapping.PrimaryKey         : Forcing column [id] to be non-null as it is part of the primary key for table [medication]
2026-09-12T11:52:57.132-03:00 DEBUG 2448 --- [backend] [main] org.hibernate.mapping.PrimaryKey         : Forcing column [id] to be non-null as it is part of the primary key for table [patient]
2026-09-12T11:52:57.132-03:00 DEBUG 2448 --- [backend] [main] org.hibernate.mapping.PrimaryKey         : Forcing column [id] to be non-null as it is part of the primary key for table [user]
2026-09-12T11:52:57.132-03:00 DEBUG 2448 --- [backend] [main] o.h.b.m.internal.CollectionSecondPass    : Second pass for collection: com.duoc.backend.Invoice.Invoice.medications
2026-09-12T11:52:57.133-03:00 DEBUG 2448 --- [backend] [main] o.h.b.model.internal.CollectionBinder    : Binding a ManyToMany: com.duoc.backend.Invoice.Invoice.medications
2026-09-12T11:52:57.133-03:00 TRACE 2448 --- [backend] [main] .e.j.e.i.NormalizingIdentifierHelperImpl : Normalizing identifier quoting [null]
2026-09-12T11:52:57.135-03:00 TRACE 2448 --- [backend] [main] .e.j.e.i.NormalizingIdentifierHelperImpl : Normalizing identifier quoting [invoice_medications]
2026-09-12T11:52:57.136-03:00 TRACE 2448 --- [backend] [main] .e.j.e.i.NormalizingIdentifierHelperImpl : Normalizing identifier quoting [invoice_medications]
2026-09-12T11:52:57.138-03:00 DEBUG 2448 --- [backend] [main] o.h.b.r.c.i.ClassLoaderServiceImpl       : HHH000194: Package not found or no package-info.java: com.duoc.backend.Invoice
2026-09-12T11:52:57.141-03:00 TRACE 2448 --- [backend] [main] .e.j.e.i.NormalizingIdentifierHelperImpl : Normalizing identifier quoting [invoice_id]
2026-09-12T11:52:57.141-03:00 TRACE 2448 --- [backend] [main] .e.j.e.i.NormalizingIdentifierHelperImpl : Normalizing identifier quoting [invoice_id]
2026-09-12T11:52:57.141-03:00 TRACE 2448 --- [backend] [main] .e.j.e.i.NormalizingIdentifierHelperImpl : Normalizing identifier quoting [invoice_id]
2026-09-12T11:52:57.142-03:00 TRACE 2448 --- [backend] [main] .e.j.e.i.NormalizingIdentifierHelperImpl : Normalizing identifier quoting [medication_id]
2026-09-12T11:52:57.143-03:00 TRACE 2448 --- [backend] [main] .e.j.e.i.NormalizingIdentifierHelperImpl : Normalizing identifier quoting [medication_id]
2026-09-12T11:52:57.143-03:00 TRACE 2448 --- [backend] [main] .e.j.e.i.NormalizingIdentifierHelperImpl : Normalizing identifier quoting [medication_id]
2026-09-12T11:52:57.154-03:00 DEBUG 2448 --- [backend] [main] o.h.b.m.internal.CollectionSecondPass    : Mapped collection key: invoice_id, element: medication_id
2026-09-12T11:52:57.154-03:00 DEBUG 2448 --- [backend] [main] o.h.b.m.internal.CollectionSecondPass    : Second pass for collection: com.duoc.backend.Invoice.Invoice.cares
2026-09-12T11:52:57.154-03:00 DEBUG 2448 --- [backend] [main] o.h.b.model.internal.CollectionBinder    : Binding a ManyToMany: com.duoc.backend.Invoice.Invoice.cares
2026-09-12T11:52:57.154-03:00 TRACE 2448 --- [backend] [main] .e.j.e.i.NormalizingIdentifierHelperImpl : Normalizing identifier quoting [null]
2026-09-12T11:52:57.154-03:00 TRACE 2448 --- [backend] [main] .e.j.e.i.NormalizingIdentifierHelperImpl : Normalizing identifier quoting [invoice_cares]
2026-09-12T11:52:57.155-03:00 TRACE 2448 --- [backend] [main] .e.j.e.i.NormalizingIdentifierHelperImpl : Normalizing identifier quoting [invoice_cares]
2026-09-12T11:52:57.155-03:00 DEBUG 2448 --- [backend] [main] o.h.b.r.c.i.ClassLoaderServiceImpl       : HHH000194: Package not found or no package-info.java: com.duoc.backend.Invoice
2026-09-12T11:52:57.155-03:00 TRACE 2448 --- [backend] [main] .e.j.e.i.NormalizingIdentifierHelperImpl : Normalizing identifier quoting [invoice_id]
2026-09-12T11:52:57.155-03:00 TRACE 2448 --- [backend] [main] .e.j.e.i.NormalizingIdentifierHelperImpl : Normalizing identifier quoting [invoice_id]
2026-09-12T11:52:57.156-03:00 TRACE 2448 --- [backend] [main] .e.j.e.i.NormalizingIdentifierHelperImpl : Normalizing identifier quoting [invoice_id]
2026-09-12T11:52:57.156-03:00 TRACE 2448 --- [backend] [main] .e.j.e.i.NormalizingIdentifierHelperImpl : Normalizing identifier quoting [care_id]
2026-09-12T11:52:57.156-03:00 TRACE 2448 --- [backend] [main] .e.j.e.i.NormalizingIdentifierHelperImpl : Normalizing identifier quoting [care_id]
2026-09-12T11:52:57.156-03:00 TRACE 2448 --- [backend] [main] .e.j.e.i.NormalizingIdentifierHelperImpl : Normalizing identifier quoting [care_id]
2026-09-12T11:52:57.156-03:00 DEBUG 2448 --- [backend] [main] o.h.b.m.internal.CollectionSecondPass    : Mapped collection key: invoice_id, element: care_id
2026-09-12T11:52:57.159-03:00 TRACE 2448 --- [backend] [main] .e.j.e.i.NormalizingIdentifierHelperImpl : Normalizing identifier quoting [care_id]
2026-09-12T11:52:57.164-03:00 TRACE 2448 --- [backend] [main] .e.j.e.i.NormalizingIdentifierHelperImpl : Normalizing identifier quoting [FKau8qu4t7d1osbj4ppqc5i8rt3]
2026-09-12T11:52:57.165-03:00 TRACE 2448 --- [backend] [main] .e.j.e.i.NormalizingIdentifierHelperImpl : Normalizing identifier quoting [invoice_id]
2026-09-12T11:52:57.165-03:00 TRACE 2448 --- [backend] [main] .e.j.e.i.NormalizingIdentifierHelperImpl : Normalizing identifier quoting [FK462enuejhe9cpr95ort9dw2ge]
2026-09-12T11:52:57.166-03:00 TRACE 2448 --- [backend] [main] .e.j.e.i.NormalizingIdentifierHelperImpl : Normalizing identifier quoting [medication_id]
2026-09-12T11:52:57.166-03:00 TRACE 2448 --- [backend] [main] .e.j.e.i.NormalizingIdentifierHelperImpl : Normalizing identifier quoting [FK70p3bm50fy9tra0n95uviilxo]
2026-09-12T11:52:57.167-03:00 TRACE 2448 --- [backend] [main] .e.j.e.i.NormalizingIdentifierHelperImpl : Normalizing identifier quoting [invoice_id]
2026-09-12T11:52:57.167-03:00 TRACE 2448 --- [backend] [main] .e.j.e.i.NormalizingIdentifierHelperImpl : Normalizing identifier quoting [FKa6gx5dg1pt76eye9jwrcy2agv]
2026-09-12T11:52:57.187-03:00 TRACE 2448 --- [backend] [main] .e.j.e.i.NormalizingIdentifierHelperImpl : Normalizing identifier quoting [care_id]
2026-09-12T11:52:57.188-03:00 TRACE 2448 --- [backend] [main] .e.j.e.i.NormalizingIdentifierHelperImpl : Normalizing identifier quoting [invoice_id]
2026-09-12T11:52:57.188-03:00 TRACE 2448 --- [backend] [main] .e.j.e.i.NormalizingIdentifierHelperImpl : Normalizing identifier quoting [medication_id]
2026-09-12T11:52:57.188-03:00 TRACE 2448 --- [backend] [main] .e.j.e.i.NormalizingIdentifierHelperImpl : Normalizing identifier quoting [invoice_id]
2026-09-12T11:52:57.190-03:00 TRACE 2448 --- [backend] [main] .e.j.e.i.NormalizingIdentifierHelperImpl : Normalizing identifier quoting [null]
2026-09-12T11:52:57.190-03:00 TRACE 2448 --- [backend] [main] .e.j.e.i.NormalizingIdentifierHelperImpl : Normalizing identifier quoting [null]
2026-09-12T11:52:57.192-03:00 TRACE 2448 --- [backend] [main] .e.j.e.i.NormalizingIdentifierHelperImpl : Normalizing identifier quoting [user_SEQ]
2026-09-12T11:52:57.199-03:00 TRACE 2448 --- [backend] [main] .e.j.e.i.NormalizingIdentifierHelperImpl : Normalizing identifier quoting [next_val]
2026-09-12T11:52:57.205-03:00 TRACE 2448 --- [backend] [main] o.hibernate.id.enhanced.PooledOptimizer  : Creating pooled optimizer with [incrementSize=50; returnClass=java.lang.Integer]
2026-09-12T11:52:57.209-03:00 TRACE 2448 --- [backend] [main] .e.j.e.i.NormalizingIdentifierHelperImpl : Normalizing identifier quoting [null]
2026-09-12T11:52:57.209-03:00 TRACE 2448 --- [backend] [main] .e.j.e.i.NormalizingIdentifierHelperImpl : Normalizing identifier quoting [null]
2026-09-12T11:52:57.209-03:00 TRACE 2448 --- [backend] [main] .e.j.e.i.NormalizingIdentifierHelperImpl : Normalizing identifier quoting [appointment_SEQ]
2026-09-12T11:52:57.209-03:00 TRACE 2448 --- [backend] [main] .e.j.e.i.NormalizingIdentifierHelperImpl : Normalizing identifier quoting [next_val]
2026-09-12T11:52:57.209-03:00 TRACE 2448 --- [backend] [main] o.hibernate.id.enhanced.PooledOptimizer  : Creating pooled optimizer with [incrementSize=50; returnClass=java.lang.Long]
2026-09-12T11:52:57.209-03:00 TRACE 2448 --- [backend] [main] .e.j.e.i.NormalizingIdentifierHelperImpl : Normalizing identifier quoting [null]
2026-09-12T11:52:57.210-03:00 TRACE 2448 --- [backend] [main] .e.j.e.i.NormalizingIdentifierHelperImpl : Normalizing identifier quoting [null]
2026-09-12T11:52:57.210-03:00 TRACE 2448 --- [backend] [main] .e.j.e.i.NormalizingIdentifierHelperImpl : Normalizing identifier quoting [patient_SEQ]
2026-09-12T11:52:57.210-03:00 TRACE 2448 --- [backend] [main] .e.j.e.i.NormalizingIdentifierHelperImpl : Normalizing identifier quoting [next_val]
2026-09-12T11:52:57.210-03:00 TRACE 2448 --- [backend] [main] o.hibernate.id.enhanced.PooledOptimizer  : Creating pooled optimizer with [incrementSize=50; returnClass=java.lang.Long]
2026-09-12T11:52:57.211-03:00 TRACE 2448 --- [backend] [main] .e.j.e.i.NormalizingIdentifierHelperImpl : Normalizing identifier quoting [null]
2026-09-12T11:52:57.212-03:00 TRACE 2448 --- [backend] [main] .e.j.e.i.NormalizingIdentifierHelperImpl : Normalizing identifier quoting [null]
2026-09-12T11:52:57.214-03:00 TRACE 2448 --- [backend] [main] .e.j.e.i.NormalizingIdentifierHelperImpl : Normalizing identifier quoting [invoice_SEQ]
2026-09-12T11:52:57.214-03:00 TRACE 2448 --- [backend] [main] .e.j.e.i.NormalizingIdentifierHelperImpl : Normalizing identifier quoting [next_val]
2026-09-12T11:52:57.214-03:00 TRACE 2448 --- [backend] [main] o.hibernate.id.enhanced.PooledOptimizer  : Creating pooled optimizer with [incrementSize=50; returnClass=java.lang.Long]
2026-09-12T11:52:57.215-03:00 TRACE 2448 --- [backend] [main] .e.j.e.i.NormalizingIdentifierHelperImpl : Normalizing identifier quoting [null]
2026-09-12T11:52:57.215-03:00 TRACE 2448 --- [backend] [main] .e.j.e.i.NormalizingIdentifierHelperImpl : Normalizing identifier quoting [null]
2026-09-12T11:52:57.216-03:00 TRACE 2448 --- [backend] [main] .e.j.e.i.NormalizingIdentifierHelperImpl : Normalizing identifier quoting [medication_SEQ]
2026-09-12T11:52:57.216-03:00 TRACE 2448 --- [backend] [main] .e.j.e.i.NormalizingIdentifierHelperImpl : Normalizing identifier quoting [next_val]
2026-09-12T11:52:57.216-03:00 TRACE 2448 --- [backend] [main] o.hibernate.id.enhanced.PooledOptimizer  : Creating pooled optimizer with [incrementSize=50; returnClass=java.lang.Long]
2026-09-12T11:52:57.216-03:00 TRACE 2448 --- [backend] [main] .e.j.e.i.NormalizingIdentifierHelperImpl : Normalizing identifier quoting [null]
2026-09-12T11:52:57.217-03:00 TRACE 2448 --- [backend] [main] .e.j.e.i.NormalizingIdentifierHelperImpl : Normalizing identifier quoting [null]
2026-09-12T11:52:57.217-03:00 TRACE 2448 --- [backend] [main] .e.j.e.i.NormalizingIdentifierHelperImpl : Normalizing identifier quoting [care_SEQ]
2026-09-12T11:52:57.218-03:00 TRACE 2448 --- [backend] [main] .e.j.e.i.NormalizingIdentifierHelperImpl : Normalizing identifier quoting [next_val]
2026-09-12T11:52:57.218-03:00 TRACE 2448 --- [backend] [main] o.hibernate.id.enhanced.PooledOptimizer  : Creating pooled optimizer with [incrementSize=50; returnClass=java.lang.Long]
2026-09-12T11:52:57.222-03:00 TRACE 2448 --- [backend] [main] o.h.s.i.AbstractServiceRegistryImpl      : Initializing service [role=org.hibernate.boot.spi.SessionFactoryBuilderService]
2026-09-12T11:52:57.241-03:00 TRACE 2448 --- [backend] [main] o.h.s.i.AbstractServiceRegistryImpl      : Initializing service [role=org.hibernate.engine.jdbc.connections.spi.MultiTenantConnectionProvider]
2026-09-12T11:52:57.242-03:00 TRACE 2448 --- [backend] [main] org.hibernate.loader.BatchFetchStyle     : Interpreting BatchFetchStyle from setting : null
2026-09-12T11:52:57.253-03:00 TRACE 2448 --- [backend] [main] o.h.s.i.AbstractServiceRegistryImpl      : Initializing service [role=org.hibernate.bytecode.spi.BytecodeProvider]
2026-09-12T11:52:57.287-03:00 DEBUG 2448 --- [backend] [main] o.hibernate.internal.SessionFactoryImpl  : Building session factory
2026-09-12T11:52:57.287-03:00 TRACE 2448 --- [backend] [main] o.h.s.i.AbstractServiceRegistryImpl      : Initializing service [role=org.hibernate.service.spi.SessionFactoryServiceRegistryFactory]
2026-09-12T11:52:57.362-03:00 DEBUG 2448 --- [backend] [main] .h.s.i.SessionFactoryServiceRegistryImpl : EventListenerRegistry access via ServiceRegistry is deprecated.  Use `sessionFactory.getEventEngine().getListenerRegistry()` instead
2026-09-12T11:52:57.364-03:00 DEBUG 2448 --- [backend] [main] o.hibernate.internal.SessionFactoryImpl  : Instantiating SessionFactory with settings: {java.specification.version=21, sun.cpu.isalist=amd64, hibernate.resource.beans.container=org.springframework.orm.hibernate5.SpringBeanContainer@66314fee, hibernate.connection.handling_mode=DELAYED_ACQUISITION_AND_HOLD, sun.jnu.encoding=Cp1252, hibernate.dialect=org.hibernate.dialect.MySQL8Dialect, hibernate.implicit_naming_strategy=org.springframework.boot.orm.jpa.hibernate.SpringImplicitNamingStrategy, java.class.path=C:\Users\afro8\Downloads\JAVA CLOUD\Codigo Base\target\classes;C:\Users\afro8\.m2\repository\org\springframework\boot\spring-boot-starter-data-jpa\3.4.4\spring-boot-starter-data-jpa-3.4.4.jar;C:\Users\afro8\.m2\repository\org\springframework\boot\spring-boot-starter\3.4.4\spring-boot-starter-3.4.4.jar;C:\Users\afro8\.m2\repository\org\springframework\boot\spring-boot\3.4.4\spring-boot-3.4.4.jar;C:\Users\afro8\.m2\repository\org\springframework\boot\spring-boot-autoconfigure\3.4.4\spring-boot-autoconfigure-3.4.4.jar;C:\Users\afro8\.m2\repository\org\springframework\boot\spring-boot-starter-logging\3.4.4\spring-boot-starter-logging-3.4.4.jar;C:\Users\afro8\.m2\repository\ch\qos\logback\logback-classic\1.5.18\logback-classic-1.5.18.jar;C:\Users\afro8\.m2\repository\ch\qos\logback\logback-core\1.5.18\logback-core-1.5.18.jar;C:\Users\afro8\.m2\repository\org\apache\logging\log4j\log4j-to-slf4j\2.24.3\log4j-to-slf4j-2.24.3.jar;C:\Users\afro8\.m2\repository\org\apache\logging\log4j\log4j-api\2.24.3\log4j-api-2.24.3.jar;C:\Users\afro8\.m2\repository\org\slf4j\jul-to-slf4j\2.0.17\jul-to-slf4j-2.0.17.jar;C:\Users\afro8\.m2\repository\jakarta\annotation\jakarta.annotation-api\2.1.1\jakarta.annotation-api-2.1.1.jar;C:\Users\afro8\.m2\repository\org\yaml\snakeyaml\2.3\snakeyaml-2.3.jar;C:\Users\afro8\.m2\repository\org\springframework\boot\spring-boot-starter-jdbc\3.4.4\spring-boot-starter-jdbc-3.4.4.jar;C:\Users\afro8\.m2\repository\com\zaxxer\HikariCP\5.1.0\HikariCP-5.1.0.jar;C:\Users\afro8\.m2\repository\org\springframework\spring-jdbc\6.2.5\spring-jdbc-6.2.5.jar;C:\Users\afro8\.m2\repository\org\hibernate\orm\hibernate-core\6.6.11.Final\hibernate-core-6.6.11.Final.jar;C:\Users\afro8\.m2\repository\jakarta\persistence\jakarta.persistence-api\3.1.0\jakarta.persistence-api-3.1.0.jar;C:\Users\afro8\.m2\repository\jakarta\transaction\jakarta.transaction-api\2.0.1\jakarta.transaction-api-2.0.1.jar;C:\Users\afro8\.m2\repository\org\jboss\logging\jboss-logging\3.6.1.Final\jboss-logging-3.6.1.Final.jar;C:\Users\afro8\.m2\repository\org\hibernate\common\hibernate-commons-annotations\7.0.3.Final\hibernate-commons-annotations-7.0.3.Final.jar;C:\Users\afro8\.m2\repository\io\smallrye\jandex\3.2.0\jandex-3.2.0.jar;C:\Users\afro8\.m2\repository\com\fasterxml\classmate\1.7.0\classmate-1.7.0.jar;C:\Users\afro8\.m2\repository\net\bytebuddy\byte-buddy\1.15.11\byte-buddy-1.15.11.jar;C:\Users\afro8\.m2\repository\org\glassfish\jaxb\jaxb-runtime\4.0.5\jaxb-runtime-4.0.5.jar;C:\Users\afro8\.m2\repository\org\glassfish\jaxb\jaxb-core\4.0.5\jaxb-core-4.0.5.jar;C:\Users\afro8\.m2\repository\org\eclipse\angus\angus-activation\2.0.2\angus-activation-2.0.2.jar;C:\Users\afro8\.m2\repository\org\glassfish\jaxb\txw2\4.0.5\txw2-4.0.5.jar;C:\Users\afro8\.m2\repository\com\sun\istack\istack-commons-runtime\4.1.2\istack-commons-runtime-4.1.2.jar;C:\Users\afro8\.m2\repository\jakarta\inject\jakarta.inject-api\2.0.1\jakarta.inject-api-2.0.1.jar;C:\Users\afro8\.m2\repository\org\antlr\antlr4-runtime\4.13.0\antlr4-runtime-4.13.0.jar;C:\Users\afro8\.m2\repository\org\springframework\data\spring-data-jpa\3.4.4\spring-data-jpa-3.4.4.jar;C:\Users\afro8\.m2\repository\org\springframework\data\spring-data-commons\3.4.4\spring-data-commons-3.4.4.jar;C:\Users\afro8\.m2\repository\org\springframework\spring-orm\6.2.5\spring-orm-6.2.5.jar;C:\Users\afro8\.m2\repository\org\springframework\spring-context\6.2.5\spring-context-6.2.5.jar;C:\Users\afro8\.m2\repository\org\springframework\spring-tx\6.2.5\spring-tx-6.2.5.jar;C:\Users\afro8\.m2\repository\org\springframework\spring-beans\6.2.5\spring-beans-6.2.5.jar;C:\Users\afro8\.m2\repository\org\slf4j\slf4j-api\2.0.17\slf4j-api-2.0.17.jar;C:\Users\afro8\.m2\repository\org\springframework\spring-aspects\6.2.5\spring-aspects-6.2.5.jar;C:\Users\afro8\.m2\repository\org\aspectj\aspectjweaver\1.9.23\aspectjweaver-1.9.23.jar;C:\Users\afro8\.m2\repository\org\springframework\boot\spring-boot-starter-security\3.4.4\spring-boot-starter-security-3.4.4.jar;C:\Users\afro8\.m2\repository\org\springframework\spring-aop\6.2.5\spring-aop-6.2.5.jar;C:\Users\afro8\.m2\repository\org\springframework\security\spring-security-config\6.4.4\spring-security-config-6.4.4.jar;C:\Users\afro8\.m2\repository\org\springframework\security\spring-security-web\6.4.4\spring-security-web-6.4.4.jar;C:\Users\afro8\.m2\repository\org\springframework\spring-expression\6.2.5\spring-expression-6.2.5.jar;C:\Users\afro8\.m2\repository\org\springframework\boot\spring-boot-starter-web\3.4.4\spring-boot-starter-web-3.4.4.jar;C:\Users\afro8\.m2\repository\org\springframework\boot\spring-boot-starter-json\3.4.4\spring-boot-starter-json-3.4.4.jar;C:\Users\afro8\.m2\repository\com\fasterxml\jackson\datatype\jackson-datatype-jdk8\2.18.3\jackson-datatype-jdk8-2.18.3.jar;C:\Users\afro8\.m2\repository\com\fasterxml\jackson\datatype\jackson-datatype-jsr310\2.18.3\jackson-datatype-jsr310-2.18.3.jar;C:\Users\afro8\.m2\repository\com\fasterxml\jackson\module\jackson-module-parameter-names\2.18.3\jackson-module-parameter-names-2.18.3.jar;C:\Users\afro8\.m2\repository\org\springframework\boot\spring-boot-starter-tomcat\3.4.4\spring-boot-starter-tomcat-3.4.4.jar;C:\Users\afro8\.m2\repository\org\apache\tomcat\embed\tomcat-embed-core\10.1.39\tomcat-embed-core-10.1.39.jar;C:\Users\afro8\.m2\repository\org\apache\tomcat\embed\tomcat-embed-el\10.1.39\tomcat-embed-el-10.1.39.jar;C:\Users\afro8\.m2\repository\org\apache\tomcat\embed\tomcat-embed-websocket\10.1.39\tomcat-embed-websocket-10.1.39.jar;C:\Users\afro8\.m2\repository\org\springframework\spring-web\6.2.5\spring-web-6.2.5.jar;C:\Users\afro8\.m2\repository\io\micrometer\micrometer-observation\1.14.5\micrometer-observation-1.14.5.jar;C:\Users\afro8\.m2\repository\io\micrometer\micrometer-commons\1.14.5\micrometer-commons-1.14.5.jar;C:\Users\afro8\.m2\repository\org\springframework\spring-webmvc\6.2.5\spring-webmvc-6.2.5.jar;C:\Users\afro8\.m2\repository\com\mysql\mysql-connector-j\9.1.0\mysql-connector-j-9.1.0.jar;C:\Users\afro8\.m2\repository\jakarta\xml\bind\jakarta.xml.bind-api\4.0.2\jakarta.xml.bind-api-4.0.2.jar;C:\Users\afro8\.m2\repository\jakarta\activation\jakarta.activation-api\2.1.3\jakarta.activation-api-2.1.3.jar;C:\Users\afro8\.m2\repository\org\springframework\spring-core\6.2.5\spring-core-6.2.5.jar;C:\Users\afro8\.m2\repository\org\springframework\spring-jcl\6.2.5\spring-jcl-6.2.5.jar;C:\Users\afro8\.m2\repository\org\springframework\security\spring-security-core\6.4.4\spring-security-core-6.4.4.jar;C:\Users\afro8\.m2\repository\org\springframework\security\spring-security-crypto\6.4.4\spring-security-crypto-6.4.4.jar;C:\Users\afro8\.m2\repository\io\jsonwebtoken\jjwt-api\0.12.5\jjwt-api-0.12.5.jar;C:\Users\afro8\.m2\repository\io\jsonwebtoken\jjwt-impl\0.12.5\jjwt-impl-0.12.5.jar;C:\Users\afro8\.m2\repository\io\jsonwebtoken\jjwt-jackson\0.12.5\jjwt-jackson-0.12.5.jar;C:\Users\afro8\.m2\repository\com\fasterxml\jackson\core\jackson-databind\2.18.3\jackson-databind-2.18.3.jar;C:\Users\afro8\.m2\repository\com\fasterxml\jackson\core\jackson-annotations\2.18.3\jackson-annotations-2.18.3.jar;C:\Users\afro8\.m2\repository\com\fasterxml\jackson\core\jackson-core\2.18.3\jackson-core-2.18.3.jar, java.vm.vendor=Eclipse Adoptium, sun.arch.data.model=64, user.variant=, java.vendor.url=https://adoptium.net/, catalina.useNaming=false, user.timezone=America/Santiago, jakarta.persistence.sharedCache.mode=UNSPECIFIED, org.jboss.logging.provider=slf4j, java.vm.specification.version=21, os.name=Windows 11, APPLICATION_NAME=backend, jakarta.persistence.nonJtaDataSource=HikariDataSource (null), sun.java.launcher=SUN_STANDARD, user.country=CL, sun.boot.library.path=C:\Users\afro8\.vscode\extensions\redhat.java-1.56.0-win32-x64\jre\21.0.12.1-win32-x86_64\bin, sun.java.command=com.duoc.backend.BackendApplication, javax.persistence.nonJtaDataSource=HikariDataSource (null), hibernate.transaction.jta.platform=org.hibernate.engine.transaction.jta.platform.internal.NoJtaPlatform@14b5325f, jdk.debug=release, sun.cpu.endian=little, hibernate.cdi.extensions=true, user.home=C:\Users\afro8, user.language=es, java.specification.vendor=Oracle Corporation, java.version.date=2026-08-18, java.home=C:\Users\afro8\.vscode\extensions\redhat.java-1.56.0-win32-x64\jre\21.0.12.1-win32-x86_64, file.separator=\, java.vm.compressedOopsMode=32-bit, line.separator=
, hibernate.persistenceUnitName=default, java.vm.specification.vendor=Oracle Corporation, java.specification.name=Java Platform API Specification, FILE_LOG_CHARSET=UTF-8, hibernate.transaction.coordinator_class=class org.hibernate.resource.transaction.backend.jdbc.internal.JdbcResourceLocalTransactionCoordinatorBuilderImpl, java.awt.headless=true, jakarta.persistence.validation.mode=AUTO, hibernate.hbm2ddl.auto=update, user.script=, sun.management.compiler=HotSpot 64-Bit Tiered Compilers, java.runtime.version=21.0.12.1+1-LTS, user.name=afro8, stdout.encoding=cp850, path.separator=;, os.version=10.0, java.runtime.name=OpenJDK Runtime Environment, file.encoding=UTF-8, java.vm.name=OpenJDK 64-Bit Server VM, java.vendor.version=Temurin-21.0.12.1+1, LOG_FILE=backend.log, java.vendor.url.bug=https://github.com/adoptium/adoptium-support/issues, java.io.tmpdir=C:\Users\afro8\AppData\Local\Temp\, catalina.home=C:\Users\afro8\AppData\Local\Temp\tomcat.8180.17874152942121754674, java.version=21.0.12.1, hibernate.physical_naming_strategy=org.hibernate.boot.model.naming.CamelCaseToUnderscoresNamingStrategy, user.dir=C:\Users\afro8\Downloads\JAVA CLOUD\Codigo Base, os.arch=amd64, java.vm.specification.name=Java Virtual Machine Specification, PID=2448, sun.os.patch.level=, CONSOLE_LOG_CHARSET=UTF-8, catalina.base=C:\Users\afro8\AppData\Local\Temp\tomcat.8180.17874152942121754674, hibernate.boot.CfgXmlAccessService.key=org.hibernate.boot.registry.StandardServiceRegistryBuilder$1@13404f75, native.encoding=Cp1252, java.library.path=C:\Users\afro8\.vscode\extensions\redhat.java-1.56.0-win32-x64\jre\21.0.12.1-win32-x86_64\bin;C:\WINDOWS\Sun\Java\bin;C:\WINDOWS\system32;C:\WINDOWS;C:\Program Files (x86)\Common Files\Oracle\Java\java8path;C:\Program Files (x86)\Common Files\Oracle\Java\javapath;C:\WINDOWS\system32;C:\WINDOWS;C:\WINDOWS\System32\Wbem;C:\WINDOWS\System32\WindowsPowerShell\v1.0\;C:\WINDOWS\System32\OpenSSH\;C:\Program Files\Git\cmd;C:\Program Files\Streamlink\bin;C:\Users\afro8\AppData\Local\Programs\Python\Launcher\;C:\Users\afro8\AppData\Local\Microsoft\WindowsApps;C:\Users\afro8\AppData\Local\Programs\Microsoft VS Code\bin;C:\Users\afro8\AppData\Local\PowerToys\DSCModules\;c:\Users\afro8\.vscode\extensions\vscjava.vscode-java-debug-0.59.0\bundled\scripts\noConfigScripts;c:\Users\afro8\AppData\Roaming\Code\User\globalStorage\github.copilot-chat\debugCommand;., stderr.encoding=cp850, java.vendor=Eclipse Adoptium, java.vm.info=mixed mode, sharing, java.vm.version=21.0.12.1+1-LTS, sun.io.unicode.encoding=UnicodeLittle, hibernate.archive.scanner=org.hibernate.boot.archive.scan.internal.DisabledScanner, hibernate.connection.datasource=HikariDataSource (null), java.class.version=65.0, LOGGED_APPLICATION_NAME=[backend] }
2026-09-12T11:52:57.366-03:00 TRACE 2448 --- [backend] [main] .e.j.e.i.NormalizingIdentifierHelperImpl : Normalizing identifier quoting [null]
2026-09-12T11:52:57.366-03:00 TRACE 2448 --- [backend] [main] o.h.s.i.AbstractServiceRegistryImpl      : Initializing service [role=org.hibernate.cache.spi.CacheImplementor]
2026-09-12T11:52:57.369-03:00 DEBUG 2448 --- [backend] [main] o.hibernate.internal.SessionFactoryImpl  : Session factory constructed with filter configurations : {}
2026-09-12T11:52:57.430-03:00 DEBUG 2448 --- [backend] [main] o.h.q.sqm.function.SqmFunctionRegistry   : Registered SqmFunctionTemplate [NamedSqmFunctionTemplate(max)] under max; prior registration was null
2026-09-12T11:52:57.430-03:00 DEBUG 2448 --- [backend] [main] o.h.q.sqm.function.SqmFunctionRegistry   : Registered SqmFunctionTemplate [NamedSqmFunctionTemplate(min)] under min; prior registration was null
2026-09-12T11:52:57.432-03:00 DEBUG 2448 --- [backend] [main] o.h.q.sqm.function.SqmFunctionRegistry   : Registered SqmFunctionTemplate [NamedSqmFunctionTemplate(sum)] under sum; prior registration was null
2026-09-12T11:52:57.436-03:00 DEBUG 2448 --- [backend] [main] o.h.q.sqm.function.SqmFunctionRegistry   : Registered SqmFunctionTemplate [NamedSqmFunctionTemplate(avg)] under avg; prior registration was null
2026-09-12T11:52:57.438-03:00 DEBUG 2448 --- [backend] [main] o.h.q.sqm.function.SqmFunctionRegistry   : Registered SqmFunctionTemplate [org.hibernate.dialect.function.CountFunction@377e90b0] under count; prior registration was null
2026-09-12T11:52:57.439-03:00 DEBUG 2448 --- [backend] [main] o.h.q.sqm.function.SqmFunctionRegistry   : Registered SqmFunctionTemplate [org.hibernate.dialect.function.EveryAnyEmulation@37364634] under every; prior registration was null
2026-09-12T11:52:57.439-03:00 DEBUG 2448 --- [backend] [main] o.h.q.sqm.function.SqmFunctionRegistry   : Registered SqmFunctionTemplate [org.hibernate.dialect.function.EveryAnyEmulation@3dec79f8] under any; prior registration was null
2026-09-12T11:52:57.440-03:00 DEBUG 2448 --- [backend] [main] o.h.q.sqm.function.SqmFunctionRegistry   : Registered SqmFunctionTemplate [NamedSqmFunctionTemplate(floor)] under floor; prior registration was null
2026-09-12T11:52:57.441-03:00 DEBUG 2448 --- [backend] [main] o.h.q.sqm.function.SqmFunctionRegistry   : Registered SqmFunctionTemplate [NamedSqmFunctionTemplate(ceiling)] under ceiling; prior registration was null
2026-09-12T11:52:57.441-03:00 DEBUG 2448 --- [backend] [main] o.h.q.sqm.function.SqmFunctionRegistry   : Registered SqmFunctionTemplate [NamedSqmFunctionTemplate(mod)] under mod; prior registration was null
2026-09-12T11:52:57.442-03:00 DEBUG 2448 --- [backend] [main] o.h.q.sqm.function.SqmFunctionRegistry   : Registered SqmFunctionTemplate [NamedSqmFunctionTemplate(abs)] under abs; prior registration was null
2026-09-12T11:52:57.442-03:00 DEBUG 2448 --- [backend] [main] o.h.q.sqm.function.SqmFunctionRegistry   : Registered SqmFunctionTemplate [NamedSqmFunctionTemplate(sign)] under sign; prior registration was null
2026-09-12T11:52:57.442-03:00 DEBUG 2448 --- [backend] [main] o.h.q.sqm.function.SqmFunctionRegistry   : Registered SqmFunctionTemplate [NamedSqmFunctionTemplate(sqrt)] under sqrt; prior registration was null
2026-09-12T11:52:57.442-03:00 DEBUG 2448 --- [backend] [main] o.h.q.sqm.function.SqmFunctionRegistry   : Registered SqmFunctionTemplate [NamedSqmFunctionTemplate(ln)] under ln; prior registration was null
2026-09-12T11:52:57.442-03:00 DEBUG 2448 --- [backend] [main] o.h.q.sqm.function.SqmFunctionRegistry   : Registered SqmFunctionTemplate [NamedSqmFunctionTemplate(exp)] under exp; prior registration was null
2026-09-12T11:52:57.442-03:00 DEBUG 2448 --- [backend] [main] o.h.q.sqm.function.SqmFunctionRegistry   : Registered SqmFunctionTemplate [NamedSqmFunctionTemplate(power)] under power; prior registration was null
2026-09-12T11:52:57.444-03:00 DEBUG 2448 --- [backend] [main] o.h.q.sqm.function.SqmFunctionRegistry   : Registered SqmFunctionTemplate [NamedSqmFunctionTemplate(round)] under round; prior registration was null
2026-09-12T11:52:57.445-03:00 DEBUG 2448 --- [backend] [main] o.h.q.sqm.function.SqmFunctionRegistry   : Registered SqmFunctionTemplate [NamedSqmFunctionTemplate(sin)] under sin; prior registration was null
2026-09-12T11:52:57.446-03:00 DEBUG 2448 --- [backend] [main] o.h.q.sqm.function.SqmFunctionRegistry   : Registered SqmFunctionTemplate [NamedSqmFunctionTemplate(cos)] under cos; prior registration was null
2026-09-12T11:52:57.446-03:00 DEBUG 2448 --- [backend] [main] o.h.q.sqm.function.SqmFunctionRegistry   : Registered SqmFunctionTemplate [NamedSqmFunctionTemplate(tan)] under tan; prior registration was null
2026-09-12T11:52:57.446-03:00 DEBUG 2448 --- [backend] [main] o.h.q.sqm.function.SqmFunctionRegistry   : Registered SqmFunctionTemplate [NamedSqmFunctionTemplate(asin)] under asin; prior registration was null
2026-09-12T11:52:57.446-03:00 DEBUG 2448 --- [backend] [main] o.h.q.sqm.function.SqmFunctionRegistry   : Registered SqmFunctionTemplate [NamedSqmFunctionTemplate(acos)] under acos; prior registration was null
2026-09-12T11:52:57.446-03:00 DEBUG 2448 --- [backend] [main] o.h.q.sqm.function.SqmFunctionRegistry   : Registered SqmFunctionTemplate [NamedSqmFunctionTemplate(atan)] under atan; prior registration was null
2026-09-12T11:52:57.447-03:00 DEBUG 2448 --- [backend] [main] o.h.q.sqm.function.SqmFunctionRegistry   : Registered SqmFunctionTemplate [NamedSqmFunctionTemplate(atan2)] under atan2; prior registration was null
2026-09-12T11:52:57.451-03:00 DEBUG 2448 --- [backend] [main] o.h.q.sqm.function.SqmFunctionRegistry   : Registered SqmFunctionTemplate [org.hibernate.query.sqm.function.PatternBasedSqmFunctionDescriptor@32646ecf] under sinh; prior registration was null
2026-09-12T11:52:57.451-03:00 DEBUG 2448 --- [backend] [main] o.h.q.sqm.function.SqmFunctionRegistry   : Registered SqmFunctionTemplate [org.hibernate.query.sqm.function.PatternBasedSqmFunctionDescriptor@68f9e807] under cosh; prior registration was null
2026-09-12T11:52:57.452-03:00 DEBUG 2448 --- [backend] [main] o.h.q.sqm.function.SqmFunctionRegistry   : Registered SqmFunctionTemplate [org.hibernate.query.sqm.function.PatternBasedSqmFunctionDescriptor@23708f14] under tanh; prior registration was null
2026-09-12T11:52:57.452-03:00 DEBUG 2448 --- [backend] [main] o.h.q.sqm.function.SqmFunctionRegistry   : Registered SqmFunctionTemplate [org.hibernate.query.sqm.function.PatternBasedSqmFunctionDescriptor@3dfc59c5] under pi; prior registration was null
2026-09-12T11:52:57.452-03:00 DEBUG 2448 --- [backend] [main] o.h.q.sqm.function.SqmFunctionRegistry   : Registered SqmFunctionTemplate [org.hibernate.query.sqm.function.PatternBasedSqmFunctionDescriptor@2cff5aa3] under log; prior registration was null
2026-09-12T11:52:57.452-03:00 DEBUG 2448 --- [backend] [main] o.h.q.sqm.function.SqmFunctionRegistry   : Registered SqmFunctionTemplate [NamedSqmFunctionTemplate(coalesce)] under coalesce; prior registration was null
2026-09-12T11:52:57.453-03:00 DEBUG 2448 --- [backend] [main] o.h.q.sqm.function.SqmFunctionRegistry   : Registered SqmFunctionTemplate [NamedSqmFunctionTemplate(nullif)] under nullif; prior registration was null
2026-09-12T11:52:57.453-03:00 DEBUG 2448 --- [backend] [main] o.h.q.sqm.function.SqmFunctionRegistry   : Registered SqmFunctionTemplate [NamedSqmFunctionTemplate(left)] under left; prior registration was null
2026-09-12T11:52:57.453-03:00 DEBUG 2448 --- [backend] [main] o.h.q.sqm.function.SqmFunctionRegistry   : Registered SqmFunctionTemplate [NamedSqmFunctionTemplate(right)] under right; prior registration was null
2026-09-12T11:52:57.453-03:00 DEBUG 2448 --- [backend] [main] o.h.q.sqm.function.SqmFunctionRegistry   : Registered SqmFunctionTemplate [NamedSqmFunctionTemplate(replace)] under replace; prior registration was null
2026-09-12T11:52:57.454-03:00 DEBUG 2448 --- [backend] [main] o.h.q.sqm.function.SqmFunctionRegistry   : Registered SqmFunctionTemplate [NamedSqmFunctionTemplate(concat)] under concat; prior registration was null
2026-09-12T11:52:57.454-03:00 DEBUG 2448 --- [backend] [main] o.h.q.sqm.function.SqmFunctionRegistry   : Registered SqmFunctionTemplate [NamedSqmFunctionTemplate(lower)] under lower; prior registration was null
2026-09-12T11:52:57.454-03:00 DEBUG 2448 --- [backend] [main] o.h.q.sqm.function.SqmFunctionRegistry   : Registered SqmFunctionTemplate [NamedSqmFunctionTemplate(upper)] under upper; prior registration was null
2026-09-12T11:52:57.454-03:00 DEBUG 2448 --- [backend] [main] o.h.q.sqm.function.SqmFunctionRegistry   : Registered SqmFunctionTemplate [NamedSqmFunctionTemplate(substring)] under substring; prior registration was null
2026-09-12T11:52:57.454-03:00 DEBUG 2448 --- [backend] [main] o.h.q.sqm.function.SqmFunctionRegistry   : Registered SqmFunctionTemplate [NamedSqmFunctionTemplate(locate)] under locate; prior registration was null
2026-09-12T11:52:57.454-03:00 DEBUG 2448 --- [backend] [main] o.h.q.sqm.function.SqmFunctionRegistry   : Registered SqmFunctionTemplate [NamedSqmFunctionTemplate(character_length)] under character_length; prior registration was null
2026-09-12T11:52:57.454-03:00 DEBUG 2448 --- [backend] [main] o.h.q.sqm.function.SqmFunctionRegistry   : Registering alternate key : length -> character_length
2026-09-12T11:52:57.455-03:00 DEBUG 2448 --- [backend] [main] o.h.q.sqm.function.SqmFunctionRegistry   : Registered SqmFunctionTemplate [org.hibernate.dialect.function.LocatePositionEmulation@2fea9a7b] under position; prior registration was null
2026-09-12T11:52:57.456-03:00 DEBUG 2448 --- [backend] [main] o.h.q.sqm.function.SqmFunctionRegistry   : Registered SqmFunctionTemplate [org.hibernate.dialect.function.InsertSubstringOverlayEmulation@5cfa2ac5] under overlay; prior registration was null
2026-09-12T11:52:57.457-03:00 DEBUG 2448 --- [backend] [main] o.h.q.sqm.function.SqmFunctionRegistry   : Registered SqmFunctionTemplate [org.hibernate.dialect.function.TrimFunction@33891646] under trim; prior registration was null
2026-09-12T11:52:57.458-03:00 DEBUG 2448 --- [backend] [main] o.h.q.sqm.function.SqmFunctionRegistry   : Registered SqmFunctionTemplate [org.hibernate.dialect.function.CastFunction@5ec6a1b6] under cast; prior registration was null
2026-09-12T11:52:57.460-03:00 DEBUG 2448 --- [backend] [main] o.h.q.sqm.function.SqmFunctionRegistry   : Registered SqmFunctionTemplate [org.hibernate.query.sqm.function.PatternBasedSqmFunctionDescriptor@40013051] under collate; prior registration was null
2026-09-12T11:52:57.461-03:00 DEBUG 2448 --- [backend] [main] o.h.q.sqm.function.SqmFunctionRegistry   : Registered SqmFunctionTemplate [org.hibernate.dialect.function.ExtractFunction@43294e9b] under extract; prior registration was null
2026-09-12T11:52:57.461-03:00 DEBUG 2448 --- [backend] [main] o.h.q.sqm.function.SqmFunctionRegistry   : Registered SqmFunctionTemplate [NamedSqmFunctionTemplate(least)] under least; prior registration was null
2026-09-12T11:52:57.461-03:00 DEBUG 2448 --- [backend] [main] o.h.q.sqm.function.SqmFunctionRegistry   : Registered SqmFunctionTemplate [NamedSqmFunctionTemplate(greatest)] under greatest; prior registration was null
2026-09-12T11:52:57.462-03:00 DEBUG 2448 --- [backend] [main] o.h.q.sqm.function.SqmFunctionRegistry   : Registered SqmFunctionTemplate [org.hibernate.dialect.function.CoalesceIfnullEmulation@42ffbab6] under ifnull; prior registration was null
2026-09-12T11:52:57.465-03:00 DEBUG 2448 --- [backend] [main] o.h.q.sqm.function.SqmFunctionRegistry   : Registered SqmFunctionTemplate [NamedSqmFunctionTemplate(lpad)] under lpad; prior registration was null
2026-09-12T11:52:57.465-03:00 DEBUG 2448 --- [backend] [main] o.h.q.sqm.function.SqmFunctionRegistry   : Registered SqmFunctionTemplate [NamedSqmFunctionTemplate(rpad)] under rpad; prior registration was null
2026-09-12T11:52:57.466-03:00 DEBUG 2448 --- [backend] [main] o.h.q.sqm.function.SqmFunctionRegistry   : Registered SqmFunctionTemplate [org.hibernate.dialect.function.LpadRpadPadEmulation@4654e373] under pad; prior registration was null
2026-09-12T11:52:57.467-03:00 DEBUG 2448 --- [backend] [main] o.h.q.sqm.function.SqmFunctionRegistry   : Registered SqmFunctionTemplate [org.hibernate.dialect.function.CastStrEmulation@3e9b3b3c] under str; prior registration was null
2026-09-12T11:52:57.470-03:00 DEBUG 2448 --- [backend] [main] o.h.q.sqm.function.SqmFunctionRegistry   : Registered SqmFunctionTemplate [org.hibernate.dialect.function.FormatFunction@398694a6] under format; prior registration was null
2026-09-12T11:52:57.470-03:00 DEBUG 2448 --- [backend] [main] o.h.q.sqm.function.SqmFunctionRegistry   : Registered SqmFunctionTemplate [org.hibernate.dialect.function.TimestampaddFunction@45849604] under timestampadd; prior registration was null
2026-09-12T11:52:57.473-03:00 DEBUG 2448 --- [backend] [main] o.h.q.sqm.function.SqmFunctionRegistry   : Registered SqmFunctionTemplate [org.hibernate.dialect.function.TimestampdiffFunction@64544ee4] under timestampdiff; prior registration was null
2026-09-12T11:52:57.473-03:00 DEBUG 2448 --- [backend] [main] o.h.q.sqm.function.SqmFunctionRegistry   : Registering alternate key : dateadd -> timestampadd
2026-09-12T11:52:57.473-03:00 DEBUG 2448 --- [backend] [main] o.h.q.sqm.function.SqmFunctionRegistry   : Registering alternate key : datediff -> timestampdiff
2026-09-12T11:52:57.474-03:00 DEBUG 2448 --- [backend] [main] o.h.q.sqm.function.SqmFunctionRegistry   : Registered SqmFunctionTemplate [org.hibernate.dialect.function.CurrentFunction@31fe0ce5] under current_date; prior registration was null
2026-09-12T11:52:57.474-03:00 DEBUG 2448 --- [backend] [main] o.h.q.sqm.function.SqmFunctionRegistry   : Registered SqmFunctionTemplate [org.hibernate.dialect.function.CurrentFunction@178dc733] under current_time; prior registration was null
2026-09-12T11:52:57.474-03:00 DEBUG 2448 --- [backend] [main] o.h.q.sqm.function.SqmFunctionRegistry   : Registered SqmFunctionTemplate [org.hibernate.dialect.function.CurrentFunction@4641f66c] under current_timestamp; prior registration was null
2026-09-12T11:52:57.474-03:00 DEBUG 2448 --- [backend] [main] o.h.q.sqm.function.SqmFunctionRegistry   : Registering alternate key : current date -> current_date
2026-09-12T11:52:57.474-03:00 DEBUG 2448 --- [backend] [main] o.h.q.sqm.function.SqmFunctionRegistry   : Registering alternate key : current time -> current_time
2026-09-12T11:52:57.474-03:00 DEBUG 2448 --- [backend] [main] o.h.q.sqm.function.SqmFunctionRegistry   : Registering alternate key : current timestamp -> current_timestamp
2026-09-12T11:52:57.474-03:00 DEBUG 2448 --- [backend] [main] o.h.q.sqm.function.SqmFunctionRegistry   : Registered SqmFunctionTemplate [org.hibernate.dialect.function.CurrentFunction@6b0ba697] under local_date; prior registration was null
2026-09-12T11:52:57.474-03:00 DEBUG 2448 --- [backend] [main] o.h.q.sqm.function.SqmFunctionRegistry   : Registered SqmFunctionTemplate [org.hibernate.dialect.function.CurrentFunction@2a531637] under local_time; prior registration was null
2026-09-12T11:52:57.474-03:00 DEBUG 2448 --- [backend] [main] o.h.q.sqm.function.SqmFunctionRegistry   : Registered SqmFunctionTemplate [org.hibernate.dialect.function.CurrentFunction@539ee811] under local_datetime; prior registration was null
2026-09-12T11:52:57.475-03:00 DEBUG 2448 --- [backend] [main] o.h.q.sqm.function.SqmFunctionRegistry   : Registered SqmFunctionTemplate [org.hibernate.dialect.function.CurrentFunction@1aa59698] under offset_datetime; prior registration was null
2026-09-12T11:52:57.475-03:00 DEBUG 2448 --- [backend] [main] o.h.q.sqm.function.SqmFunctionRegistry   : Registering alternate key : local date -> local_date
2026-09-12T11:52:57.475-03:00 DEBUG 2448 --- [backend] [main] o.h.q.sqm.function.SqmFunctionRegistry   : Registering alternate key : local time -> local_time
2026-09-12T11:52:57.475-03:00 DEBUG 2448 --- [backend] [main] o.h.q.sqm.function.SqmFunctionRegistry   : Registering alternate key : local datetime -> local_datetime
2026-09-12T11:52:57.475-03:00 DEBUG 2448 --- [backend] [main] o.h.q.sqm.function.SqmFunctionRegistry   : Registering alternate key : offset datetime -> offset_datetime
2026-09-12T11:52:57.475-03:00 DEBUG 2448 --- [backend] [main] o.h.q.sqm.function.SqmFunctionRegistry   : Registered SqmFunctionTemplate [org.hibernate.dialect.function.CurrentFunction@2cacb445] under instant; prior registration was null
2026-09-12T11:52:57.475-03:00 DEBUG 2448 --- [backend] [main] o.h.q.sqm.function.SqmFunctionRegistry   : Registering alternate key : current_instant -> instant
2026-09-12T11:52:57.476-03:00 DEBUG 2448 --- [backend] [main] o.h.q.sqm.function.SqmFunctionRegistry   : Registered SqmFunctionTemplate [org.hibernate.dialect.function.SqlFunction@45e69324] under sql; prior registration was null
2026-09-12T11:52:57.476-03:00 DEBUG 2448 --- [backend] [main] o.h.q.sqm.function.SqmFunctionRegistry   : Registered SqmFunctionTemplate [NamedSqmFunctionTemplate(soundex)] under soundex; prior registration was null
2026-09-12T11:52:57.476-03:00 DEBUG 2448 --- [backend] [main] o.h.q.sqm.function.SqmFunctionRegistry   : Registered SqmFunctionTemplate [NamedSqmFunctionTemplate(radians)] under radians; prior registration was null
2026-09-12T11:52:57.476-03:00 DEBUG 2448 --- [backend] [main] o.h.q.sqm.function.SqmFunctionRegistry   : Registered SqmFunctionTemplate [NamedSqmFunctionTemplate(degrees)] under degrees; prior registration was null
2026-09-12T11:52:57.476-03:00 DEBUG 2448 --- [backend] [main] o.h.q.sqm.function.SqmFunctionRegistry   : Registered SqmFunctionTemplate [NamedSqmFunctionTemplate(cot)] under cot; prior registration was null
2026-09-12T11:52:57.476-03:00 DEBUG 2448 --- [backend] [main] o.h.q.sqm.function.SqmFunctionRegistry   : Registered SqmFunctionTemplate [NamedSqmFunctionTemplate(log)] under log; prior registration was org.hibernate.query.sqm.function.PatternBasedSqmFunctionDescriptor@2cff5aa3
2026-09-12T11:52:57.476-03:00 DEBUG 2448 --- [backend] [main] o.h.q.sqm.function.SqmFunctionRegistry   : Registered SqmFunctionTemplate [NamedSqmFunctionTemplate(log2)] under log2; prior registration was null
2026-09-12T11:52:57.477-03:00 DEBUG 2448 --- [backend] [main] o.h.q.sqm.function.SqmFunctionRegistry   : Registered SqmFunctionTemplate [NamedSqmFunctionTemplate(log10)] under log10; prior registration was null
2026-09-12T11:52:57.477-03:00 DEBUG 2448 --- [backend] [main] o.h.q.sqm.function.SqmFunctionRegistry   : Registered SqmFunctionTemplate [NamedSqmFunctionTemplate(ltrim)] under ltrim; prior registration was null
2026-09-12T11:52:57.477-03:00 DEBUG 2448 --- [backend] [main] o.h.q.sqm.function.SqmFunctionRegistry   : Registered SqmFunctionTemplate [NamedSqmFunctionTemplate(rtrim)] under rtrim; prior registration was null
2026-09-12T11:52:57.477-03:00 DEBUG 2448 --- [backend] [main] o.h.q.sqm.function.SqmFunctionRegistry   : Registered SqmFunctionTemplate [NamedSqmFunctionTemplate(octet_length)] under octet_length; prior registration was null
2026-09-12T11:52:57.477-03:00 DEBUG 2448 --- [backend] [main] o.h.q.sqm.function.SqmFunctionRegistry   : Registered SqmFunctionTemplate [NamedSqmFunctionTemplate(reverse)] under reverse; prior registration was null
2026-09-12T11:52:57.478-03:00 DEBUG 2448 --- [backend] [main] o.h.q.sqm.function.SqmFunctionRegistry   : Registered SqmFunctionTemplate [NamedSqmFunctionTemplate(space)] under space; prior registration was null
2026-09-12T11:52:57.478-03:00 DEBUG 2448 --- [backend] [main] o.h.q.sqm.function.SqmFunctionRegistry   : Registered SqmFunctionTemplate [NamedSqmFunctionTemplate(repeat)] under repeat; prior registration was null
2026-09-12T11:52:57.481-03:00 DEBUG 2448 --- [backend] [main] o.h.q.sqm.function.SqmFunctionRegistry   : Registered SqmFunctionTemplate [org.hibernate.query.sqm.function.MultipatternSqmFunctionDescriptor@41a8f0d8] under lpad; prior registration was NamedSqmFunctionTemplate(lpad)
2026-09-12T11:52:57.481-03:00 DEBUG 2448 --- [backend] [main] o.h.q.sqm.function.SqmFunctionRegistry   : Registered SqmFunctionTemplate [org.hibernate.query.sqm.function.MultipatternSqmFunctionDescriptor@30133a11] under rpad; prior registration was NamedSqmFunctionTemplate(rpad)
2026-09-12T11:52:57.482-03:00 DEBUG 2448 --- [backend] [main] o.h.q.sqm.function.SqmFunctionRegistry   : Registered SqmFunctionTemplate [NamedSqmFunctionTemplate(md5)] under md5; prior registration was null
2026-09-12T11:52:57.482-03:00 DEBUG 2448 --- [backend] [main] o.h.q.sqm.function.SqmFunctionRegistry   : Registered SqmFunctionTemplate [NamedSqmFunctionTemplate(day)] under day; prior registration was null
2026-09-12T11:52:57.482-03:00 DEBUG 2448 --- [backend] [main] o.h.q.sqm.function.SqmFunctionRegistry   : Registered SqmFunctionTemplate [NamedSqmFunctionTemplate(month)] under month; prior registration was null
2026-09-12T11:52:57.482-03:00 DEBUG 2448 --- [backend] [main] o.h.q.sqm.function.SqmFunctionRegistry   : Registered SqmFunctionTemplate [NamedSqmFunctionTemplate(year)] under year; prior registration was null
2026-09-12T11:52:57.482-03:00 DEBUG 2448 --- [backend] [main] o.h.q.sqm.function.SqmFunctionRegistry   : Registered SqmFunctionTemplate [NamedSqmFunctionTemplate(hour)] under hour; prior registration was null
2026-09-12T11:52:57.483-03:00 DEBUG 2448 --- [backend] [main] o.h.q.sqm.function.SqmFunctionRegistry   : Registered SqmFunctionTemplate [NamedSqmFunctionTemplate(minute)] under minute; prior registration was null
2026-09-12T11:52:57.483-03:00 DEBUG 2448 --- [backend] [main] o.h.q.sqm.function.SqmFunctionRegistry   : Registered SqmFunctionTemplate [NamedSqmFunctionTemplate(second)] under second; prior registration was null
2026-09-12T11:52:57.483-03:00 DEBUG 2448 --- [backend] [main] o.h.q.sqm.function.SqmFunctionRegistry   : Registered SqmFunctionTemplate [NamedSqmFunctionTemplate(microsecond)] under microsecond; prior registration was null
2026-09-12T11:52:57.483-03:00 DEBUG 2448 --- [backend] [main] o.h.q.sqm.function.SqmFunctionRegistry   : Registered SqmFunctionTemplate [NamedSqmFunctionTemplate(dayofweek)] under dayofweek; prior registration was null
2026-09-12T11:52:57.483-03:00 DEBUG 2448 --- [backend] [main] o.h.q.sqm.function.SqmFunctionRegistry   : Registered SqmFunctionTemplate [NamedSqmFunctionTemplate(dayofmonth)] under dayofmonth; prior registration was null
2026-09-12T11:52:57.483-03:00 DEBUG 2448 --- [backend] [main] o.h.q.sqm.function.SqmFunctionRegistry   : Registering alternate key : day -> dayofmonth
2026-09-12T11:52:57.483-03:00 DEBUG 2448 --- [backend] [main] o.h.q.sqm.function.SqmFunctionRegistry   : Registered SqmFunctionTemplate [NamedSqmFunctionTemplate(dayofyear)] under dayofyear; prior registration was null
2026-09-12T11:52:57.483-03:00 DEBUG 2448 --- [backend] [main] o.h.q.sqm.function.SqmFunctionRegistry   : Registered SqmFunctionTemplate [NamedSqmFunctionTemplate(week)] under week; prior registration was null
2026-09-12T11:52:57.483-03:00 DEBUG 2448 --- [backend] [main] o.h.q.sqm.function.SqmFunctionRegistry   : Registered SqmFunctionTemplate [NamedSqmFunctionTemplate(quarter)] under quarter; prior registration was null
2026-09-12T11:52:57.483-03:00 DEBUG 2448 --- [backend] [main] o.h.q.sqm.function.SqmFunctionRegistry   : Registered SqmFunctionTemplate [NamedSqmFunctionTemplate(monthname)] under monthname; prior registration was null
2026-09-12T11:52:57.483-03:00 DEBUG 2448 --- [backend] [main] o.h.q.sqm.function.SqmFunctionRegistry   : Registered SqmFunctionTemplate [NamedSqmFunctionTemplate(dayname)] under dayname; prior registration was null
2026-09-12T11:52:57.483-03:00 DEBUG 2448 --- [backend] [main] o.h.q.sqm.function.SqmFunctionRegistry   : Registered SqmFunctionTemplate [NamedSqmFunctionTemplate(last_day)] under last_day; prior registration was null
2026-09-12T11:52:57.483-03:00 DEBUG 2448 --- [backend] [main] o.h.q.sqm.function.SqmFunctionRegistry   : Registered SqmFunctionTemplate [NamedSqmFunctionTemplate(date)] under date; prior registration was null
2026-09-12T11:52:57.483-03:00 DEBUG 2448 --- [backend] [main] o.h.q.sqm.function.SqmFunctionRegistry   : Registered SqmFunctionTemplate [NamedSqmFunctionTemplate(timestamp)] under timestamp; prior registration was null
2026-09-12T11:52:57.484-03:00 DEBUG 2448 --- [backend] [main] o.h.q.sqm.function.SqmFunctionRegistry   : Registered SqmFunctionTemplate [NamedSqmFunctionTemplate(time)] under time; prior registration was null
2026-09-12T11:52:57.484-03:00 DEBUG 2448 --- [backend] [main] o.h.q.sqm.function.SqmFunctionRegistry   : Registered SqmFunctionTemplate [NamedSqmFunctionTemplate(utc_date)] under utc_date; prior registration was null
2026-09-12T11:52:57.484-03:00 DEBUG 2448 --- [backend] [main] o.h.q.sqm.function.SqmFunctionRegistry   : Registered SqmFunctionTemplate [NamedSqmFunctionTemplate(utc_time)] under utc_time; prior registration was null
2026-09-12T11:52:57.484-03:00 DEBUG 2448 --- [backend] [main] o.h.q.sqm.function.SqmFunctionRegistry   : Registered SqmFunctionTemplate [NamedSqmFunctionTemplate(utc_timestamp)] under utc_timestamp; prior registration was null
2026-09-12T11:52:57.484-03:00 DEBUG 2448 --- [backend] [main] o.h.q.sqm.function.SqmFunctionRegistry   : Registered SqmFunctionTemplate [NamedSqmFunctionTemplate(rand)] under rand; prior registration was null
2026-09-12T11:52:57.484-03:00 DEBUG 2448 --- [backend] [main] o.h.q.sqm.function.SqmFunctionRegistry   : Registered SqmFunctionTemplate [NamedSqmFunctionTemplate(crc32)] under crc32; prior registration was null
2026-09-12T11:52:57.484-03:00 DEBUG 2448 --- [backend] [main] o.h.q.sqm.function.SqmFunctionRegistry   : Registered SqmFunctionTemplate [NamedSqmFunctionTemplate(sha1)] under sha1; prior registration was null
2026-09-12T11:52:57.485-03:00 DEBUG 2448 --- [backend] [main] o.h.q.sqm.function.SqmFunctionRegistry   : Registered SqmFunctionTemplate [NamedSqmFunctionTemplate(sha2)] under sha2; prior registration was null
2026-09-12T11:52:57.485-03:00 DEBUG 2448 --- [backend] [main] o.h.q.sqm.function.SqmFunctionRegistry   : Registered SqmFunctionTemplate [NamedSqmFunctionTemplate(sha)] under sha; prior registration was null
2026-09-12T11:52:57.485-03:00 DEBUG 2448 --- [backend] [main] o.h.q.sqm.function.SqmFunctionRegistry   : Registered SqmFunctionTemplate [NamedSqmFunctionTemplate(bit_length)] under bit_length; prior registration was null
2026-09-12T11:52:57.485-03:00 DEBUG 2448 --- [backend] [main] o.h.q.sqm.function.SqmFunctionRegistry   : Registered SqmFunctionTemplate [NamedSqmFunctionTemplate(octet_length)] under octet_length; prior registration was NamedSqmFunctionTemplate(octet_length)
2026-09-12T11:52:57.485-03:00 DEBUG 2448 --- [backend] [main] o.h.q.sqm.function.SqmFunctionRegistry   : Registered SqmFunctionTemplate [NamedSqmFunctionTemplate(ascii)] under ascii; prior registration was null
2026-09-12T11:52:57.485-03:00 DEBUG 2448 --- [backend] [main] o.h.q.sqm.function.SqmFunctionRegistry   : Registered SqmFunctionTemplate [NamedSqmFunctionTemplate(instr)] under instr; prior registration was null
2026-09-12T11:52:57.485-03:00 DEBUG 2448 --- [backend] [main] o.h.q.sqm.function.SqmFunctionRegistry   : Registered SqmFunctionTemplate [NamedSqmFunctionTemplate(substr)] under substr; prior registration was null
2026-09-12T11:52:57.485-03:00 DEBUG 2448 --- [backend] [main] o.h.q.sqm.function.SqmFunctionRegistry   : Registered SqmFunctionTemplate [org.hibernate.query.sqm.function.PatternBasedSqmFunctionDescriptor@2168def] under position; prior registration was org.hibernate.dialect.function.LocatePositionEmulation@2fea9a7b
2026-09-12T11:52:57.485-03:00 DEBUG 2448 --- [backend] [main] o.h.q.sqm.function.SqmFunctionRegistry   : Registered SqmFunctionTemplate [NamedSqmFunctionTemplate(curtime)] under curtime; prior registration was null
2026-09-12T11:52:57.485-03:00 DEBUG 2448 --- [backend] [main] o.h.q.sqm.function.SqmFunctionRegistry   : Registered SqmFunctionTemplate [NamedSqmFunctionTemplate(curdate)] under curdate; prior registration was null
2026-09-12T11:52:57.486-03:00 DEBUG 2448 --- [backend] [main] o.h.q.sqm.function.SqmFunctionRegistry   : Registered SqmFunctionTemplate [NamedSqmFunctionTemplate(now)] under now; prior registration was null
2026-09-12T11:52:57.492-03:00 DEBUG 2448 --- [backend] [main] o.h.q.sqm.function.SqmFunctionRegistry   : Registered SqmFunctionTemplate [org.hibernate.dialect.function.TruncFunction@474619d9] under trunc; prior registration was null
2026-09-12T11:52:57.492-03:00 DEBUG 2448 --- [backend] [main] o.h.q.sqm.function.SqmFunctionRegistry   : Registering alternate key : truncate -> trunc
2026-09-12T11:52:57.492-03:00 DEBUG 2448 --- [backend] [main] o.h.q.sqm.function.SqmFunctionRegistry   : Registered SqmFunctionTemplate [NamedSqmFunctionTemplate(insert)] under insert; prior registration was null
2026-09-12T11:52:57.492-03:00 DEBUG 2448 --- [backend] [main] o.h.q.sqm.function.SqmFunctionRegistry   : Registered SqmFunctionTemplate [org.hibernate.query.sqm.function.PatternBasedSqmFunctionDescriptor@bb5f9d] under bitand; prior registration was null
2026-09-12T11:52:57.492-03:00 DEBUG 2448 --- [backend] [main] o.h.q.sqm.function.SqmFunctionRegistry   : Registered SqmFunctionTemplate [org.hibernate.query.sqm.function.PatternBasedSqmFunctionDescriptor@391dfe7c] under bitor; prior registration was null
2026-09-12T11:52:57.492-03:00 DEBUG 2448 --- [backend] [main] o.h.q.sqm.function.SqmFunctionRegistry   : Registered SqmFunctionTemplate [org.hibernate.query.sqm.function.PatternBasedSqmFunctionDescriptor@702cfbde] under bitxor; prior registration was null
2026-09-12T11:52:57.493-03:00 DEBUG 2448 --- [backend] [main] o.h.q.sqm.function.SqmFunctionRegistry   : Registered SqmFunctionTemplate [org.hibernate.query.sqm.function.PatternBasedSqmFunctionDescriptor@7d3bcd3] under bitnot; prior registration was null
2026-09-12T11:52:57.493-03:00 DEBUG 2448 --- [backend] [main] o.h.q.sqm.function.SqmFunctionRegistry   : Registered SqmFunctionTemplate [NamedSqmFunctionTemplate(bit_and)] under bit_and; prior registration was null
2026-09-12T11:52:57.493-03:00 DEBUG 2448 --- [backend] [main] o.h.q.sqm.function.SqmFunctionRegistry   : Registered SqmFunctionTemplate [NamedSqmFunctionTemplate(bit_or)] under bit_or; prior registration was null
2026-09-12T11:52:57.493-03:00 DEBUG 2448 --- [backend] [main] o.h.q.sqm.function.SqmFunctionRegistry   : Registered SqmFunctionTemplate [NamedSqmFunctionTemplate(stddev)] under stddev; prior registration was null
2026-09-12T11:52:57.493-03:00 DEBUG 2448 --- [backend] [main] o.h.q.sqm.function.SqmFunctionRegistry   : Registered SqmFunctionTemplate [NamedSqmFunctionTemplate(stddev_pop)] under stddev_pop; prior registration was null
2026-09-12T11:52:57.493-03:00 DEBUG 2448 --- [backend] [main] o.h.q.sqm.function.SqmFunctionRegistry   : Registered SqmFunctionTemplate [NamedSqmFunctionTemplate(stddev_samp)] under stddev_samp; prior registration was null
2026-09-12T11:52:57.493-03:00 DEBUG 2448 --- [backend] [main] o.h.q.sqm.function.SqmFunctionRegistry   : Registered SqmFunctionTemplate [NamedSqmFunctionTemplate(variance)] under variance; prior registration was null
2026-09-12T11:52:57.493-03:00 DEBUG 2448 --- [backend] [main] o.h.q.sqm.function.SqmFunctionRegistry   : Registered SqmFunctionTemplate [NamedSqmFunctionTemplate(var_pop)] under var_pop; prior registration was null
2026-09-12T11:52:57.493-03:00 DEBUG 2448 --- [backend] [main] o.h.q.sqm.function.SqmFunctionRegistry   : Registered SqmFunctionTemplate [NamedSqmFunctionTemplate(var_samp)] under var_samp; prior registration was null
2026-09-12T11:52:57.494-03:00 DEBUG 2448 --- [backend] [main] o.h.q.sqm.function.SqmFunctionRegistry   : Registered SqmFunctionTemplate [NamedSqmFunctionTemplate(datediff)] under datediff; prior registration was null
2026-09-12T11:52:57.495-03:00 DEBUG 2448 --- [backend] [main] o.h.q.sqm.function.SqmFunctionRegistry   : Registered SqmFunctionTemplate [NamedSqmFunctionTemplate(adddate)] under adddate; prior registration was null
2026-09-12T11:52:57.495-03:00 DEBUG 2448 --- [backend] [main] o.h.q.sqm.function.SqmFunctionRegistry   : Registered SqmFunctionTemplate [NamedSqmFunctionTemplate(subdate)] under subdate; prior registration was null
2026-09-12T11:52:57.495-03:00 DEBUG 2448 --- [backend] [main] o.h.q.sqm.function.SqmFunctionRegistry   : Registered SqmFunctionTemplate [NamedSqmFunctionTemplate(addtime)] under addtime; prior registration was null
2026-09-12T11:52:57.495-03:00 DEBUG 2448 --- [backend] [main] o.h.q.sqm.function.SqmFunctionRegistry   : Registered SqmFunctionTemplate [NamedSqmFunctionTemplate(subtime)] under subtime; prior registration was null
2026-09-12T11:52:57.495-03:00 DEBUG 2448 --- [backend] [main] o.h.q.sqm.function.SqmFunctionRegistry   : Registered SqmFunctionTemplate [org.hibernate.dialect.function.FormatFunction@5dce5c03] under format; prior registration was org.hibernate.dialect.function.FormatFunction@398694a6
2026-09-12T11:52:57.496-03:00 DEBUG 2448 --- [backend] [main] o.h.q.sqm.function.SqmFunctionRegistry   : Registered SqmFunctionTemplate [NamedSqmFunctionTemplate(makedate)] under makedate; prior registration was null
2026-09-12T11:52:57.496-03:00 DEBUG 2448 --- [backend] [main] o.h.q.sqm.function.SqmFunctionRegistry   : Registered SqmFunctionTemplate [NamedSqmFunctionTemplate(maketime)] under maketime; prior registration was null
2026-09-12T11:52:57.497-03:00 DEBUG 2448 --- [backend] [main] o.h.q.sqm.function.SqmFunctionRegistry   : Registered SqmFunctionTemplate [NamedSqmFunctionTemplate(localtime)] under localtime; prior registration was null
2026-09-12T11:52:57.498-03:00 DEBUG 2448 --- [backend] [main] o.h.q.sqm.function.SqmFunctionRegistry   : Registered SqmFunctionTemplate [NamedSqmFunctionTemplate(localtimestamp)] under localtimestamp; prior registration was null
2026-09-12T11:52:57.498-03:00 DEBUG 2448 --- [backend] [main] o.h.q.sqm.function.SqmFunctionRegistry   : Registered SqmFunctionTemplate [NamedSqmFunctionTemplate(localtime)] under local_time; prior registration was org.hibernate.dialect.function.CurrentFunction@2a531637
2026-09-12T11:52:57.498-03:00 DEBUG 2448 --- [backend] [main] o.h.q.sqm.function.SqmFunctionRegistry   : Registered SqmFunctionTemplate [NamedSqmFunctionTemplate(localtimestamp)] under local_datetime; prior registration was org.hibernate.dialect.function.CurrentFunction@539ee811
2026-09-12T11:52:57.498-03:00 DEBUG 2448 --- [backend] [main] o.h.q.sqm.function.SqmFunctionRegistry   : Registered SqmFunctionTemplate [NamedSqmFunctionTemplate(localtime)] under localtime; prior registration was NamedSqmFunctionTemplate(localtime)
2026-09-12T11:52:57.499-03:00 DEBUG 2448 --- [backend] [main] o.h.q.sqm.function.SqmFunctionRegistry   : Registered SqmFunctionTemplate [org.hibernate.query.sqm.function.PatternBasedSqmFunctionDescriptor@b76b7d8] under pi; prior registration was org.hibernate.query.sqm.function.PatternBasedSqmFunctionDescriptor@3dfc59c5
2026-09-12T11:52:57.499-03:00 DEBUG 2448 --- [backend] [main] o.h.q.sqm.function.SqmFunctionRegistry   : Registered SqmFunctionTemplate [org.hibernate.query.sqm.function.PatternBasedSqmFunctionDescriptor@1c135f63] under chr; prior registration was null
2026-09-12T11:52:57.499-03:00 DEBUG 2448 --- [backend] [main] o.h.q.sqm.function.SqmFunctionRegistry   : Registering alternate key : char -> chr
2026-09-12T11:52:57.499-03:00 DEBUG 2448 --- [backend] [main] o.h.q.sqm.function.SqmFunctionRegistry   : Registered SqmFunctionTemplate [org.hibernate.query.sqm.function.PatternBasedSqmFunctionDescriptor@63c4d16] under sysdate; prior registration was null
2026-09-12T11:52:57.500-03:00 DEBUG 2448 --- [backend] [main] o.h.q.sqm.function.SqmFunctionRegistry   : Registered SqmFunctionTemplate [org.hibernate.dialect.function.ListaggGroupConcatEmulation@75959b0c] under listagg; prior registration was null
2026-09-12T11:52:57.502-03:00 DEBUG 2448 --- [backend] [main] org.hibernate.HQL_FUNCTIONS              : abs(NUMERIC arg)
2026-09-12T11:52:57.503-03:00 DEBUG 2448 --- [backend] [main] org.hibernate.HQL_FUNCTIONS              : Double acos(NUMERIC arg)
2026-09-12T11:52:57.504-03:00 DEBUG 2448 --- [backend] [main] org.hibernate.HQL_FUNCTIONS              : adddate(DATE datetime, INTEGER days)
2026-09-12T11:52:57.504-03:00 DEBUG 2448 --- [backend] [main] org.hibernate.HQL_FUNCTIONS              : addtime(TIME datetime, TIME time)
2026-09-12T11:52:57.504-03:00 DEBUG 2448 --- [backend] [main] org.hibernate.HQL_FUNCTIONS              : Boolean any(BOOLEAN arg)
2026-09-12T11:52:57.504-03:00 DEBUG 2448 --- [backend] [main] org.hibernate.HQL_FUNCTIONS              : Integer ascii(STRING arg)
2026-09-12T11:52:57.505-03:00 DEBUG 2448 --- [backend] [main] org.hibernate.HQL_FUNCTIONS              : Double asin(NUMERIC arg)
2026-09-12T11:52:57.505-03:00 DEBUG 2448 --- [backend] [main] org.hibernate.HQL_FUNCTIONS              : Double atan(NUMERIC arg)
2026-09-12T11:52:57.505-03:00 DEBUG 2448 --- [backend] [main] org.hibernate.HQL_FUNCTIONS              : Double atan2(NUMERIC arg0, NUMERIC arg1)
2026-09-12T11:52:57.505-03:00 DEBUG 2448 --- [backend] [main] org.hibernate.HQL_FUNCTIONS              : avg(arg)
2026-09-12T11:52:57.505-03:00 DEBUG 2448 --- [backend] [main] org.hibernate.HQL_FUNCTIONS              : bit_and(arg)
2026-09-12T11:52:57.505-03:00 DEBUG 2448 --- [backend] [main] org.hibernate.HQL_FUNCTIONS              : Integer bit_length(STRING_OR_CLOB arg)
2026-09-12T11:52:57.506-03:00 DEBUG 2448 --- [backend] [main] org.hibernate.HQL_FUNCTIONS              : bit_or(arg)
2026-09-12T11:52:57.506-03:00 DEBUG 2448 --- [backend] [main] org.hibernate.HQL_FUNCTIONS              : bitand(arg0, arg1)
2026-09-12T11:52:57.506-03:00 DEBUG 2448 --- [backend] [main] org.hibernate.HQL_FUNCTIONS              : bitnot(arg)
2026-09-12T11:52:57.506-03:00 DEBUG 2448 --- [backend] [main] org.hibernate.HQL_FUNCTIONS              : bitor(arg0, arg1)
2026-09-12T11:52:57.506-03:00 DEBUG 2448 --- [backend] [main] org.hibernate.HQL_FUNCTIONS              : bitxor(arg0, arg1)
2026-09-12T11:52:57.506-03:00 DEBUG 2448 --- [backend] [main] org.hibernate.HQL_FUNCTIONS              : cast(arg as Type)
2026-09-12T11:52:57.507-03:00 DEBUG 2448 --- [backend] [main] org.hibernate.HQL_FUNCTIONS              : ceiling(NUMERIC arg)
2026-09-12T11:52:57.507-03:00 DEBUG 2448 --- [backend] [main] org.hibernate.HQL_FUNCTIONS              : Character char(INTEGER arg)
2026-09-12T11:52:57.507-03:00 DEBUG 2448 --- [backend] [main] org.hibernate.HQL_FUNCTIONS              : Integer character_length(STRING_OR_CLOB arg)
2026-09-12T11:52:57.507-03:00 DEBUG 2448 --- [backend] [main] org.hibernate.HQL_FUNCTIONS              : Character chr(INTEGER arg)
2026-09-12T11:52:57.507-03:00 DEBUG 2448 --- [backend] [main] org.hibernate.HQL_FUNCTIONS              : coalesce(arg0[, arg1[, ...]])
2026-09-12T11:52:57.507-03:00 DEBUG 2448 --- [backend] [main] org.hibernate.HQL_FUNCTIONS              : String collate(STRING string as COLLATION collation)
2026-09-12T11:52:57.507-03:00 DEBUG 2448 --- [backend] [main] org.hibernate.HQL_FUNCTIONS              : String concat(STRING string0[, STRING string1[, ...]])
2026-09-12T11:52:57.508-03:00 DEBUG 2448 --- [backend] [main] org.hibernate.HQL_FUNCTIONS              : Double cos(NUMERIC arg)
2026-09-12T11:52:57.508-03:00 DEBUG 2448 --- [backend] [main] org.hibernate.HQL_FUNCTIONS              : Double cosh(NUMERIC arg)
2026-09-12T11:52:57.508-03:00 DEBUG 2448 --- [backend] [main] org.hibernate.HQL_FUNCTIONS              : Double cot(NUMERIC arg)
2026-09-12T11:52:57.508-03:00 DEBUG 2448 --- [backend] [main] org.hibernate.HQL_FUNCTIONS              : Long count([distinct ]{arg|*})
2026-09-12T11:52:57.508-03:00 DEBUG 2448 --- [backend] [main] org.hibernate.HQL_FUNCTIONS              : Integer crc32(arg)
2026-09-12T11:52:57.508-03:00 DEBUG 2448 --- [backend] [main] org.hibernate.HQL_FUNCTIONS              : Date curdate()
2026-09-12T11:52:57.508-03:00 DEBUG 2448 --- [backend] [main] org.hibernate.HQL_FUNCTIONS              : Date current date
2026-09-12T11:52:57.508-03:00 DEBUG 2448 --- [backend] [main] org.hibernate.HQL_FUNCTIONS              : Time current time
2026-09-12T11:52:57.508-03:00 DEBUG 2448 --- [backend] [main] org.hibernate.HQL_FUNCTIONS              : Timestamp current timestamp
2026-09-12T11:52:57.508-03:00 DEBUG 2448 --- [backend] [main] org.hibernate.HQL_FUNCTIONS              : Date current_date
2026-09-12T11:52:57.508-03:00 DEBUG 2448 --- [backend] [main] org.hibernate.HQL_FUNCTIONS              : Instant current_instant
2026-09-12T11:52:57.509-03:00 DEBUG 2448 --- [backend] [main] org.hibernate.HQL_FUNCTIONS              : Time current_time
2026-09-12T11:52:57.509-03:00 DEBUG 2448 --- [backend] [main] org.hibernate.HQL_FUNCTIONS              : Timestamp current_timestamp
2026-09-12T11:52:57.509-03:00 DEBUG 2448 --- [backend] [main] org.hibernate.HQL_FUNCTIONS              : Time curtime()
2026-09-12T11:52:57.509-03:00 DEBUG 2448 --- [backend] [main] org.hibernate.HQL_FUNCTIONS              : Date date(arg)
2026-09-12T11:52:57.509-03:00 DEBUG 2448 --- [backend] [main] org.hibernate.HQL_FUNCTIONS              : dateadd(TEMPORAL_UNIT field, INTEGER magnitude, TEMPORAL datetime)
2026-09-12T11:52:57.509-03:00 DEBUG 2448 --- [backend] [main] org.hibernate.HQL_FUNCTIONS              : Integer datediff(DATE end, DATE start)
2026-09-12T11:52:57.509-03:00 DEBUG 2448 --- [backend] [main] org.hibernate.HQL_FUNCTIONS              : Integer day(DATE arg)
2026-09-12T11:52:57.509-03:00 DEBUG 2448 --- [backend] [main] org.hibernate.HQL_FUNCTIONS              : String dayname(DATE arg)
2026-09-12T11:52:57.509-03:00 DEBUG 2448 --- [backend] [main] org.hibernate.HQL_FUNCTIONS              : Integer dayofmonth(DATE arg)
2026-09-12T11:52:57.510-03:00 DEBUG 2448 --- [backend] [main] org.hibernate.HQL_FUNCTIONS              : Integer dayofweek(DATE arg)
2026-09-12T11:52:57.510-03:00 DEBUG 2448 --- [backend] [main] org.hibernate.HQL_FUNCTIONS              : Integer dayofyear(DATE arg)
2026-09-12T11:52:57.510-03:00 DEBUG 2448 --- [backend] [main] org.hibernate.HQL_FUNCTIONS              : Double degrees(NUMERIC arg)
2026-09-12T11:52:57.510-03:00 DEBUG 2448 --- [backend] [main] org.hibernate.HQL_FUNCTIONS              : Boolean every(BOOLEAN arg)
2026-09-12T11:52:57.510-03:00 DEBUG 2448 --- [backend] [main] org.hibernate.HQL_FUNCTIONS              : Double exp(NUMERIC arg)
2026-09-12T11:52:57.510-03:00 DEBUG 2448 --- [backend] [main] org.hibernate.HQL_FUNCTIONS              : extract(TEMPORAL_UNIT field from TEMPORAL arg)
2026-09-12T11:52:57.510-03:00 DEBUG 2448 --- [backend] [main] org.hibernate.HQL_FUNCTIONS              : floor(NUMERIC arg)
2026-09-12T11:52:57.510-03:00 DEBUG 2448 --- [backend] [main] org.hibernate.HQL_FUNCTIONS              : String format(TEMPORAL datetime as STRING pattern)
2026-09-12T11:52:57.510-03:00 DEBUG 2448 --- [backend] [main] org.hibernate.HQL_FUNCTIONS              : greatest(COMPARABLE arg0, COMPARABLE arg1[, arg2[, ...]])
2026-09-12T11:52:57.511-03:00 DEBUG 2448 --- [backend] [main] org.hibernate.HQL_FUNCTIONS              : Integer hour(TIME arg)
2026-09-12T11:52:57.511-03:00 DEBUG 2448 --- [backend] [main] org.hibernate.HQL_FUNCTIONS              : ifnull(arg0, arg1)
2026-09-12T11:52:57.512-03:00 DEBUG 2448 --- [backend] [main] org.hibernate.HQL_FUNCTIONS              : String insert(STRING string, INTEGER start, INTEGER length, STRING replacement)
2026-09-12T11:52:57.512-03:00 DEBUG 2448 --- [backend] [main] org.hibernate.HQL_FUNCTIONS              : Instant instant
2026-09-12T11:52:57.512-03:00 DEBUG 2448 --- [backend] [main] org.hibernate.HQL_FUNCTIONS              : Integer instr(STRING string, STRING pattern[, INTEGER start[, INTEGER occurrence]])
2026-09-12T11:52:57.513-03:00 DEBUG 2448 --- [backend] [main] org.hibernate.HQL_FUNCTIONS              : Date last_day(DATE arg)
2026-09-12T11:52:57.514-03:00 DEBUG 2448 --- [backend] [main] org.hibernate.HQL_FUNCTIONS              : least(COMPARABLE arg0, COMPARABLE arg1[, arg2[, ...]])
2026-09-12T11:52:57.514-03:00 DEBUG 2448 --- [backend] [main] org.hibernate.HQL_FUNCTIONS              : String left(STRING string, INTEGER length)
2026-09-12T11:52:57.515-03:00 DEBUG 2448 --- [backend] [main] org.hibernate.HQL_FUNCTIONS              : Integer length(STRING_OR_CLOB arg)
2026-09-12T11:52:57.515-03:00 DEBUG 2448 --- [backend] [main] org.hibernate.HQL_FUNCTIONS              : String listagg(STRING arg0, STRING arg1)
2026-09-12T11:52:57.515-03:00 DEBUG 2448 --- [backend] [main] org.hibernate.HQL_FUNCTIONS              : Double ln(NUMERIC arg)
2026-09-12T11:52:57.515-03:00 DEBUG 2448 --- [backend] [main] org.hibernate.HQL_FUNCTIONS              : LocalDate local date
2026-09-12T11:52:57.515-03:00 DEBUG 2448 --- [backend] [main] org.hibernate.HQL_FUNCTIONS              : LocalDateTime local datetime
2026-09-12T11:52:57.515-03:00 DEBUG 2448 --- [backend] [main] org.hibernate.HQL_FUNCTIONS              : LocalTime local time
2026-09-12T11:52:57.515-03:00 DEBUG 2448 --- [backend] [main] org.hibernate.HQL_FUNCTIONS              : LocalDate local_date
2026-09-12T11:52:57.515-03:00 DEBUG 2448 --- [backend] [main] org.hibernate.HQL_FUNCTIONS              : LocalDateTime local_datetime
2026-09-12T11:52:57.516-03:00 DEBUG 2448 --- [backend] [main] org.hibernate.HQL_FUNCTIONS              : LocalTime local_time
2026-09-12T11:52:57.516-03:00 DEBUG 2448 --- [backend] [main] org.hibernate.HQL_FUNCTIONS              : Timestamp localtime
2026-09-12T11:52:57.516-03:00 DEBUG 2448 --- [backend] [main] org.hibernate.HQL_FUNCTIONS              : Timestamp localtimestamp
2026-09-12T11:52:57.516-03:00 DEBUG 2448 --- [backend] [main] org.hibernate.HQL_FUNCTIONS              : Integer locate(STRING pattern, STRING string[, INTEGER start])
2026-09-12T11:52:57.516-03:00 DEBUG 2448 --- [backend] [main] org.hibernate.HQL_FUNCTIONS              : Double log(NUMERIC arg0[, NUMERIC arg1])
2026-09-12T11:52:57.516-03:00 DEBUG 2448 --- [backend] [main] org.hibernate.HQL_FUNCTIONS              : Double log10(NUMERIC arg)
2026-09-12T11:52:57.516-03:00 DEBUG 2448 --- [backend] [main] org.hibernate.HQL_FUNCTIONS              : Double log2(NUMERIC arg)
2026-09-12T11:52:57.516-03:00 DEBUG 2448 --- [backend] [main] org.hibernate.HQL_FUNCTIONS              : String lower(STRING string)
2026-09-12T11:52:57.516-03:00 DEBUG 2448 --- [backend] [main] org.hibernate.HQL_FUNCTIONS              : String lpad(string, length[, padding])
2026-09-12T11:52:57.516-03:00 DEBUG 2448 --- [backend] [main] org.hibernate.HQL_FUNCTIONS              : String ltrim(STRING string[, STRING characters])
2026-09-12T11:52:57.516-03:00 DEBUG 2448 --- [backend] [main] org.hibernate.HQL_FUNCTIONS              : Date makedate(INTEGER year, INTEGER dayofyear)
2026-09-12T11:52:57.516-03:00 DEBUG 2448 --- [backend] [main] org.hibernate.HQL_FUNCTIONS              : Time maketime(INTEGER hour, INTEGER min, INTEGER sec)
2026-09-12T11:52:57.517-03:00 DEBUG 2448 --- [backend] [main] org.hibernate.HQL_FUNCTIONS              : max(COMPARABLE arg)
2026-09-12T11:52:57.517-03:00 DEBUG 2448 --- [backend] [main] org.hibernate.HQL_FUNCTIONS              : String md5(arg)
2026-09-12T11:52:57.517-03:00 DEBUG 2448 --- [backend] [main] org.hibernate.HQL_FUNCTIONS              : Integer microsecond(TIME arg)
2026-09-12T11:52:57.517-03:00 DEBUG 2448 --- [backend] [main] org.hibernate.HQL_FUNCTIONS              : min(COMPARABLE arg)
2026-09-12T11:52:57.517-03:00 DEBUG 2448 --- [backend] [main] org.hibernate.HQL_FUNCTIONS              : Integer minute(TIME arg)
2026-09-12T11:52:57.517-03:00 DEBUG 2448 --- [backend] [main] org.hibernate.HQL_FUNCTIONS              : Integer mod(INTEGER arg0, INTEGER arg1)
2026-09-12T11:52:57.517-03:00 DEBUG 2448 --- [backend] [main] org.hibernate.HQL_FUNCTIONS              : Integer month(DATE arg)
2026-09-12T11:52:57.517-03:00 DEBUG 2448 --- [backend] [main] org.hibernate.HQL_FUNCTIONS              : String monthname(DATE arg)
2026-09-12T11:52:57.517-03:00 DEBUG 2448 --- [backend] [main] org.hibernate.HQL_FUNCTIONS              : Timestamp now()
2026-09-12T11:52:57.517-03:00 DEBUG 2448 --- [backend] [main] org.hibernate.HQL_FUNCTIONS              : nullif(arg0, arg1)
2026-09-12T11:52:57.517-03:00 DEBUG 2448 --- [backend] [main] org.hibernate.HQL_FUNCTIONS              : Integer octet_length(STRING_OR_CLOB arg)
2026-09-12T11:52:57.517-03:00 DEBUG 2448 --- [backend] [main] org.hibernate.HQL_FUNCTIONS              : OffsetDateTime offset datetime
2026-09-12T11:52:57.517-03:00 DEBUG 2448 --- [backend] [main] org.hibernate.HQL_FUNCTIONS              : OffsetDateTime offset_datetime
2026-09-12T11:52:57.517-03:00 DEBUG 2448 --- [backend] [main] org.hibernate.HQL_FUNCTIONS              : String overlay(STRING string placing STRING replacement from INTEGER start[ for INTEGER length])
2026-09-12T11:52:57.518-03:00 DEBUG 2448 --- [backend] [main] org.hibernate.HQL_FUNCTIONS              : String pad(STRING string with INTEGER length {leading|trailing}[ STRING character])
2026-09-12T11:52:57.518-03:00 DEBUG 2448 --- [backend] [main] org.hibernate.HQL_FUNCTIONS              : Double pi
2026-09-12T11:52:57.518-03:00 DEBUG 2448 --- [backend] [main] org.hibernate.HQL_FUNCTIONS              : Integer position(STRING pattern in STRING string)
2026-09-12T11:52:57.518-03:00 DEBUG 2448 --- [backend] [main] org.hibernate.HQL_FUNCTIONS              : Double power(NUMERIC arg0, NUMERIC arg1)
2026-09-12T11:52:57.518-03:00 DEBUG 2448 --- [backend] [main] org.hibernate.HQL_FUNCTIONS              : Integer quarter(DATE arg)
2026-09-12T11:52:57.518-03:00 DEBUG 2448 --- [backend] [main] org.hibernate.HQL_FUNCTIONS              : Double radians(NUMERIC arg)
2026-09-12T11:52:57.518-03:00 DEBUG 2448 --- [backend] [main] org.hibernate.HQL_FUNCTIONS              : Double rand([INTEGER seed])
2026-09-12T11:52:57.518-03:00 DEBUG 2448 --- [backend] [main] org.hibernate.HQL_FUNCTIONS              : String repeat(STRING string, INTEGER times)
2026-09-12T11:52:57.518-03:00 DEBUG 2448 --- [backend] [main] org.hibernate.HQL_FUNCTIONS              : String replace(STRING string, STRING pattern, STRING replacement)
2026-09-12T11:52:57.518-03:00 DEBUG 2448 --- [backend] [main] org.hibernate.HQL_FUNCTIONS              : String reverse(STRING arg)
2026-09-12T11:52:57.518-03:00 DEBUG 2448 --- [backend] [main] org.hibernate.HQL_FUNCTIONS              : String right(STRING string, INTEGER length)
2026-09-12T11:52:57.518-03:00 DEBUG 2448 --- [backend] [main] org.hibernate.HQL_FUNCTIONS              : round(NUMERIC number[, INTEGER places])
2026-09-12T11:52:57.518-03:00 DEBUG 2448 --- [backend] [main] org.hibernate.HQL_FUNCTIONS              : String rpad(string, length[, padding])
2026-09-12T11:52:57.518-03:00 DEBUG 2448 --- [backend] [main] org.hibernate.HQL_FUNCTIONS              : String rtrim(STRING string[, STRING characters])
2026-09-12T11:52:57.519-03:00 DEBUG 2448 --- [backend] [main] org.hibernate.HQL_FUNCTIONS              : Integer second(TIME arg)
2026-09-12T11:52:57.519-03:00 DEBUG 2448 --- [backend] [main] org.hibernate.HQL_FUNCTIONS              : String sha(arg)
2026-09-12T11:52:57.519-03:00 DEBUG 2448 --- [backend] [main] org.hibernate.HQL_FUNCTIONS              : String sha1(arg)
2026-09-12T11:52:57.519-03:00 DEBUG 2448 --- [backend] [main] org.hibernate.HQL_FUNCTIONS              : String sha2(arg0, arg1)
2026-09-12T11:52:57.519-03:00 DEBUG 2448 --- [backend] [main] org.hibernate.HQL_FUNCTIONS              : Integer sign(NUMERIC arg)
2026-09-12T11:52:57.520-03:00 DEBUG 2448 --- [backend] [main] org.hibernate.HQL_FUNCTIONS              : Double sin(NUMERIC arg)
2026-09-12T11:52:57.520-03:00 DEBUG 2448 --- [backend] [main] org.hibernate.HQL_FUNCTIONS              : Double sinh(NUMERIC arg)
2026-09-12T11:52:57.520-03:00 DEBUG 2448 --- [backend] [main] org.hibernate.HQL_FUNCTIONS              : String soundex(arg)
2026-09-12T11:52:57.521-03:00 DEBUG 2448 --- [backend] [main] org.hibernate.HQL_FUNCTIONS              : String space(INTEGER arg)
2026-09-12T11:52:57.521-03:00 DEBUG 2448 --- [backend] [main] org.hibernate.HQL_FUNCTIONS              : Object sql
2026-09-12T11:52:57.521-03:00 DEBUG 2448 --- [backend] [main] org.hibernate.HQL_FUNCTIONS              : Double sqrt(NUMERIC arg)
2026-09-12T11:52:57.521-03:00 DEBUG 2448 --- [backend] [main] org.hibernate.HQL_FUNCTIONS              : Double stddev(NUMERIC arg)
2026-09-12T11:52:57.521-03:00 DEBUG 2448 --- [backend] [main] org.hibernate.HQL_FUNCTIONS              : Double stddev_pop(NUMERIC arg)
2026-09-12T11:52:57.521-03:00 DEBUG 2448 --- [backend] [main] org.hibernate.HQL_FUNCTIONS              : Double stddev_samp(NUMERIC arg)
2026-09-12T11:52:57.521-03:00 DEBUG 2448 --- [backend] [main] org.hibernate.HQL_FUNCTIONS              : String str(arg)
2026-09-12T11:52:57.521-03:00 DEBUG 2448 --- [backend] [main] org.hibernate.HQL_FUNCTIONS              : subdate(DATE datetime, INTEGER days)
2026-09-12T11:52:57.522-03:00 DEBUG 2448 --- [backend] [main] org.hibernate.HQL_FUNCTIONS              : String substr(STRING string, INTEGER start[, INTEGER length])
2026-09-12T11:52:57.522-03:00 DEBUG 2448 --- [backend] [main] org.hibernate.HQL_FUNCTIONS              : String substring(STRING string{ from|,} INTEGER start[{ for|,} INTEGER length])
2026-09-12T11:52:57.522-03:00 DEBUG 2448 --- [backend] [main] org.hibernate.HQL_FUNCTIONS              : subtime(TIME datetime, TIME time)
2026-09-12T11:52:57.522-03:00 DEBUG 2448 --- [backend] [main] org.hibernate.HQL_FUNCTIONS              : sum(arg)
2026-09-12T11:52:57.522-03:00 DEBUG 2448 --- [backend] [main] org.hibernate.HQL_FUNCTIONS              : Timestamp sysdate()
2026-09-12T11:52:57.522-03:00 DEBUG 2448 --- [backend] [main] org.hibernate.HQL_FUNCTIONS              : Double tan(NUMERIC arg)
2026-09-12T11:52:57.523-03:00 DEBUG 2448 --- [backend] [main] org.hibernate.HQL_FUNCTIONS              : Double tanh(NUMERIC arg)
2026-09-12T11:52:57.523-03:00 DEBUG 2448 --- [backend] [main] org.hibernate.HQL_FUNCTIONS              : String time(arg)
2026-09-12T11:52:57.523-03:00 DEBUG 2448 --- [backend] [main] org.hibernate.HQL_FUNCTIONS              : Timestamp timestamp(arg0[, arg1])
2026-09-12T11:52:57.523-03:00 DEBUG 2448 --- [backend] [main] org.hibernate.HQL_FUNCTIONS              : timestampadd(TEMPORAL_UNIT field, INTEGER magnitude, TEMPORAL datetime)
2026-09-12T11:52:57.524-03:00 DEBUG 2448 --- [backend] [main] org.hibernate.HQL_FUNCTIONS              : Long|Double timestampdiff(TEMPORAL_UNIT field, TEMPORAL start, TEMPORAL end)
2026-09-12T11:52:57.524-03:00 DEBUG 2448 --- [backend] [main] org.hibernate.HQL_FUNCTIONS              : String trim([[{leading|trailing|both} ][STRING arg0 ]from] STRING arg1)
2026-09-12T11:52:57.524-03:00 DEBUG 2448 --- [backend] [main] org.hibernate.HQL_FUNCTIONS              : trunc( ... )
2026-09-12T11:52:57.524-03:00 DEBUG 2448 --- [backend] [main] org.hibernate.HQL_FUNCTIONS              : truncate( ... )
2026-09-12T11:52:57.524-03:00 DEBUG 2448 --- [backend] [main] org.hibernate.HQL_FUNCTIONS              : String upper(STRING string)
2026-09-12T11:52:57.524-03:00 DEBUG 2448 --- [backend] [main] org.hibernate.HQL_FUNCTIONS              : Date utc_date
2026-09-12T11:52:57.524-03:00 DEBUG 2448 --- [backend] [main] org.hibernate.HQL_FUNCTIONS              : Time utc_time
2026-09-12T11:52:57.524-03:00 DEBUG 2448 --- [backend] [main] org.hibernate.HQL_FUNCTIONS              : Timestamp utc_timestamp
2026-09-12T11:52:57.525-03:00 DEBUG 2448 --- [backend] [main] org.hibernate.HQL_FUNCTIONS              : Double var_pop(NUMERIC arg)
2026-09-12T11:52:57.525-03:00 DEBUG 2448 --- [backend] [main] org.hibernate.HQL_FUNCTIONS              : Double var_samp(NUMERIC arg)
2026-09-12T11:52:57.525-03:00 DEBUG 2448 --- [backend] [main] org.hibernate.HQL_FUNCTIONS              : Double variance(NUMERIC arg)
2026-09-12T11:52:57.525-03:00 DEBUG 2448 --- [backend] [main] org.hibernate.HQL_FUNCTIONS              : Integer week(DATE arg)
2026-09-12T11:52:57.525-03:00 DEBUG 2448 --- [backend] [main] org.hibernate.HQL_FUNCTIONS              : Integer year(DATE arg)
2026-09-12T11:52:57.536-03:00 DEBUG 2448 --- [backend] [main] org.hibernate.orm.query.plan.cache       : Starting QueryInterpretationCache(2048)
2026-09-12T11:52:57.539-03:00 TRACE 2448 --- [backend] [main] o.h.s.i.AbstractServiceRegistryImpl      : Initializing service [role=org.hibernate.engine.query.spi.NativeQueryInterpreter]
2026-09-12T11:52:57.621-03:00 DEBUG 2448 --- [backend] [main] .h.s.i.SessionFactoryServiceRegistryImpl : EventListenerRegistry access via ServiceRegistry is deprecated.  Use `sessionFactory.getEventEngine().getListenerRegistry()` instead
2026-09-12T11:52:57.621-03:00 TRACE 2448 --- [backend] [main] o.h.s.i.AbstractServiceRegistryImpl      : Initializing service [role=org.hibernate.engine.jdbc.mutation.spi.MutationExecutorService]
2026-09-12T11:52:57.622-03:00 TRACE 2448 --- [backend] [main] o.h.s.i.AbstractServiceRegistryImpl      : Initializing service [role=org.hibernate.event.spi.EntityCopyObserverFactory]
2026-09-12T11:52:57.622-03:00 DEBUG 2448 --- [backend] [main] h.e.i.EntityCopyObserverFactoryInitiator : Configured EntityCopyObserver strategy: disallow
2026-09-12T11:52:57.624-03:00 TRACE 2448 --- [backend] [main] o.h.s.i.AbstractServiceRegistryImpl      : Initializing service [role=org.hibernate.sql.results.jdbc.spi.JdbcValuesMappingProducerProvider]
2026-09-12T11:52:57.632-03:00 TRACE 2448 --- [backend] [main] o.h.s.i.AbstractServiceRegistryImpl      : Initializing service [role=org.hibernate.engine.jdbc.batch.spi.BatchBuilder]
2026-09-12T11:52:57.638-03:00 TRACE 2448 --- [backend] [main] org.hibernate.orm.jdbc.batch             : Using standard BatchBuilder (1)
2026-09-12T11:52:57.643-03:00 TRACE 2448 --- [backend] [main] o.h.s.i.AbstractServiceRegistryImpl      : Initializing service [role=org.hibernate.persister.spi.PersisterFactory]
2026-09-12T11:52:57.645-03:00 TRACE 2448 --- [backend] [main] o.h.s.i.AbstractServiceRegistryImpl      : Initializing service [role=org.hibernate.persister.spi.PersisterClassResolver]
2026-09-12T11:52:57.739-03:00 DEBUG 2448 --- [backend] [main] o.h.boot.internal.ClassLoaderAccessImpl  : Not known whether passed class name [com.duoc.backend.User] is safe
2026-09-12T11:52:57.740-03:00 DEBUG 2448 --- [backend] [main] o.h.boot.internal.ClassLoaderAccessImpl  : No temp ClassLoader provided; using live ClassLoader for loading potentially unsafe class : com.duoc.backend.User
2026-09-12T11:52:57.747-03:00 TRACE 2448 --- [backend] [main] o.h.s.i.AbstractServiceRegistryImpl      : Initializing service [role=org.hibernate.property.access.spi.PropertyAccessStrategyResolver]
2026-09-12T11:52:57.959-03:00 DEBUG 2448 --- [backend] [main] o.h.b.i.bytebuddy.BytecodeProviderImpl   : HHH000513: Unable to create the ReflectionOptimizer for [com.duoc.backend.User]: private accessor [email]
2026-09-12T11:52:57.998-03:00 TRACE 2448 --- [backend] [main] o.h.p.entity.AbstractPropertyMapping     : Skipping duplicate registration of path [email], existing type = [basicType@7(java.lang.String,12)], incoming type = [basicType@7(java.lang.String,12)]
2026-09-12T11:52:57.999-03:00 TRACE 2448 --- [backend] [main] o.h.p.entity.AbstractPropertyMapping     : Skipping duplicate registration of path [password], existing type = [basicType@7(java.lang.String,12)], incoming type = [basicType@7(java.lang.String,12)]
2026-09-12T11:52:57.999-03:00 TRACE 2448 --- [backend] [main] o.h.p.entity.AbstractPropertyMapping     : Skipping duplicate registration of path [username], existing type = [basicType@7(java.lang.String,12)], incoming type = [basicType@7(java.lang.String,12)]
2026-09-12T11:52:57.999-03:00 TRACE 2448 --- [backend] [main] o.h.p.entity.AbstractPropertyMapping     : Skipping duplicate registration of path [id], existing type = [basicType@10(java.lang.Integer,4)], incoming type = [basicType@10(java.lang.Integer,4)]
2026-09-12T11:52:58.000-03:00 DEBUG 2448 --- [backend] [main] o.h.boot.internal.ClassLoaderAccessImpl  : Not known whether passed class name [com.duoc.backend.Appointment.Appointment] is safe
2026-09-12T11:52:58.000-03:00 DEBUG 2448 --- [backend] [main] o.h.boot.internal.ClassLoaderAccessImpl  : No temp ClassLoader provided; using live ClassLoader for loading potentially unsafe class : com.duoc.backend.Appointment.Appointment
2026-09-12T11:52:58.020-03:00 DEBUG 2448 --- [backend] [main] o.h.b.i.bytebuddy.BytecodeProviderImpl   : HHH000513: Unable to create the ReflectionOptimizer for [com.duoc.backend.Appointment.Appointment]: private accessor [date]
2026-09-12T11:52:58.022-03:00 TRACE 2448 --- [backend] [main] o.h.p.entity.AbstractPropertyMapping     : Skipping duplicate registration of path [date], existing type = [basicType@6(java.time.LocalDate,91)], incoming type = [basicType@6(java.time.LocalDate,91)]
2026-09-12T11:52:58.023-03:00 TRACE 2448 --- [backend] [main] o.h.p.entity.AbstractPropertyMapping     : Skipping duplicate registration of path [reason], existing type = [basicType@7(java.lang.String,12)], incoming type = [basicType@7(java.lang.String,12)]
2026-09-12T11:52:58.023-03:00 TRACE 2448 --- [backend] [main] o.h.p.entity.AbstractPropertyMapping     : Skipping duplicate registration of path [time], existing type = [basicType@8(java.time.LocalTime,92)], incoming type = [basicType@8(java.time.LocalTime,92)]
2026-09-12T11:52:58.023-03:00 TRACE 2448 --- [backend] [main] o.h.p.entity.AbstractPropertyMapping     : Skipping duplicate registration of path [veterinarian], existing type = [basicType@7(java.lang.String,12)], incoming type = [basicType@7(java.lang.String,12)]
2026-09-12T11:52:58.023-03:00 TRACE 2448 --- [backend] [main] o.h.p.entity.AbstractPropertyMapping     : Skipping duplicate registration of path [id], existing type = [basicType@5(java.lang.Long,-5)], incoming type = [basicType@5(java.lang.Long,-5)]
2026-09-12T11:52:58.023-03:00 DEBUG 2448 --- [backend] [main] o.h.boot.internal.ClassLoaderAccessImpl  : Not known whether passed class name [com.duoc.backend.Patient.Patient] is safe
2026-09-12T11:52:58.023-03:00 DEBUG 2448 --- [backend] [main] o.h.boot.internal.ClassLoaderAccessImpl  : No temp ClassLoader provided; using live ClassLoader for loading potentially unsafe class : com.duoc.backend.Patient.Patient
2026-09-12T11:52:58.055-03:00 DEBUG 2448 --- [backend] [main] o.h.b.i.bytebuddy.BytecodeProviderImpl   : HHH000513: Unable to create the ReflectionOptimizer for [com.duoc.backend.Patient.Patient]: private accessor [age]
2026-09-12T11:52:58.058-03:00 TRACE 2448 --- [backend] [main] o.h.p.entity.AbstractPropertyMapping     : Skipping duplicate registration of path [age], existing type = [basicType@10(java.lang.Integer,4)], incoming type = [basicType@10(java.lang.Integer,4)]
2026-09-12T11:52:58.058-03:00 TRACE 2448 --- [backend] [main] o.h.p.entity.AbstractPropertyMapping     : Skipping duplicate registration of path [breed], existing type = [basicType@7(java.lang.String,12)], incoming type = [basicType@7(java.lang.String,12)]
2026-09-12T11:52:58.058-03:00 TRACE 2448 --- [backend] [main] o.h.p.entity.AbstractPropertyMapping     : Skipping duplicate registration of path [name], existing type = [basicType@7(java.lang.String,12)], incoming type = [basicType@7(java.lang.String,12)]
2026-09-12T11:52:58.058-03:00 TRACE 2448 --- [backend] [main] o.h.p.entity.AbstractPropertyMapping     : Skipping duplicate registration of path [owner], existing type = [basicType@7(java.lang.String,12)], incoming type = [basicType@7(java.lang.String,12)]
2026-09-12T11:52:58.058-03:00 TRACE 2448 --- [backend] [main] o.h.p.entity.AbstractPropertyMapping     : Skipping duplicate registration of path [species], existing type = [basicType@7(java.lang.String,12)], incoming type = [basicType@7(java.lang.String,12)]
2026-09-12T11:52:58.058-03:00 TRACE 2448 --- [backend] [main] o.h.p.entity.AbstractPropertyMapping     : Skipping duplicate registration of path [id], existing type = [basicType@5(java.lang.Long,-5)], incoming type = [basicType@5(java.lang.Long,-5)]
2026-09-12T11:52:58.060-03:00 DEBUG 2448 --- [backend] [main] o.h.boot.internal.ClassLoaderAccessImpl  : Not known whether passed class name [com.duoc.backend.Invoice.Invoice] is safe
2026-09-12T11:52:58.060-03:00 DEBUG 2448 --- [backend] [main] o.h.boot.internal.ClassLoaderAccessImpl  : No temp ClassLoader provided; using live ClassLoader for loading potentially unsafe class : com.duoc.backend.Invoice.Invoice
2026-09-12T11:52:58.089-03:00 DEBUG 2448 --- [backend] [main] o.h.b.i.bytebuddy.BytecodeProviderImpl   : HHH000513: Unable to create the ReflectionOptimizer for [com.duoc.backend.Invoice.Invoice]: private accessor [cares]
2026-09-12T11:52:58.090-03:00 TRACE 2448 --- [backend] [main] o.h.p.entity.AbstractPropertyMapping     : Skipping duplicate registration of path [cares], existing type = [org.hibernate.type.BagType(com.duoc.backend.Invoice.Invoice.cares)], incoming type = [org.hibernate.type.BagType(com.duoc.backend.Invoice.Invoice.cares)]
2026-09-12T11:52:58.090-03:00 TRACE 2448 --- [backend] [main] o.h.p.entity.AbstractPropertyMapping     : Skipping duplicate registration of path [date], existing type = [basicType@6(java.time.LocalDate,91)], incoming type = [basicType@6(java.time.LocalDate,91)]
2026-09-12T11:52:58.090-03:00 TRACE 2448 --- [backend] [main] o.h.p.entity.AbstractPropertyMapping     : Skipping duplicate registration of path [medications], existing type = [org.hibernate.type.BagType(com.duoc.backend.Invoice.Invoice.medications)], incoming type = [org.hibernate.type.BagType(com.duoc.backend.Invoice.Invoice.medications)]
2026-09-12T11:52:58.090-03:00 TRACE 2448 --- [backend] [main] o.h.p.entity.AbstractPropertyMapping     : Skipping duplicate registration of path [patientName], existing type = [basicType@7(java.lang.String,12)], incoming type = [basicType@7(java.lang.String,12)]
2026-09-12T11:52:58.091-03:00 TRACE 2448 --- [backend] [main] o.h.p.entity.AbstractPropertyMapping     : Skipping duplicate registration of path [time], existing type = [basicType@8(java.time.LocalTime,92)], incoming type = [basicType@8(java.time.LocalTime,92)]
2026-09-12T11:52:58.091-03:00 TRACE 2448 --- [backend] [main] o.h.p.entity.AbstractPropertyMapping     : Skipping duplicate registration of path [totalCost], existing type = [basicType@9(java.lang.Double,8)], incoming type = [basicType@9(java.lang.Double,8)]
2026-09-12T11:52:58.091-03:00 TRACE 2448 --- [backend] [main] o.h.p.entity.AbstractPropertyMapping     : Skipping duplicate registration of path [id], existing type = [basicType@5(java.lang.Long,-5)], incoming type = [basicType@5(java.lang.Long,-5)]
2026-09-12T11:52:58.091-03:00 DEBUG 2448 --- [backend] [main] o.h.boot.internal.ClassLoaderAccessImpl  : Not known whether passed class name [com.duoc.backend.Medication.Medication] is safe
2026-09-12T11:52:58.091-03:00 DEBUG 2448 --- [backend] [main] o.h.boot.internal.ClassLoaderAccessImpl  : No temp ClassLoader provided; using live ClassLoader for loading potentially unsafe class : com.duoc.backend.Medication.Medication
2026-09-12T11:52:58.105-03:00 DEBUG 2448 --- [backend] [main] o.h.b.i.bytebuddy.BytecodeProviderImpl   : HHH000513: Unable to create the ReflectionOptimizer for [com.duoc.backend.Medication.Medication]: private accessor [cost]
2026-09-12T11:52:58.106-03:00 TRACE 2448 --- [backend] [main] o.h.p.entity.AbstractPropertyMapping     : Skipping duplicate registration of path [cost], existing type = [basicType@9(java.lang.Double,8)], incoming type = [basicType@9(java.lang.Double,8)]
2026-09-12T11:52:58.107-03:00 TRACE 2448 --- [backend] [main] o.h.p.entity.AbstractPropertyMapping     : Skipping duplicate registration of path [name], existing type = [basicType@7(java.lang.String,12)], incoming type = [basicType@7(java.lang.String,12)]
2026-09-12T11:52:58.107-03:00 TRACE 2448 --- [backend] [main] o.h.p.entity.AbstractPropertyMapping     : Skipping duplicate registration of path [id], existing type = [basicType@5(java.lang.Long,-5)], incoming type = [basicType@5(java.lang.Long,-5)]
2026-09-12T11:52:58.107-03:00 DEBUG 2448 --- [backend] [main] o.h.boot.internal.ClassLoaderAccessImpl  : Not known whether passed class name [com.duoc.backend.Care.Care] is safe
2026-09-12T11:52:58.107-03:00 DEBUG 2448 --- [backend] [main] o.h.boot.internal.ClassLoaderAccessImpl  : No temp ClassLoader provided; using live ClassLoader for loading potentially unsafe class : com.duoc.backend.Care.Care
2026-09-12T11:52:58.119-03:00 DEBUG 2448 --- [backend] [main] o.h.b.i.bytebuddy.BytecodeProviderImpl   : HHH000513: Unable to create the ReflectionOptimizer for [com.duoc.backend.Care.Care]: private accessor [cost]
2026-09-12T11:52:58.120-03:00 TRACE 2448 --- [backend] [main] o.h.p.entity.AbstractPropertyMapping     : Skipping duplicate registration of path [cost], existing type = [basicType@9(java.lang.Double,8)], incoming type = [basicType@9(java.lang.Double,8)]
2026-09-12T11:52:58.120-03:00 TRACE 2448 --- [backend] [main] o.h.p.entity.AbstractPropertyMapping     : Skipping duplicate registration of path [name], existing type = [basicType@7(java.lang.String,12)], incoming type = [basicType@7(java.lang.String,12)]
2026-09-12T11:52:58.121-03:00 TRACE 2448 --- [backend] [main] o.h.p.entity.AbstractPropertyMapping     : Skipping duplicate registration of path [id], existing type = [basicType@5(java.lang.Long,-5)], incoming type = [basicType@5(java.lang.Long,-5)]
2026-09-12T11:52:58.144-03:00 DEBUG 2448 --- [backend] [main] org.hibernate.orm.jdbc.mutation          : Skipping collection row updates - com.duoc.backend.Invoice.Invoice.medications
2026-09-12T11:52:58.150-03:00 DEBUG 2448 --- [backend] [main] org.hibernate.orm.jdbc.mutation          : Skipping collection row updates - com.duoc.backend.Invoice.Invoice.cares
2026-09-12T11:52:58.191-03:00 DEBUG 2448 --- [backend] [main] o.hibernate.orm.model.mapping.creation   : Starting post-init callbacks
2026-09-12T11:52:58.192-03:00 DEBUG 2448 --- [backend] [main] o.hibernate.orm.model.mapping.creation   : Starting PostInitCallbackEntry : Entity(com.duoc.backend.User) `staticFetchableList` generator
2026-09-12T11:52:58.192-03:00 DEBUG 2448 --- [backend] [main] o.hibernate.orm.model.mapping.creation   : Starting PostInitCallbackEntry : Entity(com.duoc.backend.User) `sqmMultiTableInsertStrategy` interpretation
2026-09-12T11:52:58.193-03:00 TRACE 2448 --- [backend] [main] o.h.s.i.AbstractServiceRegistryImpl      : Initializing service [role=org.hibernate.query.sqm.mutation.spi.SqmMultiTableMutationStrategyProvider]
2026-09-12T11:52:58.202-03:00 TRACE 2448 --- [backend] [main] o.h.s.i.AbstractServiceRegistryImpl      : Initializing service [role=org.hibernate.engine.jdbc.connections.spi.MultiTenantConnectionProvider]
2026-09-12T11:52:58.202-03:00 DEBUG 2448 --- [backend] [main] o.hibernate.orm.model.mapping.creation   : Starting PostInitCallbackEntry : Entity(com.duoc.backend.Appointment.Appointment) `staticFetchableList` generator
2026-09-12T11:52:58.202-03:00 DEBUG 2448 --- [backend] [main] o.hibernate.orm.model.mapping.creation   : Starting PostInitCallbackEntry : Entity(com.duoc.backend.Appointment.Appointment) `sqmMultiTableInsertStrategy` interpretation
2026-09-12T11:52:58.204-03:00 TRACE 2448 --- [backend] [main] o.h.s.i.AbstractServiceRegistryImpl      : Initializing service [role=org.hibernate.engine.jdbc.connections.spi.MultiTenantConnectionProvider]
2026-09-12T11:52:58.204-03:00 DEBUG 2448 --- [backend] [main] o.hibernate.orm.model.mapping.creation   : Starting PostInitCallbackEntry : Entity(com.duoc.backend.Patient.Patient) `staticFetchableList` generator
2026-09-12T11:52:58.204-03:00 DEBUG 2448 --- [backend] [main] o.hibernate.orm.model.mapping.creation   : Starting PostInitCallbackEntry : Entity(com.duoc.backend.Patient.Patient) `sqmMultiTableInsertStrategy` interpretation
2026-09-12T11:52:58.205-03:00 TRACE 2448 --- [backend] [main] o.h.s.i.AbstractServiceRegistryImpl      : Initializing service [role=org.hibernate.engine.jdbc.connections.spi.MultiTenantConnectionProvider]
2026-09-12T11:52:58.205-03:00 DEBUG 2448 --- [backend] [main] o.hibernate.orm.model.mapping.creation   : Starting PostInitCallbackEntry : PluralAttributeMapping( NavigableRole[com.duoc.backend.Invoice.Invoice.cares#{element}]) - element descriptor
2026-09-12T11:52:58.208-03:00 DEBUG 2448 --- [backend] [main] o.hibernate.orm.model.mapping.creation   : Starting PostInitCallbackEntry : PluralAttributeMapping(com.duoc.backend.Invoice.Invoice.cares)#finishInitialization
2026-09-12T11:52:58.208-03:00 DEBUG 2448 --- [backend] [main] o.hibernate.orm.model.mapping.creation   : Starting PostInitCallbackEntry : PluralAttributeMapping(com.duoc.backend.Invoice.Invoice.cares) - key descriptor
2026-09-12T11:52:58.209-03:00 DEBUG 2448 --- [backend] [main] o.hibernate.orm.model.mapping.creation   : Starting PostInitCallbackEntry : PluralAttributeMapping( NavigableRole[com.duoc.backend.Invoice.Invoice.medications#{element}]) - element descriptor
2026-09-12T11:52:58.209-03:00 DEBUG 2448 --- [backend] [main] o.hibernate.orm.model.mapping.creation   : Starting PostInitCallbackEntry : PluralAttributeMapping(com.duoc.backend.Invoice.Invoice.medications)#finishInitialization
2026-09-12T11:52:58.209-03:00 DEBUG 2448 --- [backend] [main] o.hibernate.orm.model.mapping.creation   : Starting PostInitCallbackEntry : PluralAttributeMapping(com.duoc.backend.Invoice.Invoice.medications) - key descriptor
2026-09-12T11:52:58.209-03:00 DEBUG 2448 --- [backend] [main] o.hibernate.orm.model.mapping.creation   : Starting PostInitCallbackEntry : Entity(com.duoc.backend.Invoice.Invoice) `staticFetchableList` generator
2026-09-12T11:52:58.210-03:00 DEBUG 2448 --- [backend] [main] o.hibernate.orm.model.mapping.creation   : Starting PostInitCallbackEntry : Entity(com.duoc.backend.Invoice.Invoice) `sqmMultiTableInsertStrategy` interpretation
2026-09-12T11:52:58.210-03:00 TRACE 2448 --- [backend] [main] o.h.s.i.AbstractServiceRegistryImpl      : Initializing service [role=org.hibernate.engine.jdbc.connections.spi.MultiTenantConnectionProvider]
2026-09-12T11:52:58.210-03:00 DEBUG 2448 --- [backend] [main] o.hibernate.orm.model.mapping.creation   : Starting PostInitCallbackEntry : Entity(com.duoc.backend.Medication.Medication) `staticFetchableList` generator
2026-09-12T11:52:58.210-03:00 DEBUG 2448 --- [backend] [main] o.hibernate.orm.model.mapping.creation   : Starting PostInitCallbackEntry : Entity(com.duoc.backend.Medication.Medication) `sqmMultiTableInsertStrategy` interpretation
2026-09-12T11:52:58.210-03:00 TRACE 2448 --- [backend] [main] o.h.s.i.AbstractServiceRegistryImpl      : Initializing service [role=org.hibernate.engine.jdbc.connections.spi.MultiTenantConnectionProvider]
2026-09-12T11:52:58.210-03:00 DEBUG 2448 --- [backend] [main] o.hibernate.orm.model.mapping.creation   : Starting PostInitCallbackEntry : Entity(com.duoc.backend.Care.Care) `staticFetchableList` generator
2026-09-12T11:52:58.211-03:00 DEBUG 2448 --- [backend] [main] o.hibernate.orm.model.mapping.creation   : Starting PostInitCallbackEntry : Entity(com.duoc.backend.Care.Care) `sqmMultiTableInsertStrategy` interpretation
2026-09-12T11:52:58.211-03:00 TRACE 2448 --- [backend] [main] o.h.s.i.AbstractServiceRegistryImpl      : Initializing service [role=org.hibernate.engine.jdbc.connections.spi.MultiTenantConnectionProvider]
2026-09-12T11:52:58.327-03:00 DEBUG 2448 --- [backend] [main] org.hibernate.orm.sql.ast.create         : Created new SQL alias : u1_0
2026-09-12T11:52:58.332-03:00 DEBUG 2448 --- [backend] [main] org.hibernate.orm.sql.ast.create         : Registration of TableGroup [StandardTableGroup(com.duoc.backend.User)] with identifierForTableGroup [com.duoc.backend.User] for NavigablePath [com.duoc.backend.User] 
2026-09-12T11:52:58.339-03:00 TRACE 2448 --- [backend] [main] o.h.l.ast.internal.LoaderSelectBuilder   : Starting visitation of FetchParent's Fetchables : com.duoc.backend.User
2026-09-12T11:52:58.350-03:00 DEBUG 2448 --- [backend] [main] org.hibernate.orm.results.graph.AST      : DomainResult Graph:
 \-EntityResultImpl [com.duoc.backend.User]
 |  +-BasicFetch [com.duoc.backend.User.email]
 |  +-BasicFetch [com.duoc.backend.User.password]
 |  \-BasicFetch [com.duoc.backend.User.username]

2026-09-12T11:52:58.351-03:00 TRACE 2448 --- [backend] [main] org.hibernate.orm.results.graph.AST      : Stack trace calling DomainResultGraphPrinter

java.lang.Exception: null
	at org.hibernate.sql.results.graph.DomainResultGraphPrinter.visitDomainResults(DomainResultGraphPrinter.java:70) ~[hibernate-core-6.6.11.Final.jar:6.6.11.Final]
	at org.hibernate.sql.results.graph.DomainResultGraphPrinter.logDomainResultGraph(DomainResultGraphPrinter.java:46) ~[hibernate-core-6.6.11.Final.jar:6.6.11.Final]
	at org.hibernate.sql.results.graph.DomainResultGraphPrinter.logDomainResultGraph(DomainResultGraphPrinter.java:37) ~[hibernate-core-6.6.11.Final.jar:6.6.11.Final]
	at org.hibernate.sql.ast.spi.AbstractSqlAstTranslator.translateSelect(AbstractSqlAstTranslator.java:877) ~[hibernate-core-6.6.11.Final.jar:6.6.11.Final]
	at org.hibernate.sql.ast.spi.AbstractSqlAstTranslator.translate(AbstractSqlAstTranslator.java:815) ~[hibernate-core-6.6.11.Final.jar:6.6.11.Final]
	at org.hibernate.loader.ast.internal.SingleIdLoadPlan.<init>(SingleIdLoadPlan.java:66) ~[hibernate-core-6.6.11.Final.jar:6.6.11.Final]
	at org.hibernate.loader.ast.internal.SingleIdEntityLoaderStandardImpl.createLoadPlan(SingleIdEntityLoaderStandardImpl.java:198) ~[hibernate-core-6.6.11.Final.jar:6.6.11.Final]
	at org.hibernate.loader.ast.internal.SingleIdEntityLoaderStandardImpl.lambda$new$0(SingleIdEntityLoaderStandardImpl.java:41) ~[hibernate-core-6.6.11.Final.jar:6.6.11.Final]
	at org.hibernate.loader.ast.internal.SingleIdEntityLoaderStandardImpl.<init>(SingleIdEntityLoaderStandardImpl.java:61) ~[hibernate-core-6.6.11.Final.jar:6.6.11.Final]
	at org.hibernate.loader.ast.internal.SingleIdEntityLoaderStandardImpl.<init>(SingleIdEntityLoaderStandardImpl.java:38) ~[hibernate-core-6.6.11.Final.jar:6.6.11.Final]
	at org.hibernate.persister.entity.AbstractEntityPersister.buildSingleIdEntityLoader(AbstractEntityPersister.java:913) ~[hibernate-core-6.6.11.Final.jar:6.6.11.Final]
	at org.hibernate.persister.entity.AbstractEntityPersister.buildSingleIdEntityLoader(AbstractEntityPersister.java:902) ~[hibernate-core-6.6.11.Final.jar:6.6.11.Final]
	at org.hibernate.persister.entity.AbstractEntityPersister.prepareLoaders(AbstractEntityPersister.java:3531) ~[hibernate-core-6.6.11.Final.jar:6.6.11.Final]
	at org.hibernate.metamodel.model.domain.internal.MappingMetamodelImpl.finishInitialization(MappingMetamodelImpl.java:208) ~[hibernate-core-6.6.11.Final.jar:6.6.11.Final]
	at org.hibernate.internal.SessionFactoryImpl.initializeMappingModel(SessionFactoryImpl.java:373) ~[hibernate-core-6.6.11.Final.jar:6.6.11.Final]
	at org.hibernate.internal.SessionFactoryImpl.<init>(SessionFactoryImpl.java:302) ~[hibernate-core-6.6.11.Final.jar:6.6.11.Final]
	at org.hibernate.boot.internal.SessionFactoryBuilderImpl.build(SessionFactoryBuilderImpl.java:463) ~[hibernate-core-6.6.11.Final.jar:6.6.11.Final]
	at org.hibernate.jpa.boot.internal.EntityManagerFactoryBuilderImpl.build(EntityManagerFactoryBuilderImpl.java:1517) ~[hibernate-core-6.6.11.Final.jar:6.6.11.Final]
	at org.springframework.orm.jpa.vendor.SpringHibernateJpaPersistenceProvider.createContainerEntityManagerFactory(SpringHibernateJpaPersistenceProvider.java:66) ~[spring-orm-6.2.5.jar:6.2.5]
	at org.springframework.orm.jpa.LocalContainerEntityManagerFactoryBean.createNativeEntityManagerFactory(LocalContainerEntityManagerFactoryBean.java:390) ~[spring-orm-6.2.5.jar:6.2.5]
	at org.springframework.orm.jpa.AbstractEntityManagerFactoryBean.buildNativeEntityManagerFactory(AbstractEntityManagerFactoryBean.java:419) ~[spring-orm-6.2.5.jar:6.2.5]
	at org.springframework.orm.jpa.AbstractEntityManagerFactoryBean.afterPropertiesSet(AbstractEntityManagerFactoryBean.java:400) ~[spring-orm-6.2.5.jar:6.2.5]
	at org.springframework.orm.jpa.LocalContainerEntityManagerFactoryBean.afterPropertiesSet(LocalContainerEntityManagerFactoryBean.java:366) ~[spring-orm-6.2.5.jar:6.2.5]
	at org.springframework.beans.factory.support.AbstractAutowireCapableBeanFactory.invokeInitMethods(AbstractAutowireCapableBeanFactory.java:1859) ~[spring-beans-6.2.5.jar:6.2.5]
	at org.springframework.beans.factory.support.AbstractAutowireCapableBeanFactory.initializeBean(AbstractAutowireCapableBeanFactory.java:1808) ~[spring-beans-6.2.5.jar:6.2.5]
	at org.springframework.beans.factory.support.AbstractAutowireCapableBeanFactory.doCreateBean(AbstractAutowireCapableBeanFactory.java:601) ~[spring-beans-6.2.5.jar:6.2.5]
	at org.springframework.beans.factory.support.AbstractAutowireCapableBeanFactory.createBean(AbstractAutowireCapableBeanFactory.java:523) ~[spring-beans-6.2.5.jar:6.2.5]
	at org.springframework.beans.factory.support.AbstractBeanFactory.lambda$doGetBean$0(AbstractBeanFactory.java:339) ~[spring-beans-6.2.5.jar:6.2.5]
	at org.springframework.beans.factory.support.DefaultSingletonBeanRegistry.getSingleton(DefaultSingletonBeanRegistry.java:347) ~[spring-beans-6.2.5.jar:6.2.5]
	at org.springframework.beans.factory.support.AbstractBeanFactory.doGetBean(AbstractBeanFactory.java:337) ~[spring-beans-6.2.5.jar:6.2.5]
	at org.springframework.beans.factory.support.AbstractBeanFactory.getBean(AbstractBeanFactory.java:207) ~[spring-beans-6.2.5.jar:6.2.5]
	at org.springframework.context.support.AbstractApplicationContext.finishBeanFactoryInitialization(AbstractApplicationContext.java:970) ~[spring-context-6.2.5.jar:6.2.5]
	at org.springframework.context.support.AbstractApplicationContext.refresh(AbstractApplicationContext.java:627) ~[spring-context-6.2.5.jar:6.2.5]
	at org.springframework.boot.web.servlet.context.ServletWebServerApplicationContext.refresh(ServletWebServerApplicationContext.java:146) ~[spring-boot-3.4.4.jar:3.4.4]
	at org.springframework.boot.SpringApplication.refresh(SpringApplication.java:752) ~[spring-boot-3.4.4.jar:3.4.4]
	at org.springframework.boot.SpringApplication.refreshContext(SpringApplication.java:439) ~[spring-boot-3.4.4.jar:3.4.4]
	at org.springframework.boot.SpringApplication.run(SpringApplication.java:318) ~[spring-boot-3.4.4.jar:3.4.4]
	at org.springframework.boot.SpringApplication.run(SpringApplication.java:1361) ~[spring-boot-3.4.4.jar:3.4.4]
	at org.springframework.boot.SpringApplication.run(SpringApplication.java:1350) ~[spring-boot-3.4.4.jar:3.4.4]
	at com.duoc.backend.BackendApplication.main(BackendApplication.java:10) ~[classes/:na]

2026-09-12T11:52:58.357-03:00 DEBUG 2448 --- [backend] [main] org.hibernate.orm.sql.ast.tree           : SQL AST Tree:
    SelectStatement {
      FromClause {
        StandardTableGroup (u1 : com.duoc.backend.User) {
          primaryTableReference : user as u1_0
        }
      }
    }

2026-09-12T11:52:58.377-03:00 DEBUG 2448 --- [backend] [main] o.h.p.entity.AbstractEntityPersister     : Static SQL for entity: com.duoc.backend.User
2026-09-12T11:52:58.377-03:00 DEBUG 2448 --- [backend] [main] o.h.p.entity.AbstractEntityPersister     :  Version select: select id from user where id=?
2026-09-12T11:52:58.377-03:00 DEBUG 2448 --- [backend] [main] o.h.p.entity.AbstractEntityPersister     :  Insert (0): insert into user (email,password,username,id) values (?,?,?,?)
2026-09-12T11:52:58.378-03:00 DEBUG 2448 --- [backend] [main] o.h.p.entity.AbstractEntityPersister     :  Update (0): update user set email=?,password=?,username=? where id=?
2026-09-12T11:52:58.378-03:00 DEBUG 2448 --- [backend] [main] o.h.p.entity.AbstractEntityPersister     :  Delete (0): delete from user where id=?
2026-09-12T11:52:58.379-03:00 DEBUG 2448 --- [backend] [main] org.hibernate.orm.sql.ast.create         : Created new SQL alias : a1_0
2026-09-12T11:52:58.380-03:00 DEBUG 2448 --- [backend] [main] org.hibernate.orm.sql.ast.create         : Registration of TableGroup [StandardTableGroup(com.duoc.backend.Appointment.Appointment)] with identifierForTableGroup [com.duoc.backend.Appointment.Appointment] for NavigablePath [com.duoc.backend.Appointment.Appointment] 
2026-09-12T11:52:58.381-03:00 TRACE 2448 --- [backend] [main] o.h.l.ast.internal.LoaderSelectBuilder   : Starting visitation of FetchParent's Fetchables : com.duoc.backend.Appointment.Appointment
2026-09-12T11:52:58.382-03:00 DEBUG 2448 --- [backend] [main] org.hibernate.orm.results.graph.AST      : DomainResult Graph:
 \-EntityResultImpl [com.duoc.backend.Appointment.Appointment]
 |  +-BasicFetch [com.duoc.backend.Appointment.Appointment.date]
 |  +-BasicFetch [com.duoc.backend.Appointment.Appointment.reason]
 |  +-BasicFetch [com.duoc.backend.Appointment.Appointment.time]
 |  \-BasicFetch [com.duoc.backend.Appointment.Appointment.veterinarian]

2026-09-12T11:52:58.382-03:00 TRACE 2448 --- [backend] [main] org.hibernate.orm.results.graph.AST      : Stack trace calling DomainResultGraphPrinter

java.lang.Exception: null
	at org.hibernate.sql.results.graph.DomainResultGraphPrinter.visitDomainResults(DomainResultGraphPrinter.java:70) ~[hibernate-core-6.6.11.Final.jar:6.6.11.Final]
	at org.hibernate.sql.results.graph.DomainResultGraphPrinter.logDomainResultGraph(DomainResultGraphPrinter.java:46) ~[hibernate-core-6.6.11.Final.jar:6.6.11.Final]
	at org.hibernate.sql.results.graph.DomainResultGraphPrinter.logDomainResultGraph(DomainResultGraphPrinter.java:37) ~[hibernate-core-6.6.11.Final.jar:6.6.11.Final]
	at org.hibernate.sql.ast.spi.AbstractSqlAstTranslator.translateSelect(AbstractSqlAstTranslator.java:877) ~[hibernate-core-6.6.11.Final.jar:6.6.11.Final]
	at org.hibernate.sql.ast.spi.AbstractSqlAstTranslator.translate(AbstractSqlAstTranslator.java:815) ~[hibernate-core-6.6.11.Final.jar:6.6.11.Final]
	at org.hibernate.loader.ast.internal.SingleIdLoadPlan.<init>(SingleIdLoadPlan.java:66) ~[hibernate-core-6.6.11.Final.jar:6.6.11.Final]
	at org.hibernate.loader.ast.internal.SingleIdEntityLoaderStandardImpl.createLoadPlan(SingleIdEntityLoaderStandardImpl.java:198) ~[hibernate-core-6.6.11.Final.jar:6.6.11.Final]
	at org.hibernate.loader.ast.internal.SingleIdEntityLoaderStandardImpl.lambda$new$0(SingleIdEntityLoaderStandardImpl.java:41) ~[hibernate-core-6.6.11.Final.jar:6.6.11.Final]
	at org.hibernate.loader.ast.internal.SingleIdEntityLoaderStandardImpl.<init>(SingleIdEntityLoaderStandardImpl.java:61) ~[hibernate-core-6.6.11.Final.jar:6.6.11.Final]
	at org.hibernate.loader.ast.internal.SingleIdEntityLoaderStandardImpl.<init>(SingleIdEntityLoaderStandardImpl.java:38) ~[hibernate-core-6.6.11.Final.jar:6.6.11.Final]
	at org.hibernate.persister.entity.AbstractEntityPersister.buildSingleIdEntityLoader(AbstractEntityPersister.java:913) ~[hibernate-core-6.6.11.Final.jar:6.6.11.Final]
	at org.hibernate.persister.entity.AbstractEntityPersister.buildSingleIdEntityLoader(AbstractEntityPersister.java:902) ~[hibernate-core-6.6.11.Final.jar:6.6.11.Final]
	at org.hibernate.persister.entity.AbstractEntityPersister.prepareLoaders(AbstractEntityPersister.java:3531) ~[hibernate-core-6.6.11.Final.jar:6.6.11.Final]
	at org.hibernate.metamodel.model.domain.internal.MappingMetamodelImpl.finishInitialization(MappingMetamodelImpl.java:208) ~[hibernate-core-6.6.11.Final.jar:6.6.11.Final]
	at org.hibernate.internal.SessionFactoryImpl.initializeMappingModel(SessionFactoryImpl.java:373) ~[hibernate-core-6.6.11.Final.jar:6.6.11.Final]
	at org.hibernate.internal.SessionFactoryImpl.<init>(SessionFactoryImpl.java:302) ~[hibernate-core-6.6.11.Final.jar:6.6.11.Final]
	at org.hibernate.boot.internal.SessionFactoryBuilderImpl.build(SessionFactoryBuilderImpl.java:463) ~[hibernate-core-6.6.11.Final.jar:6.6.11.Final]
	at org.hibernate.jpa.boot.internal.EntityManagerFactoryBuilderImpl.build(EntityManagerFactoryBuilderImpl.java:1517) ~[hibernate-core-6.6.11.Final.jar:6.6.11.Final]
	at org.springframework.orm.jpa.vendor.SpringHibernateJpaPersistenceProvider.createContainerEntityManagerFactory(SpringHibernateJpaPersistenceProvider.java:66) ~[spring-orm-6.2.5.jar:6.2.5]
	at org.springframework.orm.jpa.LocalContainerEntityManagerFactoryBean.createNativeEntityManagerFactory(LocalContainerEntityManagerFactoryBean.java:390) ~[spring-orm-6.2.5.jar:6.2.5]
	at org.springframework.orm.jpa.AbstractEntityManagerFactoryBean.buildNativeEntityManagerFactory(AbstractEntityManagerFactoryBean.java:419) ~[spring-orm-6.2.5.jar:6.2.5]
	at org.springframework.orm.jpa.AbstractEntityManagerFactoryBean.afterPropertiesSet(AbstractEntityManagerFactoryBean.java:400) ~[spring-orm-6.2.5.jar:6.2.5]
	at org.springframework.orm.jpa.LocalContainerEntityManagerFactoryBean.afterPropertiesSet(LocalContainerEntityManagerFactoryBean.java:366) ~[spring-orm-6.2.5.jar:6.2.5]
	at org.springframework.beans.factory.support.AbstractAutowireCapableBeanFactory.invokeInitMethods(AbstractAutowireCapableBeanFactory.java:1859) ~[spring-beans-6.2.5.jar:6.2.5]
	at org.springframework.beans.factory.support.AbstractAutowireCapableBeanFactory.initializeBean(AbstractAutowireCapableBeanFactory.java:1808) ~[spring-beans-6.2.5.jar:6.2.5]
	at org.springframework.beans.factory.support.AbstractAutowireCapableBeanFactory.doCreateBean(AbstractAutowireCapableBeanFactory.java:601) ~[spring-beans-6.2.5.jar:6.2.5]
	at org.springframework.beans.factory.support.AbstractAutowireCapableBeanFactory.createBean(AbstractAutowireCapableBeanFactory.java:523) ~[spring-beans-6.2.5.jar:6.2.5]
	at org.springframework.beans.factory.support.AbstractBeanFactory.lambda$doGetBean$0(AbstractBeanFactory.java:339) ~[spring-beans-6.2.5.jar:6.2.5]
	at org.springframework.beans.factory.support.DefaultSingletonBeanRegistry.getSingleton(DefaultSingletonBeanRegistry.java:347) ~[spring-beans-6.2.5.jar:6.2.5]
	at org.springframework.beans.factory.support.AbstractBeanFactory.doGetBean(AbstractBeanFactory.java:337) ~[spring-beans-6.2.5.jar:6.2.5]
	at org.springframework.beans.factory.support.AbstractBeanFactory.getBean(AbstractBeanFactory.java:207) ~[spring-beans-6.2.5.jar:6.2.5]
	at org.springframework.context.support.AbstractApplicationContext.finishBeanFactoryInitialization(AbstractApplicationContext.java:970) ~[spring-context-6.2.5.jar:6.2.5]
	at org.springframework.context.support.AbstractApplicationContext.refresh(AbstractApplicationContext.java:627) ~[spring-context-6.2.5.jar:6.2.5]
	at org.springframework.boot.web.servlet.context.ServletWebServerApplicationContext.refresh(ServletWebServerApplicationContext.java:146) ~[spring-boot-3.4.4.jar:3.4.4]
	at org.springframework.boot.SpringApplication.refresh(SpringApplication.java:752) ~[spring-boot-3.4.4.jar:3.4.4]
	at org.springframework.boot.SpringApplication.refreshContext(SpringApplication.java:439) ~[spring-boot-3.4.4.jar:3.4.4]
	at org.springframework.boot.SpringApplication.run(SpringApplication.java:318) ~[spring-boot-3.4.4.jar:3.4.4]
	at org.springframework.boot.SpringApplication.run(SpringApplication.java:1361) ~[spring-boot-3.4.4.jar:3.4.4]
	at org.springframework.boot.SpringApplication.run(SpringApplication.java:1350) ~[spring-boot-3.4.4.jar:3.4.4]
	at com.duoc.backend.BackendApplication.main(BackendApplication.java:10) ~[classes/:na]

2026-09-12T11:52:58.384-03:00 DEBUG 2448 --- [backend] [main] org.hibernate.orm.sql.ast.tree           : SQL AST Tree:
    SelectStatement {
      FromClause {
        StandardTableGroup (a1 : com.duoc.backend.Appointment.Appointment) {
          primaryTableReference : appointment as a1_0
        }
      }
    }

2026-09-12T11:52:58.385-03:00 DEBUG 2448 --- [backend] [main] o.h.p.entity.AbstractEntityPersister     : Static SQL for entity: com.duoc.backend.Appointment.Appointment
2026-09-12T11:52:58.386-03:00 DEBUG 2448 --- [backend] [main] o.h.p.entity.AbstractEntityPersister     :  Version select: select id from appointment where id=?
2026-09-12T11:52:58.386-03:00 DEBUG 2448 --- [backend] [main] o.h.p.entity.AbstractEntityPersister     :  Insert (0): insert into appointment (date,reason,time,veterinarian,id) values (?,?,?,?,?)
2026-09-12T11:52:58.386-03:00 DEBUG 2448 --- [backend] [main] o.h.p.entity.AbstractEntityPersister     :  Update (0): update appointment set date=?,reason=?,time=?,veterinarian=? where id=?
2026-09-12T11:52:58.386-03:00 DEBUG 2448 --- [backend] [main] o.h.p.entity.AbstractEntityPersister     :  Delete (0): delete from appointment where id=?
2026-09-12T11:52:58.386-03:00 DEBUG 2448 --- [backend] [main] org.hibernate.orm.sql.ast.create         : Created new SQL alias : p1_0
2026-09-12T11:52:58.387-03:00 DEBUG 2448 --- [backend] [main] org.hibernate.orm.sql.ast.create         : Registration of TableGroup [StandardTableGroup(com.duoc.backend.Patient.Patient)] with identifierForTableGroup [com.duoc.backend.Patient.Patient] for NavigablePath [com.duoc.backend.Patient.Patient] 
2026-09-12T11:52:58.387-03:00 TRACE 2448 --- [backend] [main] o.h.l.ast.internal.LoaderSelectBuilder   : Starting visitation of FetchParent's Fetchables : com.duoc.backend.Patient.Patient
2026-09-12T11:52:58.388-03:00 DEBUG 2448 --- [backend] [main] org.hibernate.orm.results.graph.AST      : DomainResult Graph:
 \-EntityResultImpl [com.duoc.backend.Patient.Patient]
 |  +-BasicFetch [com.duoc.backend.Patient.Patient.age]
 |  +-BasicFetch [com.duoc.backend.Patient.Patient.breed]
 |  +-BasicFetch [com.duoc.backend.Patient.Patient.name]
 |  +-BasicFetch [com.duoc.backend.Patient.Patient.owner]
 |  \-BasicFetch [com.duoc.backend.Patient.Patient.species]

2026-09-12T11:52:58.388-03:00 TRACE 2448 --- [backend] [main] org.hibernate.orm.results.graph.AST      : Stack trace calling DomainResultGraphPrinter

java.lang.Exception: null
	at org.hibernate.sql.results.graph.DomainResultGraphPrinter.visitDomainResults(DomainResultGraphPrinter.java:70) ~[hibernate-core-6.6.11.Final.jar:6.6.11.Final]
	at org.hibernate.sql.results.graph.DomainResultGraphPrinter.logDomainResultGraph(DomainResultGraphPrinter.java:46) ~[hibernate-core-6.6.11.Final.jar:6.6.11.Final]
	at org.hibernate.sql.results.graph.DomainResultGraphPrinter.logDomainResultGraph(DomainResultGraphPrinter.java:37) ~[hibernate-core-6.6.11.Final.jar:6.6.11.Final]
	at org.hibernate.sql.ast.spi.AbstractSqlAstTranslator.translateSelect(AbstractSqlAstTranslator.java:877) ~[hibernate-core-6.6.11.Final.jar:6.6.11.Final]
	at org.hibernate.sql.ast.spi.AbstractSqlAstTranslator.translate(AbstractSqlAstTranslator.java:815) ~[hibernate-core-6.6.11.Final.jar:6.6.11.Final]
	at org.hibernate.loader.ast.internal.SingleIdLoadPlan.<init>(SingleIdLoadPlan.java:66) ~[hibernate-core-6.6.11.Final.jar:6.6.11.Final]
	at org.hibernate.loader.ast.internal.SingleIdEntityLoaderStandardImpl.createLoadPlan(SingleIdEntityLoaderStandardImpl.java:198) ~[hibernate-core-6.6.11.Final.jar:6.6.11.Final]
	at org.hibernate.loader.ast.internal.SingleIdEntityLoaderStandardImpl.lambda$new$0(SingleIdEntityLoaderStandardImpl.java:41) ~[hibernate-core-6.6.11.Final.jar:6.6.11.Final]
	at org.hibernate.loader.ast.internal.SingleIdEntityLoaderStandardImpl.<init>(SingleIdEntityLoaderStandardImpl.java:61) ~[hibernate-core-6.6.11.Final.jar:6.6.11.Final]
	at org.hibernate.loader.ast.internal.SingleIdEntityLoaderStandardImpl.<init>(SingleIdEntityLoaderStandardImpl.java:38) ~[hibernate-core-6.6.11.Final.jar:6.6.11.Final]
	at org.hibernate.persister.entity.AbstractEntityPersister.buildSingleIdEntityLoader(AbstractEntityPersister.java:913) ~[hibernate-core-6.6.11.Final.jar:6.6.11.Final]
	at org.hibernate.persister.entity.AbstractEntityPersister.buildSingleIdEntityLoader(AbstractEntityPersister.java:902) ~[hibernate-core-6.6.11.Final.jar:6.6.11.Final]
	at org.hibernate.persister.entity.AbstractEntityPersister.prepareLoaders(AbstractEntityPersister.java:3531) ~[hibernate-core-6.6.11.Final.jar:6.6.11.Final]
	at org.hibernate.metamodel.model.domain.internal.MappingMetamodelImpl.finishInitialization(MappingMetamodelImpl.java:208) ~[hibernate-core-6.6.11.Final.jar:6.6.11.Final]
	at org.hibernate.internal.SessionFactoryImpl.initializeMappingModel(SessionFactoryImpl.java:373) ~[hibernate-core-6.6.11.Final.jar:6.6.11.Final]
	at org.hibernate.internal.SessionFactoryImpl.<init>(SessionFactoryImpl.java:302) ~[hibernate-core-6.6.11.Final.jar:6.6.11.Final]
	at org.hibernate.boot.internal.SessionFactoryBuilderImpl.build(SessionFactoryBuilderImpl.java:463) ~[hibernate-core-6.6.11.Final.jar:6.6.11.Final]
	at org.hibernate.jpa.boot.internal.EntityManagerFactoryBuilderImpl.build(EntityManagerFactoryBuilderImpl.java:1517) ~[hibernate-core-6.6.11.Final.jar:6.6.11.Final]
	at org.springframework.orm.jpa.vendor.SpringHibernateJpaPersistenceProvider.createContainerEntityManagerFactory(SpringHibernateJpaPersistenceProvider.java:66) ~[spring-orm-6.2.5.jar:6.2.5]
	at org.springframework.orm.jpa.LocalContainerEntityManagerFactoryBean.createNativeEntityManagerFactory(LocalContainerEntityManagerFactoryBean.java:390) ~[spring-orm-6.2.5.jar:6.2.5]
	at org.springframework.orm.jpa.AbstractEntityManagerFactoryBean.buildNativeEntityManagerFactory(AbstractEntityManagerFactoryBean.java:419) ~[spring-orm-6.2.5.jar:6.2.5]
	at org.springframework.orm.jpa.AbstractEntityManagerFactoryBean.afterPropertiesSet(AbstractEntityManagerFactoryBean.java:400) ~[spring-orm-6.2.5.jar:6.2.5]
	at org.springframework.orm.jpa.LocalContainerEntityManagerFactoryBean.afterPropertiesSet(LocalContainerEntityManagerFactoryBean.java:366) ~[spring-orm-6.2.5.jar:6.2.5]
	at org.springframework.beans.factory.support.AbstractAutowireCapableBeanFactory.invokeInitMethods(AbstractAutowireCapableBeanFactory.java:1859) ~[spring-beans-6.2.5.jar:6.2.5]
	at org.springframework.beans.factory.support.AbstractAutowireCapableBeanFactory.initializeBean(AbstractAutowireCapableBeanFactory.java:1808) ~[spring-beans-6.2.5.jar:6.2.5]
	at org.springframework.beans.factory.support.AbstractAutowireCapableBeanFactory.doCreateBean(AbstractAutowireCapableBeanFactory.java:601) ~[spring-beans-6.2.5.jar:6.2.5]
	at org.springframework.beans.factory.support.AbstractAutowireCapableBeanFactory.createBean(AbstractAutowireCapableBeanFactory.java:523) ~[spring-beans-6.2.5.jar:6.2.5]
	at org.springframework.beans.factory.support.AbstractBeanFactory.lambda$doGetBean$0(AbstractBeanFactory.java:339) ~[spring-beans-6.2.5.jar:6.2.5]
	at org.springframework.beans.factory.support.DefaultSingletonBeanRegistry.getSingleton(DefaultSingletonBeanRegistry.java:347) ~[spring-beans-6.2.5.jar:6.2.5]
	at org.springframework.beans.factory.support.AbstractBeanFactory.doGetBean(AbstractBeanFactory.java:337) ~[spring-beans-6.2.5.jar:6.2.5]
	at org.springframework.beans.factory.support.AbstractBeanFactory.getBean(AbstractBeanFactory.java:207) ~[spring-beans-6.2.5.jar:6.2.5]
	at org.springframework.context.support.AbstractApplicationContext.finishBeanFactoryInitialization(AbstractApplicationContext.java:970) ~[spring-context-6.2.5.jar:6.2.5]
	at org.springframework.context.support.AbstractApplicationContext.refresh(AbstractApplicationContext.java:627) ~[spring-context-6.2.5.jar:6.2.5]
	at org.springframework.boot.web.servlet.context.ServletWebServerApplicationContext.refresh(ServletWebServerApplicationContext.java:146) ~[spring-boot-3.4.4.jar:3.4.4]
	at org.springframework.boot.SpringApplication.refresh(SpringApplication.java:752) ~[spring-boot-3.4.4.jar:3.4.4]
	at org.springframework.boot.SpringApplication.refreshContext(SpringApplication.java:439) ~[spring-boot-3.4.4.jar:3.4.4]
	at org.springframework.boot.SpringApplication.run(SpringApplication.java:318) ~[spring-boot-3.4.4.jar:3.4.4]
	at org.springframework.boot.SpringApplication.run(SpringApplication.java:1361) ~[spring-boot-3.4.4.jar:3.4.4]
	at org.springframework.boot.SpringApplication.run(SpringApplication.java:1350) ~[spring-boot-3.4.4.jar:3.4.4]
	at com.duoc.backend.BackendApplication.main(BackendApplication.java:10) ~[classes/:na]

2026-09-12T11:52:58.389-03:00 DEBUG 2448 --- [backend] [main] org.hibernate.orm.sql.ast.tree           : SQL AST Tree:
    SelectStatement {
      FromClause {
        StandardTableGroup (p1 : com.duoc.backend.Patient.Patient) {
          primaryTableReference : patient as p1_0
        }
      }
    }

2026-09-12T11:52:58.390-03:00 DEBUG 2448 --- [backend] [main] o.h.p.entity.AbstractEntityPersister     : Static SQL for entity: com.duoc.backend.Patient.Patient
2026-09-12T11:52:58.390-03:00 DEBUG 2448 --- [backend] [main] o.h.p.entity.AbstractEntityPersister     :  Version select: select id from patient where id=?
2026-09-12T11:52:58.390-03:00 DEBUG 2448 --- [backend] [main] o.h.p.entity.AbstractEntityPersister     :  Insert (0): insert into patient (age,breed,name,owner,species,id) values (?,?,?,?,?,?)
2026-09-12T11:52:58.390-03:00 DEBUG 2448 --- [backend] [main] o.h.p.entity.AbstractEntityPersister     :  Update (0): update patient set age=?,breed=?,name=?,owner=?,species=? where id=?
2026-09-12T11:52:58.390-03:00 DEBUG 2448 --- [backend] [main] o.h.p.entity.AbstractEntityPersister     :  Delete (0): delete from patient where id=?
2026-09-12T11:52:58.390-03:00 DEBUG 2448 --- [backend] [main] org.hibernate.orm.sql.ast.create         : Created new SQL alias : i1_0
2026-09-12T11:52:58.391-03:00 DEBUG 2448 --- [backend] [main] org.hibernate.orm.sql.ast.create         : Registration of TableGroup [StandardTableGroup(com.duoc.backend.Invoice.Invoice)] with identifierForTableGroup [com.duoc.backend.Invoice.Invoice] for NavigablePath [com.duoc.backend.Invoice.Invoice] 
2026-09-12T11:52:58.391-03:00 TRACE 2448 --- [backend] [main] o.h.l.ast.internal.LoaderSelectBuilder   : Starting visitation of FetchParent's Fetchables : com.duoc.backend.Invoice.Invoice
2026-09-12T11:52:58.394-03:00 DEBUG 2448 --- [backend] [main] org.hibernate.orm.results.graph.AST      : DomainResult Graph:
 \-EntityResultImpl [com.duoc.backend.Invoice.Invoice]
 |  +-DelayedCollectionFetch [com.duoc.backend.Invoice.Invoice.cares]
 |  +-BasicFetch [com.duoc.backend.Invoice.Invoice.date]
 |  +-DelayedCollectionFetch [com.duoc.backend.Invoice.Invoice.medications]
 |  +-BasicFetch [com.duoc.backend.Invoice.Invoice.patientName]
 |  +-BasicFetch [com.duoc.backend.Invoice.Invoice.time]
 |  \-BasicFetch [com.duoc.backend.Invoice.Invoice.totalCost]

2026-09-12T11:52:58.396-03:00 TRACE 2448 --- [backend] [main] org.hibernate.orm.results.graph.AST      : Stack trace calling DomainResultGraphPrinter

java.lang.Exception: null
	at org.hibernate.sql.results.graph.DomainResultGraphPrinter.visitDomainResults(DomainResultGraphPrinter.java:70) ~[hibernate-core-6.6.11.Final.jar:6.6.11.Final]
	at org.hibernate.sql.results.graph.DomainResultGraphPrinter.logDomainResultGraph(DomainResultGraphPrinter.java:46) ~[hibernate-core-6.6.11.Final.jar:6.6.11.Final]
	at org.hibernate.sql.results.graph.DomainResultGraphPrinter.logDomainResultGraph(DomainResultGraphPrinter.java:37) ~[hibernate-core-6.6.11.Final.jar:6.6.11.Final]
	at org.hibernate.sql.ast.spi.AbstractSqlAstTranslator.translateSelect(AbstractSqlAstTranslator.java:877) ~[hibernate-core-6.6.11.Final.jar:6.6.11.Final]
	at org.hibernate.sql.ast.spi.AbstractSqlAstTranslator.translate(AbstractSqlAstTranslator.java:815) ~[hibernate-core-6.6.11.Final.jar:6.6.11.Final]
	at org.hibernate.loader.ast.internal.SingleIdLoadPlan.<init>(SingleIdLoadPlan.java:66) ~[hibernate-core-6.6.11.Final.jar:6.6.11.Final]
	at org.hibernate.loader.ast.internal.SingleIdEntityLoaderStandardImpl.createLoadPlan(SingleIdEntityLoaderStandardImpl.java:198) ~[hibernate-core-6.6.11.Final.jar:6.6.11.Final]
	at org.hibernate.loader.ast.internal.SingleIdEntityLoaderStandardImpl.lambda$new$0(SingleIdEntityLoaderStandardImpl.java:41) ~[hibernate-core-6.6.11.Final.jar:6.6.11.Final]
	at org.hibernate.loader.ast.internal.SingleIdEntityLoaderStandardImpl.<init>(SingleIdEntityLoaderStandardImpl.java:61) ~[hibernate-core-6.6.11.Final.jar:6.6.11.Final]
	at org.hibernate.loader.ast.internal.SingleIdEntityLoaderStandardImpl.<init>(SingleIdEntityLoaderStandardImpl.java:38) ~[hibernate-core-6.6.11.Final.jar:6.6.11.Final]
	at org.hibernate.persister.entity.AbstractEntityPersister.buildSingleIdEntityLoader(AbstractEntityPersister.java:913) ~[hibernate-core-6.6.11.Final.jar:6.6.11.Final]
	at org.hibernate.persister.entity.AbstractEntityPersister.buildSingleIdEntityLoader(AbstractEntityPersister.java:902) ~[hibernate-core-6.6.11.Final.jar:6.6.11.Final]
	at org.hibernate.persister.entity.AbstractEntityPersister.prepareLoaders(AbstractEntityPersister.java:3531) ~[hibernate-core-6.6.11.Final.jar:6.6.11.Final]
	at org.hibernate.metamodel.model.domain.internal.MappingMetamodelImpl.finishInitialization(MappingMetamodelImpl.java:208) ~[hibernate-core-6.6.11.Final.jar:6.6.11.Final]
	at org.hibernate.internal.SessionFactoryImpl.initializeMappingModel(SessionFactoryImpl.java:373) ~[hibernate-core-6.6.11.Final.jar:6.6.11.Final]
	at org.hibernate.internal.SessionFactoryImpl.<init>(SessionFactoryImpl.java:302) ~[hibernate-core-6.6.11.Final.jar:6.6.11.Final]
	at org.hibernate.boot.internal.SessionFactoryBuilderImpl.build(SessionFactoryBuilderImpl.java:463) ~[hibernate-core-6.6.11.Final.jar:6.6.11.Final]
	at org.hibernate.jpa.boot.internal.EntityManagerFactoryBuilderImpl.build(EntityManagerFactoryBuilderImpl.java:1517) ~[hibernate-core-6.6.11.Final.jar:6.6.11.Final]
	at org.springframework.orm.jpa.vendor.SpringHibernateJpaPersistenceProvider.createContainerEntityManagerFactory(SpringHibernateJpaPersistenceProvider.java:66) ~[spring-orm-6.2.5.jar:6.2.5]
	at org.springframework.orm.jpa.LocalContainerEntityManagerFactoryBean.createNativeEntityManagerFactory(LocalContainerEntityManagerFactoryBean.java:390) ~[spring-orm-6.2.5.jar:6.2.5]
	at org.springframework.orm.jpa.AbstractEntityManagerFactoryBean.buildNativeEntityManagerFactory(AbstractEntityManagerFactoryBean.java:419) ~[spring-orm-6.2.5.jar:6.2.5]
	at org.springframework.orm.jpa.AbstractEntityManagerFactoryBean.afterPropertiesSet(AbstractEntityManagerFactoryBean.java:400) ~[spring-orm-6.2.5.jar:6.2.5]
	at org.springframework.orm.jpa.LocalContainerEntityManagerFactoryBean.afterPropertiesSet(LocalContainerEntityManagerFactoryBean.java:366) ~[spring-orm-6.2.5.jar:6.2.5]
	at org.springframework.beans.factory.support.AbstractAutowireCapableBeanFactory.invokeInitMethods(AbstractAutowireCapableBeanFactory.java:1859) ~[spring-beans-6.2.5.jar:6.2.5]
	at org.springframework.beans.factory.support.AbstractAutowireCapableBeanFactory.initializeBean(AbstractAutowireCapableBeanFactory.java:1808) ~[spring-beans-6.2.5.jar:6.2.5]
	at org.springframework.beans.factory.support.AbstractAutowireCapableBeanFactory.doCreateBean(AbstractAutowireCapableBeanFactory.java:601) ~[spring-beans-6.2.5.jar:6.2.5]
	at org.springframework.beans.factory.support.AbstractAutowireCapableBeanFactory.createBean(AbstractAutowireCapableBeanFactory.java:523) ~[spring-beans-6.2.5.jar:6.2.5]
	at org.springframework.beans.factory.support.AbstractBeanFactory.lambda$doGetBean$0(AbstractBeanFactory.java:339) ~[spring-beans-6.2.5.jar:6.2.5]
	at org.springframework.beans.factory.support.DefaultSingletonBeanRegistry.getSingleton(DefaultSingletonBeanRegistry.java:347) ~[spring-beans-6.2.5.jar:6.2.5]
	at org.springframework.beans.factory.support.AbstractBeanFactory.doGetBean(AbstractBeanFactory.java:337) ~[spring-beans-6.2.5.jar:6.2.5]
	at org.springframework.beans.factory.support.AbstractBeanFactory.getBean(AbstractBeanFactory.java:207) ~[spring-beans-6.2.5.jar:6.2.5]
	at org.springframework.context.support.AbstractApplicationContext.finishBeanFactoryInitialization(AbstractApplicationContext.java:970) ~[spring-context-6.2.5.jar:6.2.5]
	at org.springframework.context.support.AbstractApplicationContext.refresh(AbstractApplicationContext.java:627) ~[spring-context-6.2.5.jar:6.2.5]
	at org.springframework.boot.web.servlet.context.ServletWebServerApplicationContext.refresh(ServletWebServerApplicationContext.java:146) ~[spring-boot-3.4.4.jar:3.4.4]
	at org.springframework.boot.SpringApplication.refresh(SpringApplication.java:752) ~[spring-boot-3.4.4.jar:3.4.4]
	at org.springframework.boot.SpringApplication.refreshContext(SpringApplication.java:439) ~[spring-boot-3.4.4.jar:3.4.4]
	at org.springframework.boot.SpringApplication.run(SpringApplication.java:318) ~[spring-boot-3.4.4.jar:3.4.4]
	at org.springframework.boot.SpringApplication.run(SpringApplication.java:1361) ~[spring-boot-3.4.4.jar:3.4.4]
	at org.springframework.boot.SpringApplication.run(SpringApplication.java:1350) ~[spring-boot-3.4.4.jar:3.4.4]
	at com.duoc.backend.BackendApplication.main(BackendApplication.java:10) ~[classes/:na]

2026-09-12T11:52:58.399-03:00 DEBUG 2448 --- [backend] [main] org.hibernate.orm.sql.ast.tree           : SQL AST Tree:
    SelectStatement {
      FromClause {
        StandardTableGroup (i1 : com.duoc.backend.Invoice.Invoice) {
          primaryTableReference : invoice as i1_0
        }
      }
    }

2026-09-12T11:52:58.400-03:00 DEBUG 2448 --- [backend] [main] o.h.p.entity.AbstractEntityPersister     : Static SQL for entity: com.duoc.backend.Invoice.Invoice
2026-09-12T11:52:58.400-03:00 DEBUG 2448 --- [backend] [main] o.h.p.entity.AbstractEntityPersister     :  Version select: select id from invoice where id=?
2026-09-12T11:52:58.400-03:00 DEBUG 2448 --- [backend] [main] o.h.p.entity.AbstractEntityPersister     :  Insert (0): insert into invoice (date,patient_name,time,total_cost,id) values (?,?,?,?,?)
2026-09-12T11:52:58.401-03:00 DEBUG 2448 --- [backend] [main] o.h.p.entity.AbstractEntityPersister     :  Update (0): update invoice set date=?,patient_name=?,time=?,total_cost=? where id=?
2026-09-12T11:52:58.401-03:00 DEBUG 2448 --- [backend] [main] o.h.p.entity.AbstractEntityPersister     :  Delete (0): delete from invoice where id=?
2026-09-12T11:52:58.401-03:00 DEBUG 2448 --- [backend] [main] org.hibernate.orm.sql.ast.create         : Created new SQL alias : m1_0
2026-09-12T11:52:58.401-03:00 DEBUG 2448 --- [backend] [main] org.hibernate.orm.sql.ast.create         : Registration of TableGroup [StandardTableGroup(com.duoc.backend.Medication.Medication)] with identifierForTableGroup [com.duoc.backend.Medication.Medication] for NavigablePath [com.duoc.backend.Medication.Medication] 
2026-09-12T11:52:58.402-03:00 TRACE 2448 --- [backend] [main] o.h.l.ast.internal.LoaderSelectBuilder   : Starting visitation of FetchParent's Fetchables : com.duoc.backend.Medication.Medication
2026-09-12T11:52:58.402-03:00 DEBUG 2448 --- [backend] [main] org.hibernate.orm.results.graph.AST      : DomainResult Graph:
 \-EntityResultImpl [com.duoc.backend.Medication.Medication]
 |  +-BasicFetch [com.duoc.backend.Medication.Medication.cost]
 |  \-BasicFetch [com.duoc.backend.Medication.Medication.name]

2026-09-12T11:52:58.402-03:00 TRACE 2448 --- [backend] [main] org.hibernate.orm.results.graph.AST      : Stack trace calling DomainResultGraphPrinter

java.lang.Exception: null
	at org.hibernate.sql.results.graph.DomainResultGraphPrinter.visitDomainResults(DomainResultGraphPrinter.java:70) ~[hibernate-core-6.6.11.Final.jar:6.6.11.Final]
	at org.hibernate.sql.results.graph.DomainResultGraphPrinter.logDomainResultGraph(DomainResultGraphPrinter.java:46) ~[hibernate-core-6.6.11.Final.jar:6.6.11.Final]
	at org.hibernate.sql.results.graph.DomainResultGraphPrinter.logDomainResultGraph(DomainResultGraphPrinter.java:37) ~[hibernate-core-6.6.11.Final.jar:6.6.11.Final]
	at org.hibernate.sql.ast.spi.AbstractSqlAstTranslator.translateSelect(AbstractSqlAstTranslator.java:877) ~[hibernate-core-6.6.11.Final.jar:6.6.11.Final]
	at org.hibernate.sql.ast.spi.AbstractSqlAstTranslator.translate(AbstractSqlAstTranslator.java:815) ~[hibernate-core-6.6.11.Final.jar:6.6.11.Final]
	at org.hibernate.loader.ast.internal.SingleIdLoadPlan.<init>(SingleIdLoadPlan.java:66) ~[hibernate-core-6.6.11.Final.jar:6.6.11.Final]
	at org.hibernate.loader.ast.internal.SingleIdEntityLoaderStandardImpl.createLoadPlan(SingleIdEntityLoaderStandardImpl.java:198) ~[hibernate-core-6.6.11.Final.jar:6.6.11.Final]
	at org.hibernate.loader.ast.internal.SingleIdEntityLoaderStandardImpl.lambda$new$0(SingleIdEntityLoaderStandardImpl.java:41) ~[hibernate-core-6.6.11.Final.jar:6.6.11.Final]
	at org.hibernate.loader.ast.internal.SingleIdEntityLoaderStandardImpl.<init>(SingleIdEntityLoaderStandardImpl.java:61) ~[hibernate-core-6.6.11.Final.jar:6.6.11.Final]
	at org.hibernate.loader.ast.internal.SingleIdEntityLoaderStandardImpl.<init>(SingleIdEntityLoaderStandardImpl.java:38) ~[hibernate-core-6.6.11.Final.jar:6.6.11.Final]
	at org.hibernate.persister.entity.AbstractEntityPersister.buildSingleIdEntityLoader(AbstractEntityPersister.java:913) ~[hibernate-core-6.6.11.Final.jar:6.6.11.Final]
	at org.hibernate.persister.entity.AbstractEntityPersister.buildSingleIdEntityLoader(AbstractEntityPersister.java:902) ~[hibernate-core-6.6.11.Final.jar:6.6.11.Final]
	at org.hibernate.persister.entity.AbstractEntityPersister.prepareLoaders(AbstractEntityPersister.java:3531) ~[hibernate-core-6.6.11.Final.jar:6.6.11.Final]
	at org.hibernate.metamodel.model.domain.internal.MappingMetamodelImpl.finishInitialization(MappingMetamodelImpl.java:208) ~[hibernate-core-6.6.11.Final.jar:6.6.11.Final]
	at org.hibernate.internal.SessionFactoryImpl.initializeMappingModel(SessionFactoryImpl.java:373) ~[hibernate-core-6.6.11.Final.jar:6.6.11.Final]
	at org.hibernate.internal.SessionFactoryImpl.<init>(SessionFactoryImpl.java:302) ~[hibernate-core-6.6.11.Final.jar:6.6.11.Final]
	at org.hibernate.boot.internal.SessionFactoryBuilderImpl.build(SessionFactoryBuilderImpl.java:463) ~[hibernate-core-6.6.11.Final.jar:6.6.11.Final]
	at org.hibernate.jpa.boot.internal.EntityManagerFactoryBuilderImpl.build(EntityManagerFactoryBuilderImpl.java:1517) ~[hibernate-core-6.6.11.Final.jar:6.6.11.Final]
	at org.springframework.orm.jpa.vendor.SpringHibernateJpaPersistenceProvider.createContainerEntityManagerFactory(SpringHibernateJpaPersistenceProvider.java:66) ~[spring-orm-6.2.5.jar:6.2.5]
	at org.springframework.orm.jpa.LocalContainerEntityManagerFactoryBean.createNativeEntityManagerFactory(LocalContainerEntityManagerFactoryBean.java:390) ~[spring-orm-6.2.5.jar:6.2.5]
	at org.springframework.orm.jpa.AbstractEntityManagerFactoryBean.buildNativeEntityManagerFactory(AbstractEntityManagerFactoryBean.java:419) ~[spring-orm-6.2.5.jar:6.2.5]
	at org.springframework.orm.jpa.AbstractEntityManagerFactoryBean.afterPropertiesSet(AbstractEntityManagerFactoryBean.java:400) ~[spring-orm-6.2.5.jar:6.2.5]
	at org.springframework.orm.jpa.LocalContainerEntityManagerFactoryBean.afterPropertiesSet(LocalContainerEntityManagerFactoryBean.java:366) ~[spring-orm-6.2.5.jar:6.2.5]
	at org.springframework.beans.factory.support.AbstractAutowireCapableBeanFactory.invokeInitMethods(AbstractAutowireCapableBeanFactory.java:1859) ~[spring-beans-6.2.5.jar:6.2.5]
	at org.springframework.beans.factory.support.AbstractAutowireCapableBeanFactory.initializeBean(AbstractAutowireCapableBeanFactory.java:1808) ~[spring-beans-6.2.5.jar:6.2.5]
	at org.springframework.beans.factory.support.AbstractAutowireCapableBeanFactory.doCreateBean(AbstractAutowireCapableBeanFactory.java:601) ~[spring-beans-6.2.5.jar:6.2.5]
	at org.springframework.beans.factory.support.AbstractAutowireCapableBeanFactory.createBean(AbstractAutowireCapableBeanFactory.java:523) ~[spring-beans-6.2.5.jar:6.2.5]
	at org.springframework.beans.factory.support.AbstractBeanFactory.lambda$doGetBean$0(AbstractBeanFactory.java:339) ~[spring-beans-6.2.5.jar:6.2.5]
	at org.springframework.beans.factory.support.DefaultSingletonBeanRegistry.getSingleton(DefaultSingletonBeanRegistry.java:347) ~[spring-beans-6.2.5.jar:6.2.5]
	at org.springframework.beans.factory.support.AbstractBeanFactory.doGetBean(AbstractBeanFactory.java:337) ~[spring-beans-6.2.5.jar:6.2.5]
	at org.springframework.beans.factory.support.AbstractBeanFactory.getBean(AbstractBeanFactory.java:207) ~[spring-beans-6.2.5.jar:6.2.5]
	at org.springframework.context.support.AbstractApplicationContext.finishBeanFactoryInitialization(AbstractApplicationContext.java:970) ~[spring-context-6.2.5.jar:6.2.5]
	at org.springframework.context.support.AbstractApplicationContext.refresh(AbstractApplicationContext.java:627) ~[spring-context-6.2.5.jar:6.2.5]
	at org.springframework.boot.web.servlet.context.ServletWebServerApplicationContext.refresh(ServletWebServerApplicationContext.java:146) ~[spring-boot-3.4.4.jar:3.4.4]
	at org.springframework.boot.SpringApplication.refresh(SpringApplication.java:752) ~[spring-boot-3.4.4.jar:3.4.4]
	at org.springframework.boot.SpringApplication.refreshContext(SpringApplication.java:439) ~[spring-boot-3.4.4.jar:3.4.4]
	at org.springframework.boot.SpringApplication.run(SpringApplication.java:318) ~[spring-boot-3.4.4.jar:3.4.4]
	at org.springframework.boot.SpringApplication.run(SpringApplication.java:1361) ~[spring-boot-3.4.4.jar:3.4.4]
	at org.springframework.boot.SpringApplication.run(SpringApplication.java:1350) ~[spring-boot-3.4.4.jar:3.4.4]
	at com.duoc.backend.BackendApplication.main(BackendApplication.java:10) ~[classes/:na]

2026-09-12T11:52:58.403-03:00 DEBUG 2448 --- [backend] [main] org.hibernate.orm.sql.ast.tree           : SQL AST Tree:
    SelectStatement {
      FromClause {
        StandardTableGroup (m1 : com.duoc.backend.Medication.Medication) {
          primaryTableReference : medication as m1_0
        }
      }
    }

2026-09-12T11:52:58.404-03:00 DEBUG 2448 --- [backend] [main] o.h.p.entity.AbstractEntityPersister     : Static SQL for entity: com.duoc.backend.Medication.Medication
2026-09-12T11:52:58.404-03:00 DEBUG 2448 --- [backend] [main] o.h.p.entity.AbstractEntityPersister     :  Version select: select id from medication where id=?
2026-09-12T11:52:58.405-03:00 DEBUG 2448 --- [backend] [main] o.h.p.entity.AbstractEntityPersister     :  Insert (0): insert into medication (cost,name,id) values (?,?,?)
2026-09-12T11:52:58.405-03:00 DEBUG 2448 --- [backend] [main] o.h.p.entity.AbstractEntityPersister     :  Update (0): update medication set cost=?,name=? where id=?
2026-09-12T11:52:58.405-03:00 DEBUG 2448 --- [backend] [main] o.h.p.entity.AbstractEntityPersister     :  Delete (0): delete from medication where id=?
2026-09-12T11:52:58.405-03:00 DEBUG 2448 --- [backend] [main] org.hibernate.orm.sql.ast.create         : Created new SQL alias : c1_0
2026-09-12T11:52:58.405-03:00 DEBUG 2448 --- [backend] [main] org.hibernate.orm.sql.ast.create         : Registration of TableGroup [StandardTableGroup(com.duoc.backend.Care.Care)] with identifierForTableGroup [com.duoc.backend.Care.Care] for NavigablePath [com.duoc.backend.Care.Care] 
2026-09-12T11:52:58.406-03:00 TRACE 2448 --- [backend] [main] o.h.l.ast.internal.LoaderSelectBuilder   : Starting visitation of FetchParent's Fetchables : com.duoc.backend.Care.Care
2026-09-12T11:52:58.406-03:00 DEBUG 2448 --- [backend] [main] org.hibernate.orm.results.graph.AST      : DomainResult Graph:
 \-EntityResultImpl [com.duoc.backend.Care.Care]
 |  +-BasicFetch [com.duoc.backend.Care.Care.cost]
 |  \-BasicFetch [com.duoc.backend.Care.Care.name]

2026-09-12T11:52:58.406-03:00 TRACE 2448 --- [backend] [main] org.hibernate.orm.results.graph.AST      : Stack trace calling DomainResultGraphPrinter

java.lang.Exception: null
	at org.hibernate.sql.results.graph.DomainResultGraphPrinter.visitDomainResults(DomainResultGraphPrinter.java:70) ~[hibernate-core-6.6.11.Final.jar:6.6.11.Final]
	at org.hibernate.sql.results.graph.DomainResultGraphPrinter.logDomainResultGraph(DomainResultGraphPrinter.java:46) ~[hibernate-core-6.6.11.Final.jar:6.6.11.Final]
	at org.hibernate.sql.results.graph.DomainResultGraphPrinter.logDomainResultGraph(DomainResultGraphPrinter.java:37) ~[hibernate-core-6.6.11.Final.jar:6.6.11.Final]
	at org.hibernate.sql.ast.spi.AbstractSqlAstTranslator.translateSelect(AbstractSqlAstTranslator.java:877) ~[hibernate-core-6.6.11.Final.jar:6.6.11.Final]
	at org.hibernate.sql.ast.spi.AbstractSqlAstTranslator.translate(AbstractSqlAstTranslator.java:815) ~[hibernate-core-6.6.11.Final.jar:6.6.11.Final]
	at org.hibernate.loader.ast.internal.SingleIdLoadPlan.<init>(SingleIdLoadPlan.java:66) ~[hibernate-core-6.6.11.Final.jar:6.6.11.Final]
	at org.hibernate.loader.ast.internal.SingleIdEntityLoaderStandardImpl.createLoadPlan(SingleIdEntityLoaderStandardImpl.java:198) ~[hibernate-core-6.6.11.Final.jar:6.6.11.Final]
	at org.hibernate.loader.ast.internal.SingleIdEntityLoaderStandardImpl.lambda$new$0(SingleIdEntityLoaderStandardImpl.java:41) ~[hibernate-core-6.6.11.Final.jar:6.6.11.Final]
	at org.hibernate.loader.ast.internal.SingleIdEntityLoaderStandardImpl.<init>(SingleIdEntityLoaderStandardImpl.java:61) ~[hibernate-core-6.6.11.Final.jar:6.6.11.Final]
	at org.hibernate.loader.ast.internal.SingleIdEntityLoaderStandardImpl.<init>(SingleIdEntityLoaderStandardImpl.java:38) ~[hibernate-core-6.6.11.Final.jar:6.6.11.Final]
	at org.hibernate.persister.entity.AbstractEntityPersister.buildSingleIdEntityLoader(AbstractEntityPersister.java:913) ~[hibernate-core-6.6.11.Final.jar:6.6.11.Final]
	at org.hibernate.persister.entity.AbstractEntityPersister.buildSingleIdEntityLoader(AbstractEntityPersister.java:902) ~[hibernate-core-6.6.11.Final.jar:6.6.11.Final]
	at org.hibernate.persister.entity.AbstractEntityPersister.prepareLoaders(AbstractEntityPersister.java:3531) ~[hibernate-core-6.6.11.Final.jar:6.6.11.Final]
	at org.hibernate.metamodel.model.domain.internal.MappingMetamodelImpl.finishInitialization(MappingMetamodelImpl.java:208) ~[hibernate-core-6.6.11.Final.jar:6.6.11.Final]
	at org.hibernate.internal.SessionFactoryImpl.initializeMappingModel(SessionFactoryImpl.java:373) ~[hibernate-core-6.6.11.Final.jar:6.6.11.Final]
	at org.hibernate.internal.SessionFactoryImpl.<init>(SessionFactoryImpl.java:302) ~[hibernate-core-6.6.11.Final.jar:6.6.11.Final]
	at org.hibernate.boot.internal.SessionFactoryBuilderImpl.build(SessionFactoryBuilderImpl.java:463) ~[hibernate-core-6.6.11.Final.jar:6.6.11.Final]
	at org.hibernate.jpa.boot.internal.EntityManagerFactoryBuilderImpl.build(EntityManagerFactoryBuilderImpl.java:1517) ~[hibernate-core-6.6.11.Final.jar:6.6.11.Final]
	at org.springframework.orm.jpa.vendor.SpringHibernateJpaPersistenceProvider.createContainerEntityManagerFactory(SpringHibernateJpaPersistenceProvider.java:66) ~[spring-orm-6.2.5.jar:6.2.5]
	at org.springframework.orm.jpa.LocalContainerEntityManagerFactoryBean.createNativeEntityManagerFactory(LocalContainerEntityManagerFactoryBean.java:390) ~[spring-orm-6.2.5.jar:6.2.5]
	at org.springframework.orm.jpa.AbstractEntityManagerFactoryBean.buildNativeEntityManagerFactory(AbstractEntityManagerFactoryBean.java:419) ~[spring-orm-6.2.5.jar:6.2.5]
	at org.springframework.orm.jpa.AbstractEntityManagerFactoryBean.afterPropertiesSet(AbstractEntityManagerFactoryBean.java:400) ~[spring-orm-6.2.5.jar:6.2.5]
	at org.springframework.orm.jpa.LocalContainerEntityManagerFactoryBean.afterPropertiesSet(LocalContainerEntityManagerFactoryBean.java:366) ~[spring-orm-6.2.5.jar:6.2.5]
	at org.springframework.beans.factory.support.AbstractAutowireCapableBeanFactory.invokeInitMethods(AbstractAutowireCapableBeanFactory.java:1859) ~[spring-beans-6.2.5.jar:6.2.5]
	at org.springframework.beans.factory.support.AbstractAutowireCapableBeanFactory.initializeBean(AbstractAutowireCapableBeanFactory.java:1808) ~[spring-beans-6.2.5.jar:6.2.5]
	at org.springframework.beans.factory.support.AbstractAutowireCapableBeanFactory.doCreateBean(AbstractAutowireCapableBeanFactory.java:601) ~[spring-beans-6.2.5.jar:6.2.5]
	at org.springframework.beans.factory.support.AbstractAutowireCapableBeanFactory.createBean(AbstractAutowireCapableBeanFactory.java:523) ~[spring-beans-6.2.5.jar:6.2.5]
	at org.springframework.beans.factory.support.AbstractBeanFactory.lambda$doGetBean$0(AbstractBeanFactory.java:339) ~[spring-beans-6.2.5.jar:6.2.5]
	at org.springframework.beans.factory.support.DefaultSingletonBeanRegistry.getSingleton(DefaultSingletonBeanRegistry.java:347) ~[spring-beans-6.2.5.jar:6.2.5]
	at org.springframework.beans.factory.support.AbstractBeanFactory.doGetBean(AbstractBeanFactory.java:337) ~[spring-beans-6.2.5.jar:6.2.5]
	at org.springframework.beans.factory.support.AbstractBeanFactory.getBean(AbstractBeanFactory.java:207) ~[spring-beans-6.2.5.jar:6.2.5]
	at org.springframework.context.support.AbstractApplicationContext.finishBeanFactoryInitialization(AbstractApplicationContext.java:970) ~[spring-context-6.2.5.jar:6.2.5]
	at org.springframework.context.support.AbstractApplicationContext.refresh(AbstractApplicationContext.java:627) ~[spring-context-6.2.5.jar:6.2.5]
	at org.springframework.boot.web.servlet.context.ServletWebServerApplicationContext.refresh(ServletWebServerApplicationContext.java:146) ~[spring-boot-3.4.4.jar:3.4.4]
	at org.springframework.boot.SpringApplication.refresh(SpringApplication.java:752) ~[spring-boot-3.4.4.jar:3.4.4]
	at org.springframework.boot.SpringApplication.refreshContext(SpringApplication.java:439) ~[spring-boot-3.4.4.jar:3.4.4]
	at org.springframework.boot.SpringApplication.run(SpringApplication.java:318) ~[spring-boot-3.4.4.jar:3.4.4]
	at org.springframework.boot.SpringApplication.run(SpringApplication.java:1361) ~[spring-boot-3.4.4.jar:3.4.4]
	at org.springframework.boot.SpringApplication.run(SpringApplication.java:1350) ~[spring-boot-3.4.4.jar:3.4.4]
	at com.duoc.backend.BackendApplication.main(BackendApplication.java:10) ~[classes/:na]

2026-09-12T11:52:58.407-03:00 DEBUG 2448 --- [backend] [main] org.hibernate.orm.sql.ast.tree           : SQL AST Tree:
    SelectStatement {
      FromClause {
        StandardTableGroup (c1 : com.duoc.backend.Care.Care) {
          primaryTableReference : care as c1_0
        }
      }
    }

2026-09-12T11:52:58.407-03:00 DEBUG 2448 --- [backend] [main] o.h.p.entity.AbstractEntityPersister     : Static SQL for entity: com.duoc.backend.Care.Care
2026-09-12T11:52:58.407-03:00 DEBUG 2448 --- [backend] [main] o.h.p.entity.AbstractEntityPersister     :  Version select: select id from care where id=?
2026-09-12T11:52:58.407-03:00 DEBUG 2448 --- [backend] [main] o.h.p.entity.AbstractEntityPersister     :  Insert (0): insert into care (cost,name,id) values (?,?,?)
2026-09-12T11:52:58.407-03:00 DEBUG 2448 --- [backend] [main] o.h.p.entity.AbstractEntityPersister     :  Update (0): update care set cost=?,name=? where id=?
2026-09-12T11:52:58.407-03:00 DEBUG 2448 --- [backend] [main] o.h.p.entity.AbstractEntityPersister     :  Delete (0): delete from care where id=?
2026-09-12T11:52:58.409-03:00 DEBUG 2448 --- [backend] [main] org.hibernate.orm.sql.ast.create         : Created new SQL alias : m1_0
2026-09-12T11:52:58.417-03:00 DEBUG 2448 --- [backend] [main] org.hibernate.orm.sql.ast.create         : Registration of TableGroup [CollectionTableGroup(com.duoc.backend.Invoice.Invoice.medications)] with identifierForTableGroup [com.duoc.backend.Invoice.Invoice.medications] for NavigablePath [com.duoc.backend.Invoice.Invoice.medications] 
2026-09-12T11:52:58.417-03:00 DEBUG 2448 --- [backend] [main] org.hibernate.orm.sql.ast.create         : Registration of TableGroup [org.hibernate.sql.ast.tree.from.LazyTableGroup@4ba1f425] with identifierForTableGroup [com.duoc.backend.Invoice.Invoice.medications.{element}] for NavigablePath [com.duoc.backend.Invoice.Invoice.medications.{element}] 
2026-09-12T11:52:58.422-03:00 DEBUG 2448 --- [backend] [main] org.hibernate.orm.sql.ast.create         : Created new SQL alias : m1_1
2026-09-12T11:52:58.424-03:00 TRACE 2448 --- [backend] [main] o.h.l.ast.internal.LoaderSelectBuilder   : Starting visitation of FetchParent's Fetchables : com.duoc.backend.Invoice.Invoice.medications.{element}
2026-09-12T11:52:58.426-03:00 DEBUG 2448 --- [backend] [main] org.hibernate.orm.results.graph.AST      : DomainResult Graph:
 \-CollectionDomainResult [com.duoc.backend.Invoice.Invoice.medications]

2026-09-12T11:52:58.426-03:00 TRACE 2448 --- [backend] [main] org.hibernate.orm.results.graph.AST      : Stack trace calling DomainResultGraphPrinter

java.lang.Exception: null
	at org.hibernate.sql.results.graph.DomainResultGraphPrinter.visitDomainResults(DomainResultGraphPrinter.java:70) ~[hibernate-core-6.6.11.Final.jar:6.6.11.Final]
	at org.hibernate.sql.results.graph.DomainResultGraphPrinter.logDomainResultGraph(DomainResultGraphPrinter.java:46) ~[hibernate-core-6.6.11.Final.jar:6.6.11.Final]
	at org.hibernate.sql.results.graph.DomainResultGraphPrinter.logDomainResultGraph(DomainResultGraphPrinter.java:37) ~[hibernate-core-6.6.11.Final.jar:6.6.11.Final]
	at org.hibernate.sql.ast.spi.AbstractSqlAstTranslator.translateSelect(AbstractSqlAstTranslator.java:877) ~[hibernate-core-6.6.11.Final.jar:6.6.11.Final]
	at org.hibernate.sql.ast.spi.AbstractSqlAstTranslator.translate(AbstractSqlAstTranslator.java:815) ~[hibernate-core-6.6.11.Final.jar:6.6.11.Final]
	at org.hibernate.loader.ast.internal.CollectionLoaderSingleKey.<init>(CollectionLoaderSingleKey.java:78) ~[hibernate-core-6.6.11.Final.jar:6.6.11.Final]
	at org.hibernate.persister.collection.AbstractCollectionPersister.createSingleKeyCollectionLoader(AbstractCollectionPersister.java:859) ~[hibernate-core-6.6.11.Final.jar:6.6.11.Final]
	at org.hibernate.persister.collection.AbstractCollectionPersister.createCollectionLoader(AbstractCollectionPersister.java:844) ~[hibernate-core-6.6.11.Final.jar:6.6.11.Final]
	at org.hibernate.persister.collection.AbstractCollectionPersister.postInstantiate(AbstractCollectionPersister.java:690) ~[hibernate-core-6.6.11.Final.jar:6.6.11.Final]
	at java.base/java.util.concurrent.ConcurrentHashMap$ValuesView.forEach(Unknown Source) ~[na:na]
	at org.hibernate.metamodel.model.domain.internal.MappingMetamodelImpl.finishInitialization(MappingMetamodelImpl.java:211) ~[hibernate-core-6.6.11.Final.jar:6.6.11.Final]
	at org.hibernate.internal.SessionFactoryImpl.initializeMappingModel(SessionFactoryImpl.java:373) ~[hibernate-core-6.6.11.Final.jar:6.6.11.Final]
	at org.hibernate.internal.SessionFactoryImpl.<init>(SessionFactoryImpl.java:302) ~[hibernate-core-6.6.11.Final.jar:6.6.11.Final]
	at org.hibernate.boot.internal.SessionFactoryBuilderImpl.build(SessionFactoryBuilderImpl.java:463) ~[hibernate-core-6.6.11.Final.jar:6.6.11.Final]
	at org.hibernate.jpa.boot.internal.EntityManagerFactoryBuilderImpl.build(EntityManagerFactoryBuilderImpl.java:1517) ~[hibernate-core-6.6.11.Final.jar:6.6.11.Final]
	at org.springframework.orm.jpa.vendor.SpringHibernateJpaPersistenceProvider.createContainerEntityManagerFactory(SpringHibernateJpaPersistenceProvider.java:66) ~[spring-orm-6.2.5.jar:6.2.5]
	at org.springframework.orm.jpa.LocalContainerEntityManagerFactoryBean.createNativeEntityManagerFactory(LocalContainerEntityManagerFactoryBean.java:390) ~[spring-orm-6.2.5.jar:6.2.5]
	at org.springframework.orm.jpa.AbstractEntityManagerFactoryBean.buildNativeEntityManagerFactory(AbstractEntityManagerFactoryBean.java:419) ~[spring-orm-6.2.5.jar:6.2.5]
	at org.springframework.orm.jpa.AbstractEntityManagerFactoryBean.afterPropertiesSet(AbstractEntityManagerFactoryBean.java:400) ~[spring-orm-6.2.5.jar:6.2.5]
	at org.springframework.orm.jpa.LocalContainerEntityManagerFactoryBean.afterPropertiesSet(LocalContainerEntityManagerFactoryBean.java:366) ~[spring-orm-6.2.5.jar:6.2.5]
	at org.springframework.beans.factory.support.AbstractAutowireCapableBeanFactory.invokeInitMethods(AbstractAutowireCapableBeanFactory.java:1859) ~[spring-beans-6.2.5.jar:6.2.5]
	at org.springframework.beans.factory.support.AbstractAutowireCapableBeanFactory.initializeBean(AbstractAutowireCapableBeanFactory.java:1808) ~[spring-beans-6.2.5.jar:6.2.5]
	at org.springframework.beans.factory.support.AbstractAutowireCapableBeanFactory.doCreateBean(AbstractAutowireCapableBeanFactory.java:601) ~[spring-beans-6.2.5.jar:6.2.5]
	at org.springframework.beans.factory.support.AbstractAutowireCapableBeanFactory.createBean(AbstractAutowireCapableBeanFactory.java:523) ~[spring-beans-6.2.5.jar:6.2.5]
	at org.springframework.beans.factory.support.AbstractBeanFactory.lambda$doGetBean$0(AbstractBeanFactory.java:339) ~[spring-beans-6.2.5.jar:6.2.5]
	at org.springframework.beans.factory.support.DefaultSingletonBeanRegistry.getSingleton(DefaultSingletonBeanRegistry.java:347) ~[spring-beans-6.2.5.jar:6.2.5]
	at org.springframework.beans.factory.support.AbstractBeanFactory.doGetBean(AbstractBeanFactory.java:337) ~[spring-beans-6.2.5.jar:6.2.5]
	at org.springframework.beans.factory.support.AbstractBeanFactory.getBean(AbstractBeanFactory.java:207) ~[spring-beans-6.2.5.jar:6.2.5]
	at org.springframework.context.support.AbstractApplicationContext.finishBeanFactoryInitialization(AbstractApplicationContext.java:970) ~[spring-context-6.2.5.jar:6.2.5]
	at org.springframework.context.support.AbstractApplicationContext.refresh(AbstractApplicationContext.java:627) ~[spring-context-6.2.5.jar:6.2.5]
	at org.springframework.boot.web.servlet.context.ServletWebServerApplicationContext.refresh(ServletWebServerApplicationContext.java:146) ~[spring-boot-3.4.4.jar:3.4.4]
	at org.springframework.boot.SpringApplication.refresh(SpringApplication.java:752) ~[spring-boot-3.4.4.jar:3.4.4]
	at org.springframework.boot.SpringApplication.refreshContext(SpringApplication.java:439) ~[spring-boot-3.4.4.jar:3.4.4]
	at org.springframework.boot.SpringApplication.run(SpringApplication.java:318) ~[spring-boot-3.4.4.jar:3.4.4]
	at org.springframework.boot.SpringApplication.run(SpringApplication.java:1361) ~[spring-boot-3.4.4.jar:3.4.4]
	at org.springframework.boot.SpringApplication.run(SpringApplication.java:1350) ~[spring-boot-3.4.4.jar:3.4.4]
	at com.duoc.backend.BackendApplication.main(BackendApplication.java:10) ~[classes/:na]

2026-09-12T11:52:58.428-03:00 DEBUG 2448 --- [backend] [main] org.hibernate.orm.sql.ast.tree           : SQL AST Tree:
    SelectStatement {
      FromClause {
        CollectionTableGroup (m1 : com.duoc.backend.Invoice.Invoice.medications) {
          primaryTableReference : invoice_medications as m1_0
          TableGroupJoins {
             join LazyTableGroup (m1 : com.duoc.backend.Invoice.Invoice.medications.{element}) {
              primaryTableReference : medication as m1_1
            }
          }
        }
      }
    }

2026-09-12T11:52:58.434-03:00 DEBUG 2448 --- [backend] [main] org.hibernate.orm.jdbc.mutation          : Static SQL for collection: com.duoc.backend.Invoice.Invoice.medications
2026-09-12T11:52:58.435-03:00 DEBUG 2448 --- [backend] [main] org.hibernate.orm.jdbc.mutation          :  Row insert: insert into invoice_medications (invoice_id,medication_id) values (?,?)
2026-09-12T11:52:58.437-03:00 DEBUG 2448 --- [backend] [main] org.hibernate.orm.jdbc.mutation          :  Row delete: delete from invoice_medications where invoice_id=? and medication_id=?
2026-09-12T11:52:58.438-03:00 TRACE 2448 --- [backend] [main] org.hibernate.orm.jdbc.mutation          : Starting RemoveCoordinator#buildOperationGroup - com.duoc.backend.Invoice.Invoice.medications
2026-09-12T11:52:58.439-03:00 DEBUG 2448 --- [backend] [main] org.hibernate.orm.jdbc.mutation          :  One-shot delete: delete from invoice_medications where invoice_id=?
2026-09-12T11:52:58.439-03:00 DEBUG 2448 --- [backend] [main] org.hibernate.orm.sql.ast.create         : Created new SQL alias : c1_0
2026-09-12T11:52:58.439-03:00 DEBUG 2448 --- [backend] [main] org.hibernate.orm.sql.ast.create         : Registration of TableGroup [CollectionTableGroup(com.duoc.backend.Invoice.Invoice.cares)] with identifierForTableGroup [com.duoc.backend.Invoice.Invoice.cares] for NavigablePath [com.duoc.backend.Invoice.Invoice.cares] 
2026-09-12T11:52:58.439-03:00 DEBUG 2448 --- [backend] [main] org.hibernate.orm.sql.ast.create         : Registration of TableGroup [org.hibernate.sql.ast.tree.from.LazyTableGroup@4d84688f] with identifierForTableGroup [com.duoc.backend.Invoice.Invoice.cares.{element}] for NavigablePath [com.duoc.backend.Invoice.Invoice.cares.{element}] 
2026-09-12T11:52:58.439-03:00 DEBUG 2448 --- [backend] [main] org.hibernate.orm.sql.ast.create         : Created new SQL alias : c1_1
2026-09-12T11:52:58.440-03:00 TRACE 2448 --- [backend] [main] o.h.l.ast.internal.LoaderSelectBuilder   : Starting visitation of FetchParent's Fetchables : com.duoc.backend.Invoice.Invoice.cares.{element}
2026-09-12T11:52:58.440-03:00 DEBUG 2448 --- [backend] [main] org.hibernate.orm.results.graph.AST      : DomainResult Graph:
 \-CollectionDomainResult [com.duoc.backend.Invoice.Invoice.cares]

2026-09-12T11:52:58.440-03:00 TRACE 2448 --- [backend] [main] org.hibernate.orm.results.graph.AST      : Stack trace calling DomainResultGraphPrinter

java.lang.Exception: null
	at org.hibernate.sql.results.graph.DomainResultGraphPrinter.visitDomainResults(DomainResultGraphPrinter.java:70) ~[hibernate-core-6.6.11.Final.jar:6.6.11.Final]
	at org.hibernate.sql.results.graph.DomainResultGraphPrinter.logDomainResultGraph(DomainResultGraphPrinter.java:46) ~[hibernate-core-6.6.11.Final.jar:6.6.11.Final]
	at org.hibernate.sql.results.graph.DomainResultGraphPrinter.logDomainResultGraph(DomainResultGraphPrinter.java:37) ~[hibernate-core-6.6.11.Final.jar:6.6.11.Final]
	at org.hibernate.sql.ast.spi.AbstractSqlAstTranslator.translateSelect(AbstractSqlAstTranslator.java:877) ~[hibernate-core-6.6.11.Final.jar:6.6.11.Final]
	at org.hibernate.sql.ast.spi.AbstractSqlAstTranslator.translate(AbstractSqlAstTranslator.java:815) ~[hibernate-core-6.6.11.Final.jar:6.6.11.Final]
	at org.hibernate.loader.ast.internal.CollectionLoaderSingleKey.<init>(CollectionLoaderSingleKey.java:78) ~[hibernate-core-6.6.11.Final.jar:6.6.11.Final]
	at org.hibernate.persister.collection.AbstractCollectionPersister.createSingleKeyCollectionLoader(AbstractCollectionPersister.java:859) ~[hibernate-core-6.6.11.Final.jar:6.6.11.Final]
	at org.hibernate.persister.collection.AbstractCollectionPersister.createCollectionLoader(AbstractCollectionPersister.java:844) ~[hibernate-core-6.6.11.Final.jar:6.6.11.Final]
	at org.hibernate.persister.collection.AbstractCollectionPersister.postInstantiate(AbstractCollectionPersister.java:690) ~[hibernate-core-6.6.11.Final.jar:6.6.11.Final]
	at java.base/java.util.concurrent.ConcurrentHashMap$ValuesView.forEach(Unknown Source) ~[na:na]
	at org.hibernate.metamodel.model.domain.internal.MappingMetamodelImpl.finishInitialization(MappingMetamodelImpl.java:211) ~[hibernate-core-6.6.11.Final.jar:6.6.11.Final]
	at org.hibernate.internal.SessionFactoryImpl.initializeMappingModel(SessionFactoryImpl.java:373) ~[hibernate-core-6.6.11.Final.jar:6.6.11.Final]
	at org.hibernate.internal.SessionFactoryImpl.<init>(SessionFactoryImpl.java:302) ~[hibernate-core-6.6.11.Final.jar:6.6.11.Final]
	at org.hibernate.boot.internal.SessionFactoryBuilderImpl.build(SessionFactoryBuilderImpl.java:463) ~[hibernate-core-6.6.11.Final.jar:6.6.11.Final]
	at org.hibernate.jpa.boot.internal.EntityManagerFactoryBuilderImpl.build(EntityManagerFactoryBuilderImpl.java:1517) ~[hibernate-core-6.6.11.Final.jar:6.6.11.Final]
	at org.springframework.orm.jpa.vendor.SpringHibernateJpaPersistenceProvider.createContainerEntityManagerFactory(SpringHibernateJpaPersistenceProvider.java:66) ~[spring-orm-6.2.5.jar:6.2.5]
	at org.springframework.orm.jpa.LocalContainerEntityManagerFactoryBean.createNativeEntityManagerFactory(LocalContainerEntityManagerFactoryBean.java:390) ~[spring-orm-6.2.5.jar:6.2.5]
	at org.springframework.orm.jpa.AbstractEntityManagerFactoryBean.buildNativeEntityManagerFactory(AbstractEntityManagerFactoryBean.java:419) ~[spring-orm-6.2.5.jar:6.2.5]
	at org.springframework.orm.jpa.AbstractEntityManagerFactoryBean.afterPropertiesSet(AbstractEntityManagerFactoryBean.java:400) ~[spring-orm-6.2.5.jar:6.2.5]
	at org.springframework.orm.jpa.LocalContainerEntityManagerFactoryBean.afterPropertiesSet(LocalContainerEntityManagerFactoryBean.java:366) ~[spring-orm-6.2.5.jar:6.2.5]
	at org.springframework.beans.factory.support.AbstractAutowireCapableBeanFactory.invokeInitMethods(AbstractAutowireCapableBeanFactory.java:1859) ~[spring-beans-6.2.5.jar:6.2.5]
	at org.springframework.beans.factory.support.AbstractAutowireCapableBeanFactory.initializeBean(AbstractAutowireCapableBeanFactory.java:1808) ~[spring-beans-6.2.5.jar:6.2.5]
	at org.springframework.beans.factory.support.AbstractAutowireCapableBeanFactory.doCreateBean(AbstractAutowireCapableBeanFactory.java:601) ~[spring-beans-6.2.5.jar:6.2.5]
	at org.springframework.beans.factory.support.AbstractAutowireCapableBeanFactory.createBean(AbstractAutowireCapableBeanFactory.java:523) ~[spring-beans-6.2.5.jar:6.2.5]
	at org.springframework.beans.factory.support.AbstractBeanFactory.lambda$doGetBean$0(AbstractBeanFactory.java:339) ~[spring-beans-6.2.5.jar:6.2.5]
	at org.springframework.beans.factory.support.DefaultSingletonBeanRegistry.getSingleton(DefaultSingletonBeanRegistry.java:347) ~[spring-beans-6.2.5.jar:6.2.5]
	at org.springframework.beans.factory.support.AbstractBeanFactory.doGetBean(AbstractBeanFactory.java:337) ~[spring-beans-6.2.5.jar:6.2.5]
	at org.springframework.beans.factory.support.AbstractBeanFactory.getBean(AbstractBeanFactory.java:207) ~[spring-beans-6.2.5.jar:6.2.5]
	at org.springframework.context.support.AbstractApplicationContext.finishBeanFactoryInitialization(AbstractApplicationContext.java:970) ~[spring-context-6.2.5.jar:6.2.5]
	at org.springframework.context.support.AbstractApplicationContext.refresh(AbstractApplicationContext.java:627) ~[spring-context-6.2.5.jar:6.2.5]
	at org.springframework.boot.web.servlet.context.ServletWebServerApplicationContext.refresh(ServletWebServerApplicationContext.java:146) ~[spring-boot-3.4.4.jar:3.4.4]
	at org.springframework.boot.SpringApplication.refresh(SpringApplication.java:752) ~[spring-boot-3.4.4.jar:3.4.4]
	at org.springframework.boot.SpringApplication.refreshContext(SpringApplication.java:439) ~[spring-boot-3.4.4.jar:3.4.4]
	at org.springframework.boot.SpringApplication.run(SpringApplication.java:318) ~[spring-boot-3.4.4.jar:3.4.4]
	at org.springframework.boot.SpringApplication.run(SpringApplication.java:1361) ~[spring-boot-3.4.4.jar:3.4.4]
	at org.springframework.boot.SpringApplication.run(SpringApplication.java:1350) ~[spring-boot-3.4.4.jar:3.4.4]
	at com.duoc.backend.BackendApplication.main(BackendApplication.java:10) ~[classes/:na]

2026-09-12T11:52:58.441-03:00 DEBUG 2448 --- [backend] [main] org.hibernate.orm.sql.ast.tree           : SQL AST Tree:
    SelectStatement {
      FromClause {
        CollectionTableGroup (c1 : com.duoc.backend.Invoice.Invoice.cares) {
          primaryTableReference : invoice_cares as c1_0
          TableGroupJoins {
             join LazyTableGroup (c1 : com.duoc.backend.Invoice.Invoice.cares.{element}) {
              primaryTableReference : care as c1_1
            }
          }
        }
      }
    }

2026-09-12T11:52:58.441-03:00 DEBUG 2448 --- [backend] [main] org.hibernate.orm.jdbc.mutation          : Static SQL for collection: com.duoc.backend.Invoice.Invoice.cares
2026-09-12T11:52:58.441-03:00 DEBUG 2448 --- [backend] [main] org.hibernate.orm.jdbc.mutation          :  Row insert: insert into invoice_cares (invoice_id,care_id) values (?,?)
2026-09-12T11:52:58.442-03:00 DEBUG 2448 --- [backend] [main] org.hibernate.orm.jdbc.mutation          :  Row delete: delete from invoice_cares where invoice_id=? and care_id=?
2026-09-12T11:52:58.442-03:00 TRACE 2448 --- [backend] [main] org.hibernate.orm.jdbc.mutation          : Starting RemoveCoordinator#buildOperationGroup - com.duoc.backend.Invoice.Invoice.cares
2026-09-12T11:52:58.442-03:00 DEBUG 2448 --- [backend] [main] org.hibernate.orm.jdbc.mutation          :  One-shot delete: delete from invoice_cares where invoice_id=?
2026-09-12T11:52:58.467-03:00 TRACE 2448 --- [backend] [main] o.h.metamodel.internal.MetadataContext   : Wrapping up metadata context...
2026-09-12T11:52:58.469-03:00 TRACE 2448 --- [backend] [main] o.h.metamodel.internal.MetadataContext   : Starting entity [com.duoc.backend.User]
2026-09-12T11:52:58.470-03:00 TRACE 2448 --- [backend] [main] o.h.metamodel.internal.AttributeFactory  : Building identifier attribute [com.duoc.backend.User.id]
2026-09-12T11:52:58.471-03:00 TRACE 2448 --- [backend] [main] o.h.metamodel.internal.AttributeFactory  : Starting attribute metadata determination [id]
2026-09-12T11:52:58.471-03:00 TRACE 2448 --- [backend] [main] o.h.metamodel.internal.AttributeFactory  :     Determined member [private java.lang.Integer com.duoc.backend.User.id]
2026-09-12T11:52:58.471-03:00 TRACE 2448 --- [backend] [main] o.h.metamodel.internal.AttributeFactory  :     Determined type [name=integer, class=org.hibernate.type.internal.NamedBasicTypeImpl]
2026-09-12T11:52:58.476-03:00 TRACE 2448 --- [backend] [main] o.h.metamodel.internal.AttributeFactory  : Building attribute [com.duoc.backend.User.email]
2026-09-12T11:52:58.476-03:00 TRACE 2448 --- [backend] [main] o.h.metamodel.internal.AttributeFactory  : Starting attribute metadata determination [email]
2026-09-12T11:52:58.476-03:00 TRACE 2448 --- [backend] [main] o.h.metamodel.internal.AttributeFactory  :     Determined member [private java.lang.String com.duoc.backend.User.email]
2026-09-12T11:52:58.477-03:00 TRACE 2448 --- [backend] [main] o.h.metamodel.internal.AttributeFactory  :     Determined type [name=string, class=org.hibernate.type.internal.NamedBasicTypeImpl]
2026-09-12T11:52:58.478-03:00 TRACE 2448 --- [backend] [main] o.h.metamodel.internal.AttributeFactory  : Building attribute [com.duoc.backend.User.password]
2026-09-12T11:52:58.479-03:00 TRACE 2448 --- [backend] [main] o.h.metamodel.internal.AttributeFactory  : Starting attribute metadata determination [password]
2026-09-12T11:52:58.479-03:00 TRACE 2448 --- [backend] [main] o.h.metamodel.internal.AttributeFactory  :     Determined member [private java.lang.String com.duoc.backend.User.password]
2026-09-12T11:52:58.480-03:00 TRACE 2448 --- [backend] [main] o.h.metamodel.internal.AttributeFactory  :     Determined type [name=string, class=org.hibernate.type.internal.NamedBasicTypeImpl]
2026-09-12T11:52:58.480-03:00 TRACE 2448 --- [backend] [main] o.h.metamodel.internal.AttributeFactory  : Building attribute [com.duoc.backend.User.username]
2026-09-12T11:52:58.481-03:00 TRACE 2448 --- [backend] [main] o.h.metamodel.internal.AttributeFactory  : Starting attribute metadata determination [username]
2026-09-12T11:52:58.481-03:00 TRACE 2448 --- [backend] [main] o.h.metamodel.internal.AttributeFactory  :     Determined member [private java.lang.String com.duoc.backend.User.username]
2026-09-12T11:52:58.482-03:00 TRACE 2448 --- [backend] [main] o.h.metamodel.internal.AttributeFactory  :     Determined type [name=string, class=org.hibernate.type.internal.NamedBasicTypeImpl]
2026-09-12T11:52:58.482-03:00 TRACE 2448 --- [backend] [main] o.h.m.m.domain.AbstractIdentifiableType  : Interpreting domain-model identifier descriptor
2026-09-12T11:52:58.483-03:00 TRACE 2448 --- [backend] [main] o.h.metamodel.internal.MetadataContext   : Completed entity [com.duoc.backend.User]
2026-09-12T11:52:58.484-03:00 TRACE 2448 --- [backend] [main] o.h.metamodel.internal.MetadataContext   : Starting entity [com.duoc.backend.Appointment.Appointment]
2026-09-12T11:52:58.484-03:00 TRACE 2448 --- [backend] [main] o.h.metamodel.internal.AttributeFactory  : Building identifier attribute [com.duoc.backend.Appointment.Appointment.id]
2026-09-12T11:52:58.484-03:00 TRACE 2448 --- [backend] [main] o.h.metamodel.internal.AttributeFactory  : Starting attribute metadata determination [id]
2026-09-12T11:52:58.484-03:00 TRACE 2448 --- [backend] [main] o.h.metamodel.internal.AttributeFactory  :     Determined member [private java.lang.Long com.duoc.backend.Appointment.Appointment.id]
2026-09-12T11:52:58.484-03:00 TRACE 2448 --- [backend] [main] o.h.metamodel.internal.AttributeFactory  :     Determined type [name=long, class=org.hibernate.type.internal.NamedBasicTypeImpl]
2026-09-12T11:52:58.484-03:00 TRACE 2448 --- [backend] [main] o.h.metamodel.internal.AttributeFactory  : Building attribute [com.duoc.backend.Appointment.Appointment.date]
2026-09-12T11:52:58.484-03:00 TRACE 2448 --- [backend] [main] o.h.metamodel.internal.AttributeFactory  : Starting attribute metadata determination [date]
2026-09-12T11:52:58.484-03:00 TRACE 2448 --- [backend] [main] o.h.metamodel.internal.AttributeFactory  :     Determined member [private java.time.LocalDate com.duoc.backend.Appointment.Appointment.date]
2026-09-12T11:52:58.485-03:00 TRACE 2448 --- [backend] [main] o.h.metamodel.internal.AttributeFactory  :     Determined type [name=LocalDate, class=org.hibernate.type.internal.NamedBasicTypeImpl]
2026-09-12T11:52:58.485-03:00 TRACE 2448 --- [backend] [main] o.h.metamodel.internal.AttributeFactory  : Building attribute [com.duoc.backend.Appointment.Appointment.reason]
2026-09-12T11:52:58.485-03:00 TRACE 2448 --- [backend] [main] o.h.metamodel.internal.AttributeFactory  : Starting attribute metadata determination [reason]
2026-09-12T11:52:58.485-03:00 TRACE 2448 --- [backend] [main] o.h.metamodel.internal.AttributeFactory  :     Determined member [private java.lang.String com.duoc.backend.Appointment.Appointment.reason]
2026-09-12T11:52:58.485-03:00 TRACE 2448 --- [backend] [main] o.h.metamodel.internal.AttributeFactory  :     Determined type [name=string, class=org.hibernate.type.internal.NamedBasicTypeImpl]
2026-09-12T11:52:58.485-03:00 TRACE 2448 --- [backend] [main] o.h.metamodel.internal.AttributeFactory  : Building attribute [com.duoc.backend.Appointment.Appointment.time]
2026-09-12T11:52:58.485-03:00 TRACE 2448 --- [backend] [main] o.h.metamodel.internal.AttributeFactory  : Starting attribute metadata determination [time]
2026-09-12T11:52:58.485-03:00 TRACE 2448 --- [backend] [main] o.h.metamodel.internal.AttributeFactory  :     Determined member [private java.time.LocalTime com.duoc.backend.Appointment.Appointment.time]
2026-09-12T11:52:58.485-03:00 TRACE 2448 --- [backend] [main] o.h.metamodel.internal.AttributeFactory  :     Determined type [name=LocalTime, class=org.hibernate.type.internal.NamedBasicTypeImpl]
2026-09-12T11:52:58.485-03:00 TRACE 2448 --- [backend] [main] o.h.metamodel.internal.AttributeFactory  : Building attribute [com.duoc.backend.Appointment.Appointment.veterinarian]
2026-09-12T11:52:58.485-03:00 TRACE 2448 --- [backend] [main] o.h.metamodel.internal.AttributeFactory  : Starting attribute metadata determination [veterinarian]
2026-09-12T11:52:58.485-03:00 TRACE 2448 --- [backend] [main] o.h.metamodel.internal.AttributeFactory  :     Determined member [private java.lang.String com.duoc.backend.Appointment.Appointment.veterinarian]
2026-09-12T11:52:58.485-03:00 TRACE 2448 --- [backend] [main] o.h.metamodel.internal.AttributeFactory  :     Determined type [name=string, class=org.hibernate.type.internal.NamedBasicTypeImpl]
2026-09-12T11:52:58.485-03:00 TRACE 2448 --- [backend] [main] o.h.m.m.domain.AbstractIdentifiableType  : Interpreting domain-model identifier descriptor
2026-09-12T11:52:58.486-03:00 TRACE 2448 --- [backend] [main] o.h.metamodel.internal.MetadataContext   : Completed entity [com.duoc.backend.Appointment.Appointment]
2026-09-12T11:52:58.486-03:00 TRACE 2448 --- [backend] [main] o.h.metamodel.internal.MetadataContext   : Starting entity [com.duoc.backend.Patient.Patient]
2026-09-12T11:52:58.486-03:00 TRACE 2448 --- [backend] [main] o.h.metamodel.internal.AttributeFactory  : Building identifier attribute [com.duoc.backend.Patient.Patient.id]
2026-09-12T11:52:58.486-03:00 TRACE 2448 --- [backend] [main] o.h.metamodel.internal.AttributeFactory  : Starting attribute metadata determination [id]
2026-09-12T11:52:58.486-03:00 TRACE 2448 --- [backend] [main] o.h.metamodel.internal.AttributeFactory  :     Determined member [private java.lang.Long com.duoc.backend.Patient.Patient.id]
2026-09-12T11:52:58.486-03:00 TRACE 2448 --- [backend] [main] o.h.metamodel.internal.AttributeFactory  :     Determined type [name=long, class=org.hibernate.type.internal.NamedBasicTypeImpl]
2026-09-12T11:52:58.486-03:00 TRACE 2448 --- [backend] [main] o.h.metamodel.internal.AttributeFactory  : Building attribute [com.duoc.backend.Patient.Patient.age]
2026-09-12T11:52:58.486-03:00 TRACE 2448 --- [backend] [main] o.h.metamodel.internal.AttributeFactory  : Starting attribute metadata determination [age]
2026-09-12T11:52:58.487-03:00 TRACE 2448 --- [backend] [main] o.h.metamodel.internal.AttributeFactory  :     Determined member [private int com.duoc.backend.Patient.Patient.age]
2026-09-12T11:52:58.487-03:00 TRACE 2448 --- [backend] [main] o.h.metamodel.internal.AttributeFactory  :     Determined type [name=integer, class=org.hibernate.type.internal.NamedBasicTypeImpl]
2026-09-12T11:52:58.489-03:00 TRACE 2448 --- [backend] [main] o.h.metamodel.internal.AttributeFactory  : Building attribute [com.duoc.backend.Patient.Patient.breed]
2026-09-12T11:52:58.490-03:00 TRACE 2448 --- [backend] [main] o.h.metamodel.internal.AttributeFactory  : Starting attribute metadata determination [breed]
2026-09-12T11:52:58.490-03:00 TRACE 2448 --- [backend] [main] o.h.metamodel.internal.AttributeFactory  :     Determined member [private java.lang.String com.duoc.backend.Patient.Patient.breed]
2026-09-12T11:52:58.490-03:00 TRACE 2448 --- [backend] [main] o.h.metamodel.internal.AttributeFactory  :     Determined type [name=string, class=org.hibernate.type.internal.NamedBasicTypeImpl]
2026-09-12T11:52:58.490-03:00 TRACE 2448 --- [backend] [main] o.h.metamodel.internal.AttributeFactory  : Building attribute [com.duoc.backend.Patient.Patient.name]
2026-09-12T11:52:58.490-03:00 TRACE 2448 --- [backend] [main] o.h.metamodel.internal.AttributeFactory  : Starting attribute metadata determination [name]
2026-09-12T11:52:58.490-03:00 TRACE 2448 --- [backend] [main] o.h.metamodel.internal.AttributeFactory  :     Determined member [private java.lang.String com.duoc.backend.Patient.Patient.name]
2026-09-12T11:52:58.490-03:00 TRACE 2448 --- [backend] [main] o.h.metamodel.internal.AttributeFactory  :     Determined type [name=string, class=org.hibernate.type.internal.NamedBasicTypeImpl]
2026-09-12T11:52:58.490-03:00 TRACE 2448 --- [backend] [main] o.h.metamodel.internal.AttributeFactory  : Building attribute [com.duoc.backend.Patient.Patient.owner]
2026-09-12T11:52:58.490-03:00 TRACE 2448 --- [backend] [main] o.h.metamodel.internal.AttributeFactory  : Starting attribute metadata determination [owner]
2026-09-12T11:52:58.491-03:00 TRACE 2448 --- [backend] [main] o.h.metamodel.internal.AttributeFactory  :     Determined member [private java.lang.String com.duoc.backend.Patient.Patient.owner]
2026-09-12T11:52:58.491-03:00 TRACE 2448 --- [backend] [main] o.h.metamodel.internal.AttributeFactory  :     Determined type [name=string, class=org.hibernate.type.internal.NamedBasicTypeImpl]
2026-09-12T11:52:58.491-03:00 TRACE 2448 --- [backend] [main] o.h.metamodel.internal.AttributeFactory  : Building attribute [com.duoc.backend.Patient.Patient.species]
2026-09-12T11:52:58.491-03:00 TRACE 2448 --- [backend] [main] o.h.metamodel.internal.AttributeFactory  : Starting attribute metadata determination [species]
2026-09-12T11:52:58.491-03:00 TRACE 2448 --- [backend] [main] o.h.metamodel.internal.AttributeFactory  :     Determined member [private java.lang.String com.duoc.backend.Patient.Patient.species]
2026-09-12T11:52:58.491-03:00 TRACE 2448 --- [backend] [main] o.h.metamodel.internal.AttributeFactory  :     Determined type [name=string, class=org.hibernate.type.internal.NamedBasicTypeImpl]
2026-09-12T11:52:58.491-03:00 TRACE 2448 --- [backend] [main] o.h.m.m.domain.AbstractIdentifiableType  : Interpreting domain-model identifier descriptor
2026-09-12T11:52:58.492-03:00 TRACE 2448 --- [backend] [main] o.h.metamodel.internal.MetadataContext   : Completed entity [com.duoc.backend.Patient.Patient]
2026-09-12T11:52:58.492-03:00 TRACE 2448 --- [backend] [main] o.h.metamodel.internal.MetadataContext   : Starting entity [com.duoc.backend.Invoice.Invoice]
2026-09-12T11:52:58.492-03:00 TRACE 2448 --- [backend] [main] o.h.metamodel.internal.AttributeFactory  : Building identifier attribute [com.duoc.backend.Invoice.Invoice.id]
2026-09-12T11:52:58.492-03:00 TRACE 2448 --- [backend] [main] o.h.metamodel.internal.AttributeFactory  : Starting attribute metadata determination [id]
2026-09-12T11:52:58.492-03:00 TRACE 2448 --- [backend] [main] o.h.metamodel.internal.AttributeFactory  :     Determined member [private java.lang.Long com.duoc.backend.Invoice.Invoice.id]
2026-09-12T11:52:58.492-03:00 TRACE 2448 --- [backend] [main] o.h.metamodel.internal.AttributeFactory  :     Determined type [name=long, class=org.hibernate.type.internal.NamedBasicTypeImpl]
2026-09-12T11:52:58.492-03:00 TRACE 2448 --- [backend] [main] o.h.metamodel.internal.AttributeFactory  : Building attribute [com.duoc.backend.Invoice.Invoice.cares]
2026-09-12T11:52:58.493-03:00 TRACE 2448 --- [backend] [main] o.h.metamodel.internal.AttributeFactory  : Starting attribute metadata determination [cares]
2026-09-12T11:52:58.493-03:00 TRACE 2448 --- [backend] [main] o.h.metamodel.internal.AttributeFactory  :     Determined member [private java.util.List com.duoc.backend.Invoice.Invoice.cares]
2026-09-12T11:52:58.493-03:00 TRACE 2448 --- [backend] [main] o.h.metamodel.internal.AttributeFactory  :     Determined type [name=java.util.Collection(com.duoc.backend.Invoice.Invoice.cares), class=org.hibernate.type.BagType]
2026-09-12T11:52:58.500-03:00 TRACE 2448 --- [backend] [main] o.h.metamodel.internal.AttributeFactory  : Building attribute [com.duoc.backend.Invoice.Invoice.date]
2026-09-12T11:52:58.500-03:00 TRACE 2448 --- [backend] [main] o.h.metamodel.internal.AttributeFactory  : Starting attribute metadata determination [date]
2026-09-12T11:52:58.500-03:00 TRACE 2448 --- [backend] [main] o.h.metamodel.internal.AttributeFactory  :     Determined member [private java.time.LocalDate com.duoc.backend.Invoice.Invoice.date]
2026-09-12T11:52:58.500-03:00 TRACE 2448 --- [backend] [main] o.h.metamodel.internal.AttributeFactory  :     Determined type [name=LocalDate, class=org.hibernate.type.internal.NamedBasicTypeImpl]
2026-09-12T11:52:58.500-03:00 TRACE 2448 --- [backend] [main] o.h.metamodel.internal.AttributeFactory  : Building attribute [com.duoc.backend.Invoice.Invoice.medications]
2026-09-12T11:52:58.501-03:00 TRACE 2448 --- [backend] [main] o.h.metamodel.internal.AttributeFactory  : Starting attribute metadata determination [medications]
2026-09-12T11:52:58.501-03:00 TRACE 2448 --- [backend] [main] o.h.metamodel.internal.AttributeFactory  :     Determined member [private java.util.List com.duoc.backend.Invoice.Invoice.medications]
2026-09-12T11:52:58.501-03:00 TRACE 2448 --- [backend] [main] o.h.metamodel.internal.AttributeFactory  :     Determined type [name=java.util.Collection(com.duoc.backend.Invoice.Invoice.medications), class=org.hibernate.type.BagType]
2026-09-12T11:52:58.501-03:00 TRACE 2448 --- [backend] [main] o.h.metamodel.internal.AttributeFactory  : Building attribute [com.duoc.backend.Invoice.Invoice.patientName]
2026-09-12T11:52:58.501-03:00 TRACE 2448 --- [backend] [main] o.h.metamodel.internal.AttributeFactory  : Starting attribute metadata determination [patientName]
2026-09-12T11:52:58.501-03:00 TRACE 2448 --- [backend] [main] o.h.metamodel.internal.AttributeFactory  :     Determined member [private java.lang.String com.duoc.backend.Invoice.Invoice.patientName]
2026-09-12T11:52:58.501-03:00 TRACE 2448 --- [backend] [main] o.h.metamodel.internal.AttributeFactory  :     Determined type [name=string, class=org.hibernate.type.internal.NamedBasicTypeImpl]
2026-09-12T11:52:58.501-03:00 TRACE 2448 --- [backend] [main] o.h.metamodel.internal.AttributeFactory  : Building attribute [com.duoc.backend.Invoice.Invoice.time]
2026-09-12T11:52:58.501-03:00 TRACE 2448 --- [backend] [main] o.h.metamodel.internal.AttributeFactory  : Starting attribute metadata determination [time]
2026-09-12T11:52:58.502-03:00 TRACE 2448 --- [backend] [main] o.h.metamodel.internal.AttributeFactory  :     Determined member [private java.time.LocalTime com.duoc.backend.Invoice.Invoice.time]
2026-09-12T11:52:58.502-03:00 TRACE 2448 --- [backend] [main] o.h.metamodel.internal.AttributeFactory  :     Determined type [name=LocalTime, class=org.hibernate.type.internal.NamedBasicTypeImpl]
2026-09-12T11:52:58.502-03:00 TRACE 2448 --- [backend] [main] o.h.metamodel.internal.AttributeFactory  : Building attribute [com.duoc.backend.Invoice.Invoice.totalCost]
2026-09-12T11:52:58.502-03:00 TRACE 2448 --- [backend] [main] o.h.metamodel.internal.AttributeFactory  : Starting attribute metadata determination [totalCost]
2026-09-12T11:52:58.502-03:00 TRACE 2448 --- [backend] [main] o.h.metamodel.internal.AttributeFactory  :     Determined member [private java.lang.Double com.duoc.backend.Invoice.Invoice.totalCost]
2026-09-12T11:52:58.502-03:00 TRACE 2448 --- [backend] [main] o.h.metamodel.internal.AttributeFactory  :     Determined type [name=double, class=org.hibernate.type.internal.NamedBasicTypeImpl]
2026-09-12T11:52:58.502-03:00 TRACE 2448 --- [backend] [main] o.h.m.m.domain.AbstractIdentifiableType  : Interpreting domain-model identifier descriptor
2026-09-12T11:52:58.503-03:00 TRACE 2448 --- [backend] [main] o.h.metamodel.internal.MetadataContext   : Completed entity [com.duoc.backend.Invoice.Invoice]
2026-09-12T11:52:58.503-03:00 TRACE 2448 --- [backend] [main] o.h.metamodel.internal.MetadataContext   : Starting entity [com.duoc.backend.Medication.Medication]
2026-09-12T11:52:58.503-03:00 TRACE 2448 --- [backend] [main] o.h.metamodel.internal.AttributeFactory  : Building identifier attribute [com.duoc.backend.Medication.Medication.id]
2026-09-12T11:52:58.503-03:00 TRACE 2448 --- [backend] [main] o.h.metamodel.internal.AttributeFactory  : Starting attribute metadata determination [id]
2026-09-12T11:52:58.504-03:00 TRACE 2448 --- [backend] [main] o.h.metamodel.internal.AttributeFactory  :     Determined member [private java.lang.Long com.duoc.backend.Medication.Medication.id]
2026-09-12T11:52:58.504-03:00 TRACE 2448 --- [backend] [main] o.h.metamodel.internal.AttributeFactory  :     Determined type [name=long, class=org.hibernate.type.internal.NamedBasicTypeImpl]
2026-09-12T11:52:58.504-03:00 TRACE 2448 --- [backend] [main] o.h.metamodel.internal.AttributeFactory  : Building attribute [com.duoc.backend.Medication.Medication.cost]
2026-09-12T11:52:58.504-03:00 TRACE 2448 --- [backend] [main] o.h.metamodel.internal.AttributeFactory  : Starting attribute metadata determination [cost]
2026-09-12T11:52:58.504-03:00 TRACE 2448 --- [backend] [main] o.h.metamodel.internal.AttributeFactory  :     Determined member [private java.lang.Double com.duoc.backend.Medication.Medication.cost]
2026-09-12T11:52:58.504-03:00 TRACE 2448 --- [backend] [main] o.h.metamodel.internal.AttributeFactory  :     Determined type [name=double, class=org.hibernate.type.internal.NamedBasicTypeImpl]
2026-09-12T11:52:58.504-03:00 TRACE 2448 --- [backend] [main] o.h.metamodel.internal.AttributeFactory  : Building attribute [com.duoc.backend.Medication.Medication.name]
2026-09-12T11:52:58.504-03:00 TRACE 2448 --- [backend] [main] o.h.metamodel.internal.AttributeFactory  : Starting attribute metadata determination [name]
2026-09-12T11:52:58.505-03:00 TRACE 2448 --- [backend] [main] o.h.metamodel.internal.AttributeFactory  :     Determined member [private java.lang.String com.duoc.backend.Medication.Medication.name]
2026-09-12T11:52:58.505-03:00 TRACE 2448 --- [backend] [main] o.h.metamodel.internal.AttributeFactory  :     Determined type [name=string, class=org.hibernate.type.internal.NamedBasicTypeImpl]
2026-09-12T11:52:58.505-03:00 TRACE 2448 --- [backend] [main] o.h.m.m.domain.AbstractIdentifiableType  : Interpreting domain-model identifier descriptor
2026-09-12T11:52:58.505-03:00 TRACE 2448 --- [backend] [main] o.h.metamodel.internal.MetadataContext   : Completed entity [com.duoc.backend.Medication.Medication]
2026-09-12T11:52:58.505-03:00 TRACE 2448 --- [backend] [main] o.h.metamodel.internal.MetadataContext   : Starting entity [com.duoc.backend.Care.Care]
2026-09-12T11:52:58.505-03:00 TRACE 2448 --- [backend] [main] o.h.metamodel.internal.AttributeFactory  : Building identifier attribute [com.duoc.backend.Care.Care.id]
2026-09-12T11:52:58.505-03:00 TRACE 2448 --- [backend] [main] o.h.metamodel.internal.AttributeFactory  : Starting attribute metadata determination [id]
2026-09-12T11:52:58.506-03:00 TRACE 2448 --- [backend] [main] o.h.metamodel.internal.AttributeFactory  :     Determined member [private java.lang.Long com.duoc.backend.Care.Care.id]
2026-09-12T11:52:58.506-03:00 TRACE 2448 --- [backend] [main] o.h.metamodel.internal.AttributeFactory  :     Determined type [name=long, class=org.hibernate.type.internal.NamedBasicTypeImpl]
2026-09-12T11:52:58.506-03:00 TRACE 2448 --- [backend] [main] o.h.metamodel.internal.AttributeFactory  : Building attribute [com.duoc.backend.Care.Care.cost]
2026-09-12T11:52:58.506-03:00 TRACE 2448 --- [backend] [main] o.h.metamodel.internal.AttributeFactory  : Starting attribute metadata determination [cost]
2026-09-12T11:52:58.506-03:00 TRACE 2448 --- [backend] [main] o.h.metamodel.internal.AttributeFactory  :     Determined member [private java.lang.Double com.duoc.backend.Care.Care.cost]
2026-09-12T11:52:58.506-03:00 TRACE 2448 --- [backend] [main] o.h.metamodel.internal.AttributeFactory  :     Determined type [name=double, class=org.hibernate.type.internal.NamedBasicTypeImpl]
2026-09-12T11:52:58.507-03:00 TRACE 2448 --- [backend] [main] o.h.metamodel.internal.AttributeFactory  : Building attribute [com.duoc.backend.Care.Care.name]
2026-09-12T11:52:58.507-03:00 TRACE 2448 --- [backend] [main] o.h.metamodel.internal.AttributeFactory  : Starting attribute metadata determination [name]
2026-09-12T11:52:58.507-03:00 TRACE 2448 --- [backend] [main] o.h.metamodel.internal.AttributeFactory  :     Determined member [private java.lang.String com.duoc.backend.Care.Care.name]
2026-09-12T11:52:58.507-03:00 TRACE 2448 --- [backend] [main] o.h.metamodel.internal.AttributeFactory  :     Determined type [name=string, class=org.hibernate.type.internal.NamedBasicTypeImpl]
2026-09-12T11:52:58.507-03:00 TRACE 2448 --- [backend] [main] o.h.m.m.domain.AbstractIdentifiableType  : Interpreting domain-model identifier descriptor
2026-09-12T11:52:58.508-03:00 TRACE 2448 --- [backend] [main] o.h.metamodel.internal.MetadataContext   : Completed entity [com.duoc.backend.Care.Care]
2026-09-12T11:52:58.514-03:00 TRACE 2448 --- [backend] [main] o.h.s.i.AbstractServiceRegistryImpl      : Initializing service [role=org.hibernate.engine.transaction.jta.platform.spi.JtaPlatform]
2026-09-12T11:52:58.515-03:00  INFO 2448 --- [backend] [main] o.h.e.t.j.p.i.JtaPlatformInitiator       : HHH000489: No JTA platform available (set 'hibernate.transaction.jta.platform' to enable JTA platform integration)
2026-09-12T11:52:58.516-03:00 DEBUG 2448 --- [backend] [main] o.h.type.spi.TypeConfiguration$Scope     : Scoping TypeConfiguration [org.hibernate.type.spi.TypeConfiguration@63c99f7] to SessionFactoryImplementor [org.hibernate.internal.SessionFactoryImpl@42012093]
2026-09-12T11:52:58.518-03:00 DEBUG 2448 --- [backend] [main] o.h.query.named.NamedObjectRepository    : Checking 0 named HQL queries
2026-09-12T11:52:58.518-03:00 DEBUG 2448 --- [backend] [main] o.h.query.named.NamedObjectRepository    : Checking 0 named SQL queries
2026-09-12T11:52:58.522-03:00 TRACE 2448 --- [backend] [main] o.h.s.i.AbstractServiceRegistryImpl      : Initializing service [role=org.hibernate.tool.schema.spi.SchemaManagementTool]
2026-09-12T11:52:58.535-03:00 TRACE 2448 --- [backend] [main] .e.j.e.i.NormalizingIdentifierHelperImpl : Normalizing identifier quoting [null]
2026-09-12T11:52:58.536-03:00 TRACE 2448 --- [backend] [main] o.h.s.i.AbstractServiceRegistryImpl      : Initializing service [role=org.hibernate.engine.jdbc.connections.spi.MultiTenantConnectionProvider]
2026-09-12T11:52:58.557-03:00 DEBUG 2448 --- [backend] [main] com.zaxxer.hikari.HikariConfig           : HikariPool-1 - configuration:
2026-09-12T11:52:58.560-03:00 DEBUG 2448 --- [backend] [main] com.zaxxer.hikari.HikariConfig           : allowPoolSuspension.............false
2026-09-12T11:52:58.560-03:00 DEBUG 2448 --- [backend] [main] com.zaxxer.hikari.HikariConfig           : autoCommit......................true
2026-09-12T11:52:58.560-03:00 DEBUG 2448 --- [backend] [main] com.zaxxer.hikari.HikariConfig           : catalog.........................none
2026-09-12T11:52:58.560-03:00 DEBUG 2448 --- [backend] [main] com.zaxxer.hikari.HikariConfig           : connectionInitSql...............none
2026-09-12T11:52:58.560-03:00 DEBUG 2448 --- [backend] [main] com.zaxxer.hikari.HikariConfig           : connectionTestQuery.............none
2026-09-12T11:52:58.561-03:00 DEBUG 2448 --- [backend] [main] com.zaxxer.hikari.HikariConfig           : connectionTimeout...............30000
2026-09-12T11:52:58.561-03:00 DEBUG 2448 --- [backend] [main] com.zaxxer.hikari.HikariConfig           : dataSource......................none
2026-09-12T11:52:58.561-03:00 DEBUG 2448 --- [backend] [main] com.zaxxer.hikari.HikariConfig           : dataSourceClassName.............none
2026-09-12T11:52:58.561-03:00 DEBUG 2448 --- [backend] [main] com.zaxxer.hikari.HikariConfig           : dataSourceJNDI..................none
2026-09-12T11:52:58.561-03:00 DEBUG 2448 --- [backend] [main] com.zaxxer.hikari.HikariConfig           : dataSourceProperties............{password=<masked>}
2026-09-12T11:52:58.561-03:00 DEBUG 2448 --- [backend] [main] com.zaxxer.hikari.HikariConfig           : driverClassName................."com.mysql.cj.jdbc.Driver"
2026-09-12T11:52:58.561-03:00 DEBUG 2448 --- [backend] [main] com.zaxxer.hikari.HikariConfig           : exceptionOverrideClassName......none
2026-09-12T11:52:58.562-03:00 DEBUG 2448 --- [backend] [main] com.zaxxer.hikari.HikariConfig           : healthCheckProperties...........{}
2026-09-12T11:52:58.564-03:00 DEBUG 2448 --- [backend] [main] com.zaxxer.hikari.HikariConfig           : healthCheckRegistry.............none
2026-09-12T11:52:58.565-03:00 DEBUG 2448 --- [backend] [main] com.zaxxer.hikari.HikariConfig           : idleTimeout.....................600000
2026-09-12T11:52:58.565-03:00 DEBUG 2448 --- [backend] [main] com.zaxxer.hikari.HikariConfig           : initializationFailTimeout.......1
2026-09-12T11:52:58.565-03:00 DEBUG 2448 --- [backend] [main] com.zaxxer.hikari.HikariConfig           : isolateInternalQueries..........false
2026-09-12T11:52:58.566-03:00 DEBUG 2448 --- [backend] [main] com.zaxxer.hikari.HikariConfig           : jdbcUrl.........................jdbc:mysql://mysql-cdy2203:3306/mydatabase
2026-09-12T11:52:58.566-03:00 DEBUG 2448 --- [backend] [main] com.zaxxer.hikari.HikariConfig           : keepaliveTime...................0
2026-09-12T11:52:58.566-03:00 DEBUG 2448 --- [backend] [main] com.zaxxer.hikari.HikariConfig           : leakDetectionThreshold..........0
2026-09-12T11:52:58.566-03:00 DEBUG 2448 --- [backend] [main] com.zaxxer.hikari.HikariConfig           : maxLifetime.....................1800000
2026-09-12T11:52:58.567-03:00 DEBUG 2448 --- [backend] [main] com.zaxxer.hikari.HikariConfig           : maximumPoolSize.................10
2026-09-12T11:52:58.567-03:00 DEBUG 2448 --- [backend] [main] com.zaxxer.hikari.HikariConfig           : metricRegistry..................none
2026-09-12T11:52:58.567-03:00 DEBUG 2448 --- [backend] [main] com.zaxxer.hikari.HikariConfig           : metricsTrackerFactory...........none
2026-09-12T11:52:58.567-03:00 DEBUG 2448 --- [backend] [main] com.zaxxer.hikari.HikariConfig           : minimumIdle.....................10
2026-09-12T11:52:58.567-03:00 DEBUG 2448 --- [backend] [main] com.zaxxer.hikari.HikariConfig           : password........................<masked>
2026-09-12T11:52:58.567-03:00 DEBUG 2448 --- [backend] [main] com.zaxxer.hikari.HikariConfig           : poolName........................"HikariPool-1"
2026-09-12T11:52:58.568-03:00 DEBUG 2448 --- [backend] [main] com.zaxxer.hikari.HikariConfig           : readOnly........................false
2026-09-12T11:52:58.568-03:00 DEBUG 2448 --- [backend] [main] com.zaxxer.hikari.HikariConfig           : registerMbeans..................false
2026-09-12T11:52:58.568-03:00 DEBUG 2448 --- [backend] [main] com.zaxxer.hikari.HikariConfig           : scheduledExecutor...............none
2026-09-12T11:52:58.568-03:00 DEBUG 2448 --- [backend] [main] com.zaxxer.hikari.HikariConfig           : schema..........................none
2026-09-12T11:52:58.569-03:00 DEBUG 2448 --- [backend] [main] com.zaxxer.hikari.HikariConfig           : threadFactory...................internal
2026-09-12T11:52:58.569-03:00 DEBUG 2448 --- [backend] [main] com.zaxxer.hikari.HikariConfig           : transactionIsolation............default
2026-09-12T11:52:58.569-03:00 DEBUG 2448 --- [backend] [main] com.zaxxer.hikari.HikariConfig           : username........................"myuser"
2026-09-12T11:52:58.570-03:00 DEBUG 2448 --- [backend] [main] com.zaxxer.hikari.HikariConfig           : validationTimeout...............5000
2026-09-12T11:52:58.570-03:00  INFO 2448 --- [backend] [main] com.zaxxer.hikari.HikariDataSource       : HikariPool-1 - Starting...
2026-09-12T11:52:58.572-03:00 DEBUG 2448 --- [backend] [main] com.zaxxer.hikari.pool.PoolBase          : HikariPool-1 - Failed to create/setup connection: Communications link failure

The last packet sent successfully to the server was 0 milliseconds ago. The driver has not received any packets from the server.
2026-09-12T11:52:58.572-03:00 DEBUG 2448 --- [backend] [main] com.zaxxer.hikari.pool.HikariPool        : HikariPool-1 - Cannot acquire connection from data source

com.mysql.cj.jdbc.exceptions.CommunicationsException: Communications link failure

The last packet sent successfully to the server was 0 milliseconds ago. The driver has not received any packets from the server.
	at com.mysql.cj.jdbc.exceptions.SQLError.createCommunicationsException(SQLError.java:165) ~[mysql-connector-j-9.1.0.jar:9.1.0]
	at com.mysql.cj.jdbc.exceptions.SQLExceptionsMapping.translateException(SQLExceptionsMapping.java:55) ~[mysql-connector-j-9.1.0.jar:9.1.0]
	at com.mysql.cj.jdbc.ConnectionImpl.createNewIO(ConnectionImpl.java:837) ~[mysql-connector-j-9.1.0.jar:9.1.0]
	at com.mysql.cj.jdbc.ConnectionImpl.<init>(ConnectionImpl.java:420) ~[mysql-connector-j-9.1.0.jar:9.1.0]
	at com.mysql.cj.jdbc.ConnectionImpl.getInstance(ConnectionImpl.java:238) ~[mysql-connector-j-9.1.0.jar:9.1.0]
	at com.mysql.cj.jdbc.NonRegisteringDriver.connect(NonRegisteringDriver.java:180) ~[mysql-connector-j-9.1.0.jar:9.1.0]
	at com.zaxxer.hikari.util.DriverDataSource.getConnection(DriverDataSource.java:137) ~[HikariCP-5.1.0.jar:na]
	at com.zaxxer.hikari.pool.PoolBase.newConnection(PoolBase.java:360) ~[HikariCP-5.1.0.jar:na]
	at com.zaxxer.hikari.pool.PoolBase.newPoolEntry(PoolBase.java:202) ~[HikariCP-5.1.0.jar:na]
	at com.zaxxer.hikari.pool.HikariPool.createPoolEntry(HikariPool.java:461) ~[HikariCP-5.1.0.jar:na]
	at com.zaxxer.hikari.pool.HikariPool.checkFailFast(HikariPool.java:550) ~[HikariCP-5.1.0.jar:na]
	at com.zaxxer.hikari.pool.HikariPool.<init>(HikariPool.java:98) ~[HikariCP-5.1.0.jar:na]
	at com.zaxxer.hikari.HikariDataSource.getConnection(HikariDataSource.java:111) ~[HikariCP-5.1.0.jar:na]
	at org.hibernate.engine.jdbc.connections.internal.DatasourceConnectionProviderImpl.getConnection(DatasourceConnectionProviderImpl.java:126) ~[hibernate-core-6.6.11.Final.jar:6.6.11.Final]
	at org.hibernate.engine.jdbc.env.internal.JdbcEnvironmentInitiator$ConnectionProviderJdbcConnectionAccess.obtainConnection(JdbcEnvironmentInitiator.java:467) ~[hibernate-core-6.6.11.Final.jar:6.6.11.Final]
	at org.hibernate.resource.transaction.backend.jdbc.internal.DdlTransactionIsolatorNonJtaImpl.getIsolatedConnection(DdlTransactionIsolatorNonJtaImpl.java:46) ~[hibernate-core-6.6.11.Final.jar:6.6.11.Final]
	at org.hibernate.resource.transaction.backend.jdbc.internal.DdlTransactionIsolatorNonJtaImpl.getIsolatedConnection(DdlTransactionIsolatorNonJtaImpl.java:39) ~[hibernate-core-6.6.11.Final.jar:6.6.11.Final]
	at org.hibernate.tool.schema.internal.exec.ImprovedExtractionContextImpl.getJdbcConnection(ImprovedExtractionContextImpl.java:63) ~[hibernate-core-6.6.11.Final.jar:6.6.11.Final]
	at org.hibernate.tool.schema.internal.exec.ImprovedExtractionContextImpl.getJdbcDatabaseMetaData(ImprovedExtractionContextImpl.java:70) ~[hibernate-core-6.6.11.Final.jar:6.6.11.Final]
	at org.hibernate.tool.schema.extract.internal.InformationExtractorJdbcDatabaseMetaDataImpl.processTableResultSet(InformationExtractorJdbcDatabaseMetaDataImpl.java:65) ~[hibernate-core-6.6.11.Final.jar:6.6.11.Final]
	at org.hibernate.tool.schema.extract.internal.AbstractInformationExtractorImpl.getTables(AbstractInformationExtractorImpl.java:570) ~[hibernate-core-6.6.11.Final.jar:6.6.11.Final]
	at org.hibernate.tool.schema.extract.internal.DatabaseInformationImpl.getTablesInformation(DatabaseInformationImpl.java:122) ~[hibernate-core-6.6.11.Final.jar:6.6.11.Final]
	at org.hibernate.tool.schema.internal.GroupedSchemaMigratorImpl.performTablesMigration(GroupedSchemaMigratorImpl.java:72) ~[hibernate-core-6.6.11.Final.jar:6.6.11.Final]
	at org.hibernate.tool.schema.internal.AbstractSchemaMigrator.performMigration(AbstractSchemaMigrator.java:233) ~[hibernate-core-6.6.11.Final.jar:6.6.11.Final]
	at org.hibernate.tool.schema.internal.AbstractSchemaMigrator.doMigration(AbstractSchemaMigrator.java:112) ~[hibernate-core-6.6.11.Final.jar:6.6.11.Final]
	at org.hibernate.tool.schema.spi.SchemaManagementToolCoordinator.performDatabaseAction(SchemaManagementToolCoordinator.java:280) ~[hibernate-core-6.6.11.Final.jar:6.6.11.Final]
	at org.hibernate.tool.schema.spi.SchemaManagementToolCoordinator.lambda$process$5(SchemaManagementToolCoordinator.java:144) ~[hibernate-core-6.6.11.Final.jar:6.6.11.Final]
	at java.base/java.util.HashMap.forEach(Unknown Source) ~[na:na]
	at org.hibernate.tool.schema.spi.SchemaManagementToolCoordinator.process(SchemaManagementToolCoordinator.java:141) ~[hibernate-core-6.6.11.Final.jar:6.6.11.Final]
	at org.hibernate.boot.internal.SessionFactoryObserverForSchemaExport.sessionFactoryCreated(SessionFactoryObserverForSchemaExport.java:37) ~[hibernate-core-6.6.11.Final.jar:6.6.11.Final]
	at org.hibernate.internal.SessionFactoryObserverChain.sessionFactoryCreated(SessionFactoryObserverChain.java:35) ~[hibernate-core-6.6.11.Final.jar:6.6.11.Final]
	at org.hibernate.internal.SessionFactoryImpl.<init>(SessionFactoryImpl.java:324) ~[hibernate-core-6.6.11.Final.jar:6.6.11.Final]
	at org.hibernate.boot.internal.SessionFactoryBuilderImpl.build(SessionFactoryBuilderImpl.java:463) ~[hibernate-core-6.6.11.Final.jar:6.6.11.Final]
	at org.hibernate.jpa.boot.internal.EntityManagerFactoryBuilderImpl.build(EntityManagerFactoryBuilderImpl.java:1517) ~[hibernate-core-6.6.11.Final.jar:6.6.11.Final]
	at org.springframework.orm.jpa.vendor.SpringHibernateJpaPersistenceProvider.createContainerEntityManagerFactory(SpringHibernateJpaPersistenceProvider.java:66) ~[spring-orm-6.2.5.jar:6.2.5]
	at org.springframework.orm.jpa.LocalContainerEntityManagerFactoryBean.createNativeEntityManagerFactory(LocalContainerEntityManagerFactoryBean.java:390) ~[spring-orm-6.2.5.jar:6.2.5]
	at org.springframework.orm.jpa.AbstractEntityManagerFactoryBean.buildNativeEntityManagerFactory(AbstractEntityManagerFactoryBean.java:419) ~[spring-orm-6.2.5.jar:6.2.5]
	at org.springframework.orm.jpa.AbstractEntityManagerFactoryBean.afterPropertiesSet(AbstractEntityManagerFactoryBean.java:400) ~[spring-orm-6.2.5.jar:6.2.5]
	at org.springframework.orm.jpa.LocalContainerEntityManagerFactoryBean.afterPropertiesSet(LocalContainerEntityManagerFactoryBean.java:366) ~[spring-orm-6.2.5.jar:6.2.5]
	at org.springframework.beans.factory.support.AbstractAutowireCapableBeanFactory.invokeInitMethods(AbstractAutowireCapableBeanFactory.java:1859) ~[spring-beans-6.2.5.jar:6.2.5]
	at org.springframework.beans.factory.support.AbstractAutowireCapableBeanFactory.initializeBean(AbstractAutowireCapableBeanFactory.java:1808) ~[spring-beans-6.2.5.jar:6.2.5]
	at org.springframework.beans.factory.support.AbstractAutowireCapableBeanFactory.doCreateBean(AbstractAutowireCapableBeanFactory.java:601) ~[spring-beans-6.2.5.jar:6.2.5]
	at org.springframework.beans.factory.support.AbstractAutowireCapableBeanFactory.createBean(AbstractAutowireCapableBeanFactory.java:523) ~[spring-beans-6.2.5.jar:6.2.5]
	at org.springframework.beans.factory.support.AbstractBeanFactory.lambda$doGetBean$0(AbstractBeanFactory.java:339) ~[spring-beans-6.2.5.jar:6.2.5]
	at org.springframework.beans.factory.support.DefaultSingletonBeanRegistry.getSingleton(DefaultSingletonBeanRegistry.java:347) ~[spring-beans-6.2.5.jar:6.2.5]
	at org.springframework.beans.factory.support.AbstractBeanFactory.doGetBean(AbstractBeanFactory.java:337) ~[spring-beans-6.2.5.jar:6.2.5]
	at org.springframework.beans.factory.support.AbstractBeanFactory.getBean(AbstractBeanFactory.java:207) ~[spring-beans-6.2.5.jar:6.2.5]
	at org.springframework.context.support.AbstractApplicationContext.finishBeanFactoryInitialization(AbstractApplicationContext.java:970) ~[spring-context-6.2.5.jar:6.2.5]
	at org.springframework.context.support.AbstractApplicationContext.refresh(AbstractApplicationContext.java:627) ~[spring-context-6.2.5.jar:6.2.5]
	at org.springframework.boot.web.servlet.context.ServletWebServerApplicationContext.refresh(ServletWebServerApplicationContext.java:146) ~[spring-boot-3.4.4.jar:3.4.4]
	at org.springframework.boot.SpringApplication.refresh(SpringApplication.java:752) ~[spring-boot-3.4.4.jar:3.4.4]
	at org.springframework.boot.SpringApplication.refreshContext(SpringApplication.java:439) ~[spring-boot-3.4.4.jar:3.4.4]
	at org.springframework.boot.SpringApplication.run(SpringApplication.java:318) ~[spring-boot-3.4.4.jar:3.4.4]
	at org.springframework.boot.SpringApplication.run(SpringApplication.java:1361) ~[spring-boot-3.4.4.jar:3.4.4]
	at org.springframework.boot.SpringApplication.run(SpringApplication.java:1350) ~[spring-boot-3.4.4.jar:3.4.4]
	at com.duoc.backend.BackendApplication.main(BackendApplication.java:10) ~[classes/:na]
Caused by: com.mysql.cj.exceptions.CJCommunicationsException: Communications link failure

The last packet sent successfully to the server was 0 milliseconds ago. The driver has not received any packets from the server.
	at java.base/jdk.internal.reflect.DirectConstructorHandleAccessor.newInstance(Unknown Source) ~[na:na]
	at java.base/java.lang.reflect.Constructor.newInstanceWithCaller(Unknown Source) ~[na:na]
	at java.base/java.lang.reflect.Constructor.newInstance(Unknown Source) ~[na:na]
	at com.mysql.cj.exceptions.ExceptionFactory.createException(ExceptionFactory.java:52) ~[mysql-connector-j-9.1.0.jar:9.1.0]
	at com.mysql.cj.exceptions.ExceptionFactory.createException(ExceptionFactory.java:95) ~[mysql-connector-j-9.1.0.jar:9.1.0]
	at com.mysql.cj.exceptions.ExceptionFactory.createException(ExceptionFactory.java:140) ~[mysql-connector-j-9.1.0.jar:9.1.0]
	at com.mysql.cj.exceptions.ExceptionFactory.createCommunicationsException(ExceptionFactory.java:156) ~[mysql-connector-j-9.1.0.jar:9.1.0]
	at com.mysql.cj.protocol.a.NativeSocketConnection.connect(NativeSocketConnection.java:79) ~[mysql-connector-j-9.1.0.jar:9.1.0]
	at com.mysql.cj.NativeSession.connect(NativeSession.java:142) ~[mysql-connector-j-9.1.0.jar:9.1.0]
	at com.mysql.cj.jdbc.ConnectionImpl.connectOneTryOnly(ConnectionImpl.java:961) ~[mysql-connector-j-9.1.0.jar:9.1.0]
	at com.mysql.cj.jdbc.ConnectionImpl.createNewIO(ConnectionImpl.java:825) ~[mysql-connector-j-9.1.0.jar:9.1.0]
	... 53 common frames omitted
Caused by: java.net.UnknownHostException: mysql-cdy2203
	at java.base/java.net.InetAddress$CachedLookup.get(Unknown Source) ~[na:na]
	at java.base/java.net.InetAddress.getAllByName0(Unknown Source) ~[na:na]
	at java.base/java.net.InetAddress.getAllByName(Unknown Source) ~[na:na]
	at com.mysql.cj.protocol.StandardSocketFactory.connect(StandardSocketFactory.java:121) ~[mysql-connector-j-9.1.0.jar:9.1.0]
	at com.mysql.cj.protocol.a.NativeSocketConnection.connect(NativeSocketConnection.java:53) ~[mysql-connector-j-9.1.0.jar:9.1.0]
	... 56 common frames omitted

2026-09-12T11:52:59.582-03:00 DEBUG 2448 --- [backend] [main] o.h.engine.jdbc.spi.SqlExceptionHelper   : Unable to open JDBC Connection for DDL execution [n/a]

com.mysql.cj.jdbc.exceptions.CommunicationsException: Communications link failure

The last packet sent successfully to the server was 0 milliseconds ago. The driver has not received any packets from the server.
	at com.mysql.cj.jdbc.exceptions.SQLError.createCommunicationsException(SQLError.java:165) ~[mysql-connector-j-9.1.0.jar:9.1.0]
	at com.mysql.cj.jdbc.exceptions.SQLExceptionsMapping.translateException(SQLExceptionsMapping.java:55) ~[mysql-connector-j-9.1.0.jar:9.1.0]
	at com.mysql.cj.jdbc.ConnectionImpl.createNewIO(ConnectionImpl.java:837) ~[mysql-connector-j-9.1.0.jar:9.1.0]
	at com.mysql.cj.jdbc.ConnectionImpl.<init>(ConnectionImpl.java:420) ~[mysql-connector-j-9.1.0.jar:9.1.0]
	at com.mysql.cj.jdbc.ConnectionImpl.getInstance(ConnectionImpl.java:238) ~[mysql-connector-j-9.1.0.jar:9.1.0]
	at com.mysql.cj.jdbc.NonRegisteringDriver.connect(NonRegisteringDriver.java:180) ~[mysql-connector-j-9.1.0.jar:9.1.0]
	at com.zaxxer.hikari.util.DriverDataSource.getConnection(DriverDataSource.java:137) ~[HikariCP-5.1.0.jar:na]
	at com.zaxxer.hikari.pool.PoolBase.newConnection(PoolBase.java:360) ~[HikariCP-5.1.0.jar:na]
	at com.zaxxer.hikari.pool.PoolBase.newPoolEntry(PoolBase.java:202) ~[HikariCP-5.1.0.jar:na]
	at com.zaxxer.hikari.pool.HikariPool.createPoolEntry(HikariPool.java:461) ~[HikariCP-5.1.0.jar:na]
	at com.zaxxer.hikari.pool.HikariPool.checkFailFast(HikariPool.java:550) ~[HikariCP-5.1.0.jar:na]
	at com.zaxxer.hikari.pool.HikariPool.<init>(HikariPool.java:98) ~[HikariCP-5.1.0.jar:na]
	at com.zaxxer.hikari.HikariDataSource.getConnection(HikariDataSource.java:111) ~[HikariCP-5.1.0.jar:na]
	at org.hibernate.engine.jdbc.connections.internal.DatasourceConnectionProviderImpl.getConnection(DatasourceConnectionProviderImpl.java:126) ~[hibernate-core-6.6.11.Final.jar:6.6.11.Final]
	at org.hibernate.engine.jdbc.env.internal.JdbcEnvironmentInitiator$ConnectionProviderJdbcConnectionAccess.obtainConnection(JdbcEnvironmentInitiator.java:467) ~[hibernate-core-6.6.11.Final.jar:6.6.11.Final]
	at org.hibernate.resource.transaction.backend.jdbc.internal.DdlTransactionIsolatorNonJtaImpl.getIsolatedConnection(DdlTransactionIsolatorNonJtaImpl.java:46) ~[hibernate-core-6.6.11.Final.jar:6.6.11.Final]
	at org.hibernate.resource.transaction.backend.jdbc.internal.DdlTransactionIsolatorNonJtaImpl.getIsolatedConnection(DdlTransactionIsolatorNonJtaImpl.java:39) ~[hibernate-core-6.6.11.Final.jar:6.6.11.Final]
	at org.hibernate.tool.schema.internal.exec.ImprovedExtractionContextImpl.getJdbcConnection(ImprovedExtractionContextImpl.java:63) ~[hibernate-core-6.6.11.Final.jar:6.6.11.Final]
	at org.hibernate.tool.schema.internal.exec.ImprovedExtractionContextImpl.getJdbcDatabaseMetaData(ImprovedExtractionContextImpl.java:70) ~[hibernate-core-6.6.11.Final.jar:6.6.11.Final]
	at org.hibernate.tool.schema.extract.internal.InformationExtractorJdbcDatabaseMetaDataImpl.processTableResultSet(InformationExtractorJdbcDatabaseMetaDataImpl.java:65) ~[hibernate-core-6.6.11.Final.jar:6.6.11.Final]
	at org.hibernate.tool.schema.extract.internal.AbstractInformationExtractorImpl.getTables(AbstractInformationExtractorImpl.java:570) ~[hibernate-core-6.6.11.Final.jar:6.6.11.Final]
	at org.hibernate.tool.schema.extract.internal.DatabaseInformationImpl.getTablesInformation(DatabaseInformationImpl.java:122) ~[hibernate-core-6.6.11.Final.jar:6.6.11.Final]
	at org.hibernate.tool.schema.internal.GroupedSchemaMigratorImpl.performTablesMigration(GroupedSchemaMigratorImpl.java:72) ~[hibernate-core-6.6.11.Final.jar:6.6.11.Final]
	at org.hibernate.tool.schema.internal.AbstractSchemaMigrator.performMigration(AbstractSchemaMigrator.java:233) ~[hibernate-core-6.6.11.Final.jar:6.6.11.Final]
	at org.hibernate.tool.schema.internal.AbstractSchemaMigrator.doMigration(AbstractSchemaMigrator.java:112) ~[hibernate-core-6.6.11.Final.jar:6.6.11.Final]
	at org.hibernate.tool.schema.spi.SchemaManagementToolCoordinator.performDatabaseAction(SchemaManagementToolCoordinator.java:280) ~[hibernate-core-6.6.11.Final.jar:6.6.11.Final]
	at org.hibernate.tool.schema.spi.SchemaManagementToolCoordinator.lambda$process$5(SchemaManagementToolCoordinator.java:144) ~[hibernate-core-6.6.11.Final.jar:6.6.11.Final]
	at java.base/java.util.HashMap.forEach(Unknown Source) ~[na:na]
	at org.hibernate.tool.schema.spi.SchemaManagementToolCoordinator.process(SchemaManagementToolCoordinator.java:141) ~[hibernate-core-6.6.11.Final.jar:6.6.11.Final]
	at org.hibernate.boot.internal.SessionFactoryObserverForSchemaExport.sessionFactoryCreated(SessionFactoryObserverForSchemaExport.java:37) ~[hibernate-core-6.6.11.Final.jar:6.6.11.Final]
	at org.hibernate.internal.SessionFactoryObserverChain.sessionFactoryCreated(SessionFactoryObserverChain.java:35) ~[hibernate-core-6.6.11.Final.jar:6.6.11.Final]
	at org.hibernate.internal.SessionFactoryImpl.<init>(SessionFactoryImpl.java:324) ~[hibernate-core-6.6.11.Final.jar:6.6.11.Final]
	at org.hibernate.boot.internal.SessionFactoryBuilderImpl.build(SessionFactoryBuilderImpl.java:463) ~[hibernate-core-6.6.11.Final.jar:6.6.11.Final]
	at org.hibernate.jpa.boot.internal.EntityManagerFactoryBuilderImpl.build(EntityManagerFactoryBuilderImpl.java:1517) ~[hibernate-core-6.6.11.Final.jar:6.6.11.Final]
	at org.springframework.orm.jpa.vendor.SpringHibernateJpaPersistenceProvider.createContainerEntityManagerFactory(SpringHibernateJpaPersistenceProvider.java:66) ~[spring-orm-6.2.5.jar:6.2.5]
	at org.springframework.orm.jpa.LocalContainerEntityManagerFactoryBean.createNativeEntityManagerFactory(LocalContainerEntityManagerFactoryBean.java:390) ~[spring-orm-6.2.5.jar:6.2.5]
	at org.springframework.orm.jpa.AbstractEntityManagerFactoryBean.buildNativeEntityManagerFactory(AbstractEntityManagerFactoryBean.java:419) ~[spring-orm-6.2.5.jar:6.2.5]
	at org.springframework.orm.jpa.AbstractEntityManagerFactoryBean.afterPropertiesSet(AbstractEntityManagerFactoryBean.java:400) ~[spring-orm-6.2.5.jar:6.2.5]
	at org.springframework.orm.jpa.LocalContainerEntityManagerFactoryBean.afterPropertiesSet(LocalContainerEntityManagerFactoryBean.java:366) ~[spring-orm-6.2.5.jar:6.2.5]
	at org.springframework.beans.factory.support.AbstractAutowireCapableBeanFactory.invokeInitMethods(AbstractAutowireCapableBeanFactory.java:1859) ~[spring-beans-6.2.5.jar:6.2.5]
	at org.springframework.beans.factory.support.AbstractAutowireCapableBeanFactory.initializeBean(AbstractAutowireCapableBeanFactory.java:1808) ~[spring-beans-6.2.5.jar:6.2.5]
	at org.springframework.beans.factory.support.AbstractAutowireCapableBeanFactory.doCreateBean(AbstractAutowireCapableBeanFactory.java:601) ~[spring-beans-6.2.5.jar:6.2.5]
	at org.springframework.beans.factory.support.AbstractAutowireCapableBeanFactory.createBean(AbstractAutowireCapableBeanFactory.java:523) ~[spring-beans-6.2.5.jar:6.2.5]
	at org.springframework.beans.factory.support.AbstractBeanFactory.lambda$doGetBean$0(AbstractBeanFactory.java:339) ~[spring-beans-6.2.5.jar:6.2.5]
	at org.springframework.beans.factory.support.DefaultSingletonBeanRegistry.getSingleton(DefaultSingletonBeanRegistry.java:347) ~[spring-beans-6.2.5.jar:6.2.5]
	at org.springframework.beans.factory.support.AbstractBeanFactory.doGetBean(AbstractBeanFactory.java:337) ~[spring-beans-6.2.5.jar:6.2.5]
	at org.springframework.beans.factory.support.AbstractBeanFactory.getBean(AbstractBeanFactory.java:207) ~[spring-beans-6.2.5.jar:6.2.5]
	at org.springframework.context.support.AbstractApplicationContext.finishBeanFactoryInitialization(AbstractApplicationContext.java:970) ~[spring-context-6.2.5.jar:6.2.5]
	at org.springframework.context.support.AbstractApplicationContext.refresh(AbstractApplicationContext.java:627) ~[spring-context-6.2.5.jar:6.2.5]
	at org.springframework.boot.web.servlet.context.ServletWebServerApplicationContext.refresh(ServletWebServerApplicationContext.java:146) ~[spring-boot-3.4.4.jar:3.4.4]
	at org.springframework.boot.SpringApplication.refresh(SpringApplication.java:752) ~[spring-boot-3.4.4.jar:3.4.4]
	at org.springframework.boot.SpringApplication.refreshContext(SpringApplication.java:439) ~[spring-boot-3.4.4.jar:3.4.4]
	at org.springframework.boot.SpringApplication.run(SpringApplication.java:318) ~[spring-boot-3.4.4.jar:3.4.4]
	at org.springframework.boot.SpringApplication.run(SpringApplication.java:1361) ~[spring-boot-3.4.4.jar:3.4.4]
	at org.springframework.boot.SpringApplication.run(SpringApplication.java:1350) ~[spring-boot-3.4.4.jar:3.4.4]
	at com.duoc.backend.BackendApplication.main(BackendApplication.java:10) ~[classes/:na]
Caused by: com.mysql.cj.exceptions.CJCommunicationsException: Communications link failure

The last packet sent successfully to the server was 0 milliseconds ago. The driver has not received any packets from the server.
	at java.base/jdk.internal.reflect.DirectConstructorHandleAccessor.newInstance(Unknown Source) ~[na:na]
	at java.base/java.lang.reflect.Constructor.newInstanceWithCaller(Unknown Source) ~[na:na]
	at java.base/java.lang.reflect.Constructor.newInstance(Unknown Source) ~[na:na]
	at com.mysql.cj.exceptions.ExceptionFactory.createException(ExceptionFactory.java:52) ~[mysql-connector-j-9.1.0.jar:9.1.0]
	at com.mysql.cj.exceptions.ExceptionFactory.createException(ExceptionFactory.java:95) ~[mysql-connector-j-9.1.0.jar:9.1.0]
	at com.mysql.cj.exceptions.ExceptionFactory.createException(ExceptionFactory.java:140) ~[mysql-connector-j-9.1.0.jar:9.1.0]
	at com.mysql.cj.exceptions.ExceptionFactory.createCommunicationsException(ExceptionFactory.java:156) ~[mysql-connector-j-9.1.0.jar:9.1.0]
	at com.mysql.cj.protocol.a.NativeSocketConnection.connect(NativeSocketConnection.java:79) ~[mysql-connector-j-9.1.0.jar:9.1.0]
	at com.mysql.cj.NativeSession.connect(NativeSession.java:142) ~[mysql-connector-j-9.1.0.jar:9.1.0]
	at com.mysql.cj.jdbc.ConnectionImpl.connectOneTryOnly(ConnectionImpl.java:961) ~[mysql-connector-j-9.1.0.jar:9.1.0]
	at com.mysql.cj.jdbc.ConnectionImpl.createNewIO(ConnectionImpl.java:825) ~[mysql-connector-j-9.1.0.jar:9.1.0]
	... 53 common frames omitted
Caused by: java.net.UnknownHostException: mysql-cdy2203
	at java.base/java.net.InetAddress$CachedLookup.get(Unknown Source) ~[na:na]
	at java.base/java.net.InetAddress.getAllByName0(Unknown Source) ~[na:na]
	at java.base/java.net.InetAddress.getAllByName(Unknown Source) ~[na:na]
	at com.mysql.cj.protocol.StandardSocketFactory.connect(StandardSocketFactory.java:121) ~[mysql-connector-j-9.1.0.jar:9.1.0]
	at com.mysql.cj.protocol.a.NativeSocketConnection.connect(NativeSocketConnection.java:53) ~[mysql-connector-j-9.1.0.jar:9.1.0]
	... 56 common frames omitted

2026-09-12T11:52:59.585-03:00  WARN 2448 --- [backend] [main] o.h.engine.jdbc.spi.SqlExceptionHelper   : SQL Error: 0, SQLState: 08S01
2026-09-12T11:52:59.585-03:00 ERROR 2448 --- [backend] [main] o.h.engine.jdbc.spi.SqlExceptionHelper   : Communications link failure

The last packet sent successfully to the server was 0 milliseconds ago. The driver has not received any packets from the server.
2026-09-12T11:52:59.586-03:00 DEBUG 2448 --- [backend] [main] o.hibernate.internal.SessionFactoryImpl  : HHH000031: Closing
2026-09-12T11:52:59.586-03:00 TRACE 2448 --- [backend] [main] o.h.s.i.AbstractServiceRegistryImpl      : Initializing service [role=org.hibernate.engine.jdbc.connections.spi.MultiTenantConnectionProvider]
2026-09-12T11:52:59.587-03:00 TRACE 2448 --- [backend] [main] o.h.type.spi.TypeConfiguration$Scope     : Handling #sessionFactoryClosed from [org.hibernate.internal.SessionFactoryImpl@42012093] for TypeConfiguration
2026-09-12T11:52:59.587-03:00 DEBUG 2448 --- [backend] [main] o.h.type.spi.TypeConfiguration$Scope     : Un-scoping TypeConfiguration [org.hibernate.type.spi.TypeConfiguration$Scope@73eae5f] from SessionFactory [org.hibernate.internal.SessionFactoryImpl@42012093]
2026-09-12T11:52:59.587-03:00 DEBUG 2448 --- [backend] [main] o.h.s.i.AbstractServiceRegistryImpl      : Implicitly destroying ServiceRegistry on de-registration of all child ServiceRegistries
2026-09-12T11:52:59.589-03:00 DEBUG 2448 --- [backend] [main] o.h.b.r.i.BootstrapServiceRegistryImpl   : Implicitly destroying Boot-strap registry on de-registration of all child ServiceRegistries
2026-09-12T11:52:59.591-03:00 DEBUG 2448 --- [backend] [main] o.h.internal.SessionFactoryRegistry      : Initializing SessionFactoryRegistry : org.hibernate.internal.SessionFactoryRegistry@3663af34
2026-09-12T11:52:59.591-03:00 ERROR 2448 --- [backend] [main] j.LocalContainerEntityManagerFactoryBean : Failed to initialize JPA EntityManagerFactory: [PersistenceUnit: default] Unable to build Hibernate SessionFactory; nested exception is org.hibernate.exception.JDBCConnectionException: Unable to open JDBC Connection for DDL execution [Communications link failure

The last packet sent successfully to the server was 0 milliseconds ago. The driver has not received any packets from the server.] [n/a]
2026-09-12T11:52:59.593-03:00  WARN 2448 --- [backend] [main] ConfigServletWebServerApplicationContext : Exception encountered during context initialization - cancelling refresh attempt: org.springframework.beans.factory.BeanCreationException: Error creating bean with name 'entityManagerFactory' defined in class path resource [org/springframework/boot/autoconfigure/orm/jpa/HibernateJpaConfiguration.class]: [PersistenceUnit: default] Unable to build Hibernate SessionFactory; nested exception is org.hibernate.exception.JDBCConnectionException: Unable to open JDBC Connection for DDL execution [Communications link failure

The last packet sent successfully to the server was 0 milliseconds ago. The driver has not received any packets from the server.] [n/a]
2026-09-12T11:52:59.600-03:00  INFO 2448 --- [backend] [main] o.apache.catalina.core.StandardService   : Stopping service [Tomcat]
2026-09-12T11:52:59.613-03:00  INFO 2448 --- [backend] [main] .s.b.a.l.ConditionEvaluationReportLogger : 

Error starting ApplicationContext. To display the condition evaluation report re-run your application with 'debug' enabled.
2026-09-12T11:52:59.643-03:00 ERROR 2448 --- [backend] [main] o.s.boot.SpringApplication               : Application run failed

org.springframework.beans.factory.BeanCreationException: Error creating bean with name 'entityManagerFactory' defined in class path resource [org/springframework/boot/autoconfigure/orm/jpa/HibernateJpaConfiguration.class]: [PersistenceUnit: default] Unable to build Hibernate SessionFactory; nested exception is org.hibernate.exception.JDBCConnectionException: Unable to open JDBC Connection for DDL execution [Communications link failure

The last packet sent successfully to the server was 0 milliseconds ago. The driver has not received any packets from the server.] [n/a]
	at org.springframework.beans.factory.support.AbstractAutowireCapableBeanFactory.initializeBean(AbstractAutowireCapableBeanFactory.java:1812) ~[spring-beans-6.2.5.jar:6.2.5]
	at org.springframework.beans.factory.support.AbstractAutowireCapableBeanFactory.doCreateBean(AbstractAutowireCapableBeanFactory.java:601) ~[spring-beans-6.2.5.jar:6.2.5]
	at org.springframework.beans.factory.support.AbstractAutowireCapableBeanFactory.createBean(AbstractAutowireCapableBeanFactory.java:523) ~[spring-beans-6.2.5.jar:6.2.5]
	at org.springframework.beans.factory.support.AbstractBeanFactory.lambda$doGetBean$0(AbstractBeanFactory.java:339) ~[spring-beans-6.2.5.jar:6.2.5]
	at org.springframework.beans.factory.support.DefaultSingletonBeanRegistry.getSingleton(DefaultSingletonBeanRegistry.java:347) ~[spring-beans-6.2.5.jar:6.2.5]
	at org.springframework.beans.factory.support.AbstractBeanFactory.doGetBean(AbstractBeanFactory.java:337) ~[spring-beans-6.2.5.jar:6.2.5]
	at org.springframework.beans.factory.support.AbstractBeanFactory.getBean(AbstractBeanFactory.java:207) ~[spring-beans-6.2.5.jar:6.2.5]
	at org.springframework.context.support.AbstractApplicationContext.finishBeanFactoryInitialization(AbstractApplicationContext.java:970) ~[spring-context-6.2.5.jar:6.2.5]
	at org.springframework.context.support.AbstractApplicationContext.refresh(AbstractApplicationContext.java:627) ~[spring-context-6.2.5.jar:6.2.5]
	at org.springframework.boot.web.servlet.context.ServletWebServerApplicationContext.refresh(ServletWebServerApplicationContext.java:146) ~[spring-boot-3.4.4.jar:3.4.4]
	at org.springframework.boot.SpringApplication.refresh(SpringApplication.java:752) ~[spring-boot-3.4.4.jar:3.4.4]
	at org.springframework.boot.SpringApplication.refreshContext(SpringApplication.java:439) ~[spring-boot-3.4.4.jar:3.4.4]
	at org.springframework.boot.SpringApplication.run(SpringApplication.java:318) ~[spring-boot-3.4.4.jar:3.4.4]
	at org.springframework.boot.SpringApplication.run(SpringApplication.java:1361) ~[spring-boot-3.4.4.jar:3.4.4]
	at org.springframework.boot.SpringApplication.run(SpringApplication.java:1350) ~[spring-boot-3.4.4.jar:3.4.4]
	at com.duoc.backend.BackendApplication.main(BackendApplication.java:10) ~[classes/:na]
Caused by: jakarta.persistence.PersistenceException: [PersistenceUnit: default] Unable to build Hibernate SessionFactory; nested exception is org.hibernate.exception.JDBCConnectionException: Unable to open JDBC Connection for DDL execution [Communications link failure

The last packet sent successfully to the server was 0 milliseconds ago. The driver has not received any packets from the server.] [n/a]
	at org.springframework.orm.jpa.AbstractEntityManagerFactoryBean.buildNativeEntityManagerFactory(AbstractEntityManagerFactoryBean.java:431) ~[spring-orm-6.2.5.jar:6.2.5]
	at org.springframework.orm.jpa.AbstractEntityManagerFactoryBean.afterPropertiesSet(AbstractEntityManagerFactoryBean.java:400) ~[spring-orm-6.2.5.jar:6.2.5]
	at org.springframework.orm.jpa.LocalContainerEntityManagerFactoryBean.afterPropertiesSet(LocalContainerEntityManagerFactoryBean.java:366) ~[spring-orm-6.2.5.jar:6.2.5]
	at org.springframework.beans.factory.support.AbstractAutowireCapableBeanFactory.invokeInitMethods(AbstractAutowireCapableBeanFactory.java:1859) ~[spring-beans-6.2.5.jar:6.2.5]
	at org.springframework.beans.factory.support.AbstractAutowireCapableBeanFactory.initializeBean(AbstractAutowireCapableBeanFactory.java:1808) ~[spring-beans-6.2.5.jar:6.2.5]
	... 15 common frames omitted
Caused by: org.hibernate.exception.JDBCConnectionException: Unable to open JDBC Connection for DDL execution [Communications link failure

The last packet sent successfully to the server was 0 milliseconds ago. The driver has not received any packets from the server.] [n/a]
	at org.hibernate.exception.internal.SQLStateConversionDelegate.convert(SQLStateConversionDelegate.java:100) ~[hibernate-core-6.6.11.Final.jar:6.6.11.Final]
	at org.hibernate.exception.internal.StandardSQLExceptionConverter.convert(StandardSQLExceptionConverter.java:58) ~[hibernate-core-6.6.11.Final.jar:6.6.11.Final]
	at org.hibernate.engine.jdbc.spi.SqlExceptionHelper.convert(SqlExceptionHelper.java:108) ~[hibernate-core-6.6.11.Final.jar:6.6.11.Final]
	at org.hibernate.engine.jdbc.spi.SqlExceptionHelper.convert(SqlExceptionHelper.java:94) ~[hibernate-core-6.6.11.Final.jar:6.6.11.Final]
	at org.hibernate.resource.transaction.backend.jdbc.internal.DdlTransactionIsolatorNonJtaImpl.getIsolatedConnection(DdlTransactionIsolatorNonJtaImpl.java:74) ~[hibernate-core-6.6.11.Final.jar:6.6.11.Final]
	at org.hibernate.resource.transaction.backend.jdbc.internal.DdlTransactionIsolatorNonJtaImpl.getIsolatedConnection(DdlTransactionIsolatorNonJtaImpl.java:39) ~[hibernate-core-6.6.11.Final.jar:6.6.11.Final]
	at org.hibernate.tool.schema.internal.exec.ImprovedExtractionContextImpl.getJdbcConnection(ImprovedExtractionContextImpl.java:63) ~[hibernate-core-6.6.11.Final.jar:6.6.11.Final]
	at org.hibernate.tool.schema.internal.exec.ImprovedExtractionContextImpl.getJdbcDatabaseMetaData(ImprovedExtractionContextImpl.java:70) ~[hibernate-core-6.6.11.Final.jar:6.6.11.Final]
	at org.hibernate.tool.schema.extract.internal.InformationExtractorJdbcDatabaseMetaDataImpl.processTableResultSet(InformationExtractorJdbcDatabaseMetaDataImpl.java:65) ~[hibernate-core-6.6.11.Final.jar:6.6.11.Final]
	at org.hibernate.tool.schema.extract.internal.AbstractInformationExtractorImpl.getTables(AbstractInformationExtractorImpl.java:570) ~[hibernate-core-6.6.11.Final.jar:6.6.11.Final]
	at org.hibernate.tool.schema.extract.internal.DatabaseInformationImpl.getTablesInformation(DatabaseInformationImpl.java:122) ~[hibernate-core-6.6.11.Final.jar:6.6.11.Final]
	at org.hibernate.tool.schema.internal.GroupedSchemaMigratorImpl.performTablesMigration(GroupedSchemaMigratorImpl.java:72) ~[hibernate-core-6.6.11.Final.jar:6.6.11.Final]
	at org.hibernate.tool.schema.internal.AbstractSchemaMigrator.performMigration(AbstractSchemaMigrator.java:233) ~[hibernate-core-6.6.11.Final.jar:6.6.11.Final]
	at org.hibernate.tool.schema.internal.AbstractSchemaMigrator.doMigration(AbstractSchemaMigrator.java:112) ~[hibernate-core-6.6.11.Final.jar:6.6.11.Final]
	at org.hibernate.tool.schema.spi.SchemaManagementToolCoordinator.performDatabaseAction(SchemaManagementToolCoordinator.java:280) ~[hibernate-core-6.6.11.Final.jar:6.6.11.Final]
	at org.hibernate.tool.schema.spi.SchemaManagementToolCoordinator.lambda$process$5(SchemaManagementToolCoordinator.java:144) ~[hibernate-core-6.6.11.Final.jar:6.6.11.Final]
	at java.base/java.util.HashMap.forEach(Unknown Source) ~[na:na]
	at org.hibernate.tool.schema.spi.SchemaManagementToolCoordinator.process(SchemaManagementToolCoordinator.java:141) ~[hibernate-core-6.6.11.Final.jar:6.6.11.Final]
	at org.hibernate.boot.internal.SessionFactoryObserverForSchemaExport.sessionFactoryCreated(SessionFactoryObserverForSchemaExport.java:37) ~[hibernate-core-6.6.11.Final.jar:6.6.11.Final]
	at org.hibernate.internal.SessionFactoryObserverChain.sessionFactoryCreated(SessionFactoryObserverChain.java:35) ~[hibernate-core-6.6.11.Final.jar:6.6.11.Final]
	at org.hibernate.internal.SessionFactoryImpl.<init>(SessionFactoryImpl.java:324) ~[hibernate-core-6.6.11.Final.jar:6.6.11.Final]
	at org.hibernate.boot.internal.SessionFactoryBuilderImpl.build(SessionFactoryBuilderImpl.java:463) ~[hibernate-core-6.6.11.Final.jar:6.6.11.Final]
	at org.hibernate.jpa.boot.internal.EntityManagerFactoryBuilderImpl.build(EntityManagerFactoryBuilderImpl.java:1517) ~[hibernate-core-6.6.11.Final.jar:6.6.11.Final]
	at org.springframework.orm.jpa.vendor.SpringHibernateJpaPersistenceProvider.createContainerEntityManagerFactory(SpringHibernateJpaPersistenceProvider.java:66) ~[spring-orm-6.2.5.jar:6.2.5]
	at org.springframework.orm.jpa.LocalContainerEntityManagerFactoryBean.createNativeEntityManagerFactory(LocalContainerEntityManagerFactoryBean.java:390) ~[spring-orm-6.2.5.jar:6.2.5]
	at org.springframework.orm.jpa.AbstractEntityManagerFactoryBean.buildNativeEntityManagerFactory(AbstractEntityManagerFactoryBean.java:419) ~[spring-orm-6.2.5.jar:6.2.5]
	... 19 common frames omitted
Caused by: com.mysql.cj.jdbc.exceptions.CommunicationsException: Communications link failure

The last packet sent successfully to the server was 0 milliseconds ago. The driver has not received any packets from the server.
	at com.mysql.cj.jdbc.exceptions.SQLError.createCommunicationsException(SQLError.java:165) ~[mysql-connector-j-9.1.0.jar:9.1.0]
	at com.mysql.cj.jdbc.exceptions.SQLExceptionsMapping.translateException(SQLExceptionsMapping.java:55) ~[mysql-connector-j-9.1.0.jar:9.1.0]
	at com.mysql.cj.jdbc.ConnectionImpl.createNewIO(ConnectionImpl.java:837) ~[mysql-connector-j-9.1.0.jar:9.1.0]
	at com.mysql.cj.jdbc.ConnectionImpl.<init>(ConnectionImpl.java:420) ~[mysql-connector-j-9.1.0.jar:9.1.0]
	at com.mysql.cj.jdbc.ConnectionImpl.getInstance(ConnectionImpl.java:238) ~[mysql-connector-j-9.1.0.jar:9.1.0]
	at com.mysql.cj.jdbc.NonRegisteringDriver.connect(NonRegisteringDriver.java:180) ~[mysql-connector-j-9.1.0.jar:9.1.0]
	at com.zaxxer.hikari.util.DriverDataSource.getConnection(DriverDataSource.java:137) ~[HikariCP-5.1.0.jar:na]
	at com.zaxxer.hikari.pool.PoolBase.newConnection(PoolBase.java:360) ~[HikariCP-5.1.0.jar:na]
	at com.zaxxer.hikari.pool.PoolBase.newPoolEntry(PoolBase.java:202) ~[HikariCP-5.1.0.jar:na]
	at com.zaxxer.hikari.pool.HikariPool.createPoolEntry(HikariPool.java:461) ~[HikariCP-5.1.0.jar:na]
	at com.zaxxer.hikari.pool.HikariPool.checkFailFast(HikariPool.java:550) ~[HikariCP-5.1.0.jar:na]
	at com.zaxxer.hikari.pool.HikariPool.<init>(HikariPool.java:98) ~[HikariCP-5.1.0.jar:na]
	at com.zaxxer.hikari.HikariDataSource.getConnection(HikariDataSource.java:111) ~[HikariCP-5.1.0.jar:na]
	at org.hibernate.engine.jdbc.connections.internal.DatasourceConnectionProviderImpl.getConnection(DatasourceConnectionProviderImpl.java:126) ~[hibernate-core-6.6.11.Final.jar:6.6.11.Final]
	at org.hibernate.engine.jdbc.env.internal.JdbcEnvironmentInitiator$ConnectionProviderJdbcConnectionAccess.obtainConnection(JdbcEnvironmentInitiator.java:467) ~[hibernate-core-6.6.11.Final.jar:6.6.11.Final]
	at org.hibernate.resource.transaction.backend.jdbc.internal.DdlTransactionIsolatorNonJtaImpl.getIsolatedConnection(DdlTransactionIsolatorNonJtaImpl.java:46) ~[hibernate-core-6.6.11.Final.jar:6.6.11.Final]
	... 40 common frames omitted
Caused by: com.mysql.cj.exceptions.CJCommunicationsException: Communications link failure

The last packet sent successfully to the server was 0 milliseconds ago. The driver has not received any packets from the server.
	at java.base/jdk.internal.reflect.DirectConstructorHandleAccessor.newInstance(Unknown Source) ~[na:na]
	at java.base/java.lang.reflect.Constructor.newInstanceWithCaller(Unknown Source) ~[na:na]
	at java.base/java.lang.reflect.Constructor.newInstance(Unknown Source) ~[na:na]
	at com.mysql.cj.exceptions.ExceptionFactory.createException(ExceptionFactory.java:52) ~[mysql-connector-j-9.1.0.jar:9.1.0]
	at com.mysql.cj.exceptions.ExceptionFactory.createException(ExceptionFactory.java:95) ~[mysql-connector-j-9.1.0.jar:9.1.0]
	at com.mysql.cj.exceptions.ExceptionFactory.createException(ExceptionFactory.java:140) ~[mysql-connector-j-9.1.0.jar:9.1.0]
	at com.mysql.cj.exceptions.ExceptionFactory.createCommunicationsException(ExceptionFactory.java:156) ~[mysql-connector-j-9.1.0.jar:9.1.0]
	at com.mysql.cj.protocol.a.NativeSocketConnection.connect(NativeSocketConnection.java:79) ~[mysql-connector-j-9.1.0.jar:9.1.0]
	at com.mysql.cj.NativeSession.connect(NativeSession.java:142) ~[mysql-connector-j-9.1.0.jar:9.1.0]
	at com.mysql.cj.jdbc.ConnectionImpl.connectOneTryOnly(ConnectionImpl.java:961) ~[mysql-connector-j-9.1.0.jar:9.1.0]
	at com.mysql.cj.jdbc.ConnectionImpl.createNewIO(ConnectionImpl.java:825) ~[mysql-connector-j-9.1.0.jar:9.1.0]
	... 53 common frames omitted
Caused by: java.net.UnknownHostException: mysql-cdy2203
	at java.base/java.net.InetAddress$CachedLookup.get(Unknown Source) ~[na:na]
	at java.base/java.net.InetAddress.getAllByName0(Unknown Source) ~[na:na]
	at java.base/java.net.InetAddress.getAllByName(Unknown Source) ~[na:na]
	at com.mysql.cj.protocol.StandardSocketFactory.connect(StandardSocketFactory.java:121) ~[mysql-connector-j-9.1.0.jar:9.1.0]
	at com.mysql.cj.protocol.a.NativeSocketConnection.connect(NativeSocketConnection.java:53) ~[mysql-connector-j-9.1.0.jar:9.1.0]
	... 56 common frames omitted

